ticker_base;ticker_b3_11;fundo_b3;razao_social_b3;duplicidade_ticker_b3;match_metodo;match_score;confianca;id_registro_fundo;cnpj_fundo;codigo_cvm_fundo;tipo_fundo_cvm;denominacao_fundo_cvm;situacao_fundo_cvm;data_registro_fundo;data_cancelamento_fundo;administrador_fundo;gestor_fundo;patrimonio_liq_fundo_cadastro;data_patrimonio_fundo_cadastro;id_registro_classe;cnpj_classe;codigo_cvm_classe;tipo_classe_cvm;denominacao_classe_cvm;situacao_classe_cvm;classificacao_classe;forma_condominio_classe;publico_alvo_classe;patrimonio_liq_classe_cadastro;data_patrimonio_classe_cadastro;auditor_classe;custodiante_classe;cad_fi_match_metodo;cad_fi_cnpj;cad_fi_situacao;cad_fi_classe_anbima;inf_diario_dt_competencia;inf_diario_vl_total;inf_diario_vl_quota;inf_diario_vl_patrim_liq;inf_diario_captc_dia;inf_diario_resg_dia;inf_diario_nr_cotistas;observacao_pendencia
ADSH;ADSH11;FII ADSH;AD SHOPPING FUNDO DE INVESTIMENTO IMOBILIÁRIO RESPONSABILIDADE LIMITADA;NÃO;classe_exata;1.0;Alta;2250;63.375.304/0001-53;325222;FII;AD SHOPPING FUNDO DE INVESTIMENTO IMOBILIÁRIO RESPONSABILIDADE LIMITADA;Em Funcionamento Normal;2025-10-27;;OLIVEIRA TRUST DTVM S.A.;CAPITANIA CAPITAL S.A.;;;35276;63.375.304/0001-53;13600;Classes de Cotas de Fundos FII;AD SHOPPING FUNDO DE INVESTIMENTO IMOBILIÁRIO RESPONSABILIDADE LIMITADA;Em Funcionamento Normal;;Fechado;;466696777.25;2026-03-31;PRICEWATERHOUSECOOPERS AUDITORES INDEPENDENTES LTDA.;OLIVEIRA TRUST DTVM S.A.;;;;;;;;;;;;sem_inf_diario_202605
AFHI;AFHI11;FII AFHI CRI;AF INVEST CRI FUNDO DE INVESTIMENTO IMOBILIÁRIO RECEBÍVEIS IMOBILIÁRIOS RESPONSABILIDADE LIMITADA;NÃO;classe_exata;1.0;Alta;1197;36.642.293/0001-58;320100;FII;AF INVEST CRI FUNDO DE INVESTIMENTO IMOBILIÁRIO RECEBÍVEIS IMOBILIÁRIOS RESPONSABILIDADE LIMITADA;Em Funcionamento Normal;2020-10-20;;BTG PACTUAL SERVIÇOS FINANCEIROS S/A DTVM;AF INVEST REAL ESTATE ADMINISTRAÇÃO DE RECURSOS LTDA;430040925.86;2025-04-30;34497;36.642.293/0001-58;5380;Classes de Cotas de Fundos FII;AF INVEST CRI FUNDO DE INVESTIMENTO IMOBILIÁRIO RECEBÍVEIS IMOBILIÁRIOS RESPONSABILIDADE LIMITADA;Em Funcionamento Normal;;Fechado;;455471231.44;2026-03-31;PRICEWATERHOUSECOOPERS AUDITORES INDEPENDENTES LTDA.;BANCO BTG PACTUAL S/A;;;;;;;;;;;;sem_inf_diario_202605
AFHF;AFHF11;FII AFHF;AF INVEST REAL ESTATE MULTIESTRATÉGIA FUNDO DE INVESTIMENTO IMOBILIÁRIO - RESPONSABILIDADE LIMITADA;NÃO;classe_exata;1.0;Alta;2068;60.077.386/0001-61;325041;FII;AF INVEST REAL ESTATE MULTIESTRATÉGIA FUNDO DE INVESTIMENTO IMOBILIÁRIO - RESPONSABILIDADE LIMITADA;Em Funcionamento Normal;2025-03-25;;BANCO DAYCOVAL S.A.;AF INVEST REAL ESTATE ADMINISTRAÇÃO DE RECURSOS LTDA;;;35109;60.077.386/0001-61;4456;Classes de Cotas de Fundos FII;AF INVEST REAL ESTATE MULTIESTRATÉGIA FUNDO DE INVESTIMENTO IMOBILIÁRIO - RESPONSABILIDADE LIMITADA;Em Funcionamento Normal;;Fechado;;51159826.16;2026-03-31;ERNST & YOUNG AUDITORES INDEPENDENTES S/S LTDA.;BANCO DAYCOVAL S.A.;;;;;;;;;;;;sem_inf_diario_202605
ATWN;ATWN11;FII A TOWN;AIRPORT TOWN FUNDO DE INVESTIMENTO IMOBILIARIO - FII;NÃO;classe_exata;1.0;Alta;911;27.773.327/0001-52;317074;FII;AIRPORT TOWN FUNDO DE INVESTIMENTO IMOBILIARIO - FII;Em Funcionamento Normal;2017-09-22;;ID CORRETORA DE TITULOS E VALORES MOBILIARIOS S.A.;GIAA Investimentos Gestora de Recursos Ltda.;337161064.34;2025-05-31;34309;27.773.327/0001-52;9954;Classes de Cotas de Fundos FII;AIRPORT TOWN FUNDO DE INVESTIMENTO IMOBILIARIO - FII;Em Funcionamento Normal;;Fechado;;326047969.47;2026-03-31;NOVA MASTER AUDITORES INDEPENDENTES;;;;;;;;;;;;;sem_inf_diario_202605
AJFI;AJFI11;FII AJ MALLS;AJ MALLS FUNDO DE INVESTIMENTO IMOBILIÁRIO RESPONSABILIDADE LIMITADA;NÃO;classe_exata;1.0;Alta;1671;51.472.985/0001-99;323076;FII;AJ MALLS FUNDO DE INVESTIMENTO IMOBILIÁRIO RESPONSABILIDADE LIMITADA;Em Funcionamento Normal;2023-07-18;;XP INVESTIMENTOS CCTVM S.A.;CAPITANIA CAPITAL S.A.;384542682.67;2025-05-31;34809;51.472.985/0001-99;12033;Classes de Cotas de Fundos FII;AJ MALLS FUNDO DE INVESTIMENTO IMOBILIÁRIO RESPONSABILIDADE LIMITADA;Em Funcionamento Normal;;Fechado;;372202311.34;2026-03-31;ERNST & YOUNG AUDITORES INDEPENDENTES S/S LTDA.;OLIVEIRA TRUST DTVM S.A.;;;;;;;;;;;;sem_inf_diario_202605
ALZC;ALZC11;FII ALIANZAC;ALIANZA CRÉDITO IMOBILIÁRIO FUNDO DE INVESTIMENTO IMOBILIÁRIO RESPONSABILIDADE LIMITADA;NÃO;classe_exata;1.0;Alta;1278;40.011.324/0001-40;321072;FII;ALIANZA CRÉDITO IMOBILIÁRIO FUNDO DE INVESTIMENTO IMOBILIÁRIO RESPONSABILIDADE LIMITADA;Em Funcionamento Normal;2021-06-16;;BTG PACTUAL SERVIÇOS FINANCEIROS S/A DTVM;ALIANZA GESTÃO DE RECURSOS LTDA;195840861.90;2025-03-31;34551;40.011.324/0001-40;5053;Classes de Cotas de Fundos FII;ALIANZA CRÉDITO IMOBILIÁRIO FUNDO DE INVESTIMENTO IMOBILIÁRIO RESPONSABILIDADE LIMITADA;Em Funcionamento Normal;;Fechado;;182987415.91;2026-03-31;ERNST & YOUNG AUDITORES INDEPENDENTES S/S LTDA.;BANCO BTG PACTUAL S/A;nome_exato;43.009.201/0001-62;CANCELADA;;;;;;;;;sem_inf_diario_202605
MTOF;MTOF11;FII MULT OF1;ALIANZA MULTIOFFICES - FUNDO DE INVESTIMENTO IMOBILIÁRIO - RESPONSABILIDADE LIMITADA;NÃO;classe_exata;1.0;Alta;791;22.862.226/0001-34;319077;FII;ALIANZA MULTIOFFICES - FUNDO DE INVESTIMENTO IMOBILIÁRIO - RESPONSABILIDADE LIMITADA;Em Funcionamento Normal;2019-11-18;;OLIVEIRA TRUST DTVM S.A.;ALIANZA GESTÃO DE RECURSOS LTDA;133669743.78;2025-05-31;34253;22.862.226/0001-34;8010;Classes de Cotas de Fundos FII;ALIANZA MULTIOFFICES - FUNDO DE INVESTIMENTO IMOBILIÁRIO - RESPONSABILIDADE LIMITADA;Em Funcionamento Normal;;Fechado;;85226807.55;2026-03-31;BDO RCS AUDITORES INDEPENDENTES - SOCIEDADE SIMPLES LIMITADA;OLIVEIRA TRUST DTVM S.A.;;;;;;;;;;;;sem_inf_diario_202605
ALZR;ALZR11;FII ALIANZA;ALIANZA TRUST RENDA IMOBILIÁRIA - FUNDO DE INVESTIMENTO IMOBILIÁRIO RESPONSABILIDADE LIMITADA;NÃO;classe_exata;1.0;Alta;942;28.737.771/0001-85;317081;FII;ALIANZA TRUST RENDA IMOBILIÁRIA - FUNDO DE INVESTIMENTO IMOBILIÁRIO RESPONSABILIDADE LIMITADA;Em Funcionamento Normal;2017-10-20;;BTG PACTUAL SERVIÇOS FINANCEIROS S/A DTVM;ALIANZA GESTÃO DE RECURSOS LTDA;1274128693.80;2025-04-30;34323;28.737.771/0001-85;6270;Classes de Cotas de Fundos FII;ALIANZA TRUST RENDA IMOBILIÁRIA - FUNDO DE INVESTIMENTO IMOBILIÁRIO RESPONSABILIDADE LIMITADA;Em Funcionamento Normal;;Fechado;;1486717530.70;2026-03-31;ERNST & YOUNG AUDITORES INDEPENDENTES S/S LTDA.;BANCO BTG PACTUAL S/A;;;;;;;;;;;;sem_inf_diario_202605
AURB;AURB11;FII ALI URB;ALIANZA URBAN HUB RENDA FUNDO DE INVESTIMENTO IMOBILIÁRIO RESPONSABILIDADE LIMITADA;NÃO;classe_exata;1.0;Alta;1320;41.076.823/0001-88;321186;FII;ALIANZA URBAN HUB RENDA FUNDO DE INVESTIMENTO IMOBILIÁRIO RESPONSABILIDADE LIMITADA;Em Funcionamento Normal;2021-12-14;;BTG PACTUAL SERVIÇOS FINANCEIROS S/A DTVM;ALIANZA GESTÃO DE RECURSOS LTDA;65408945.40;2025-04-30;34576;41.076.823/0001-88;6432;Classes de Cotas de Fundos FII;ALIANZA URBAN HUB RENDA FUNDO DE INVESTIMENTO IMOBILIÁRIO RESPONSABILIDADE LIMITADA;Em Funcionamento Normal;;Fechado;;87859996.94;2026-03-31;ERNST & YOUNG AUDITORES INDEPENDENTES S/S LTDA.;BANCO BTG PACTUAL S/A;;;;;;;;;;;;sem_inf_diario_202605
APXM;APXM11;FII APEX MS;APEX MALLS FUNDO DE INVESTIMENTO IMOBILIÁRIO RESPONSABILIDADE LIMITADA;NÃO;classe_exata;1.0;Alta;1433;43.010.485/0001-07;322091;FII;APEX MALLS FUNDO DE INVESTIMENTO IMOBILIÁRIO RESPONSABILIDADE LIMITADA;Em Funcionamento Normal;2022-07-19;;BTG PACTUAL SERVIÇOS FINANCEIROS S/A DTVM;BRM CARBYNE GESTÃO DE RECURSOS LTDA.;349217182.13;2025-03-31;34645;43.010.485/0001-07;5177;Classes de Cotas de Fundos FII;APEX MALLS FUNDO DE INVESTIMENTO IMOBILIÁRIO RESPONSABILIDADE LIMITADA;Em Funcionamento Normal;;Fechado;;298530306.82;2026-03-31;;BANCO BTG PACTUAL S/A;;;;;;;;;;;;sem_inf_diario_202605
APXU;APXU11;FII APXU;APEX URB FUNDO DE INVESTIMENTO IMOBILIÁRIO RESPONSABILIDADE LIMITADA;NÃO;classe_exata;1.0;Alta;1733;52.521.137/0001-95;323138;FII;APEX URB FUNDO DE INVESTIMENTO IMOBILIÁRIO RESPONSABILIDADE LIMITADA;Em Funcionamento Normal;2023-10-13;;BTG PACTUAL SERVIÇOS FINANCEIROS S/A DTVM;BRM CARBYNE GESTÃO DE RECURSOS LTDA.;8979090.11;2024-09-30;34847;52.521.137/0001-95;35;Classes de Cotas de Fundos FII;APEX URB FUNDO DE INVESTIMENTO IMOBILIÁRIO RESPONSABILIDADE LIMITADA;Em Funcionamento Normal;;Fechado;;7632031.01;2026-03-31;ERNST & YOUNG AUDITORES INDEPENDENTES S/S LTDA.;BANCO BTG PACTUAL S/A;;;;;;;;;;;;sem_inf_diario_202605
AIEC;AIEC11;FII AUTONOMY;ARCH EDIFÍCIOS CORPORATIVOS FUNDO DE INVESTIMENTO IMOBILIÁRIO - RESPONSABILIDADE LIMITADA;NÃO;classe_exata;1.0;Alta;1154;35.765.826/0001-26;320005;FII;ARCH EDIFÍCIOS CORPORATIVOS FUNDO DE INVESTIMENTO IMOBILIÁRIO - RESPONSABILIDADE LIMITADA;Em Funcionamento Normal;2020-01-22;;MAF DISTRIBUIDORA DE TITULOS E VALORES MOBILIARIOS S.A.;ARCH CAPITAL LTDA.;374698865.84;2025-05-31;34466;35.765.826/0001-26;8052;Classes de Cotas de Fundos FII;ARCH EDIFÍCIOS CORPORATIVOS FUNDO DE INVESTIMENTO IMOBILIÁRIO - RESPONSABILIDADE LIMITADA;Em Funcionamento Normal;;Fechado;;366252503.18;2026-03-31;KPMG AUDITORES INDEPENDENTES LTDA.;MAF DISTRIBUIDORA DE TITULOS E VALORES MOBILIARIOS S.A.;;;;;;;;;;;;sem_inf_diario_202605
AVUR;AVUR11;FII AVUR;ARCH VANGUARDA UNIDADES RESIDENCIAIS FUNDO DE INVESTIMENTO IMOBILIÁRIO RESPONSABILIDADE LIMITADA;NÃO;classe_exata;1.0;Alta;1939;57.109.239/0001-11;324150;FII;ARCH VANGUARDA UNIDADES RESIDENCIAIS FUNDO DE INVESTIMENTO IMOBILIÁRIO RESPONSABILIDADE LIMITADA;Em Funcionamento Normal;2024-09-02;;BANCO DAYCOVAL S.A.;ARCH CAPITAL LTDA.;;;35004;57.109.239/0001-11;2402;Classes de Cotas de Fundos FII;ARCH VANGUARDA UNIDADES RESIDENCIAIS FUNDO DE INVESTIMENTO IMOBILIÁRIO RESPONSABILIDADE LIMITADA;Em Funcionamento Normal;;;;25006715.08;2026-03-31;PRICEWATERHOUSECOOPERS AUDITORES INDEPENDENTES LTDA.;BANCO DAYCOVAL S.A.;;;;;;;;;;;;sem_inf_diario_202605
AROA;AROA11;FII AROA;AROEIRA 333 RENDA LOGÍSTICA FUNDO DE INVESTIMENTO IMOBILIÁRIO RESPONSABILIDADE LIMITADA;NÃO;classe_exata;1.0;Alta;1502;44.674.528/0001-11;322039;FII;AROEIRA 333 RENDA LOGÍSTICA FUNDO DE INVESTIMENTO IMOBILIÁRIO RESPONSABILIDADE LIMITADA;Em Funcionamento Normal;2022-04-19;;VORTX DISTRIBUIDORA DE TITULOS E VALORES MOBILIARIOS LTDA.;SONATA GESTORA DE RECURSOS LTDA;160064820.46;2025-05-31;34691;44.674.528/0001-11;11509;Classes de Cotas de Fundos FII;AROEIRA 333 RENDA LOGÍSTICA FUNDO DE INVESTIMENTO IMOBILIÁRIO RESPONSABILIDADE LIMITADA;Em Funcionamento Normal;;Fechado;;158933919.39;2026-03-31;TATICCA AUDITORES INDEPENDENTES S.S. - EPP;VORTX DISTRIBUIDORA DE TITULOS E VALORES MOBILIARIOS LTDA.;;;;;;;;;;;;sem_inf_diario_202605
EIRA;EIRA11;FII EIRA;AROEIRA FUNDO DE INVESTIMENTO IMOBILIÁRIO - RESPONSABILIDADE LIMITADA;NÃO;classe_exata;1.0;Alta;2045;59.202.651/0001-07;325017;FII;AROEIRA FUNDO DE INVESTIMENTO IMOBILIÁRIO - RESPONSABILIDADE LIMITADA;Em Funcionamento Normal;2025-01-30;;QI CORRETORA DE TÍTULOS E VALORES MOBILIÁRIOS S.A.;AROEIRA ASSET GESTÃO DE RECURSOS LTDA;;;35090;59.202.651/0001-07;3913;Classes de Cotas de Fundos FII;AROEIRA FUNDO DE INVESTIMENTO IMOBILIÁRIO - RESPONSABILIDADE LIMITADA;Em Funcionamento Normal;;Fechado;;35979992.02;2026-03-31;NEXT AUDITORES INDEPENDENTES S/S LTDA.;QI CORRETORA DE TÍTULOS E VALORES MOBILIÁRIOS S.A.;;;;;;;;;;;;sem_inf_diario_202605
ARTE;ARTE11;FII ARTE;ÁRTEMIS FUNDO DE INVESTIMENTO IMOBILIÁRIO RESPONSABILIDADE LIMITADA;NÃO;classe_exata;1.0;Alta;1772;53.193.237/0001-00;323180;FII;ÁRTEMIS FUNDO DE INVESTIMENTO IMOBILIÁRIO RESPONSABILIDADE LIMITADA;Em Funcionamento Normal;2023-12-13;;BTG PACTUAL SERVIÇOS FINANCEIROS S/A DTVM;ÁRTEMIS GESTÃO DE RECURSOS LTDA.;67073732.94;2024-09-30;34882;53.193.237/0001-00;507;Classes de Cotas de Fundos FII;ÁRTEMIS FUNDO DE INVESTIMENTO IMOBILIÁRIO RESPONSABILIDADE LIMITADA;Em Funcionamento Normal;;Fechado;;98849530.14;2026-03-31;UHY BENDORAYTES & CIA AUDITORES INDEPENDENTES;BANCO BTG PACTUAL S/A;nome_exato;07.358.133/0001-83;CANCELADA;;;;;;;;;sem_inf_diario_202605
ARXD;ARXD11;FII ARXD R;ARX DOVER RECEBÍVEIS FUNDO DE INVESTIMENTO IMOBILIÁRIO DE RESPONSABILIDADE LIMITADA;NÃO;classe_exata;1.0;Alta;1488;44.527.494/0001-32;322076;FII;ARX DOVER RECEBÍVEIS FUNDO DE INVESTIMENTO IMOBILIÁRIO DE RESPONSABILIDADE LIMITADA;Em Funcionamento Normal;2022-06-02;;HEDGE INVESTMENTS DISTRIBUIDORA DE TÍTULOS E VALORES MOBILIÁRIOS LTDA.;ARX INVESTIMENTOS LTDA;82725325.77;2025-05-31;34683;44.527.494/0001-32;8397;Classes de Cotas de Fundos FII;ARX DOVER RECEBÍVEIS FUNDO DE INVESTIMENTO IMOBILIÁRIO DE RESPONSABILIDADE LIMITADA;Em Funcionamento Normal;;Fechado;;79542207.16;2026-03-31;GRANT THORNTON AUDITORES INDEPENDENTES LTDA.;HEDGE INVESTMENTS DISTRIBUIDORA DE TÍTULOS E VALORES MOBILIÁRIOS LTDA.;;;;;;;;;;;;sem_inf_diario_202605
AZPE;AZPE11;FII AZPE;AZ QUEST PANORAMA CRÉDITO ESTRUTURADO FUNDO DE INVESTIMENTO IMOBILIÁRIO DE RESPONSABILIDADE LIMITADA;NÃO;classe_exata;1.0;Alta;1905;55.985.307/0001-80;324116;FII;AZ QUEST PANORAMA CRÉDITO ESTRUTURADO FUNDO DE INVESTIMENTO IMOBILIÁRIO DE RESPONSABILIDADE LIMITADA;Em Funcionamento Normal;2024-07-18;;BANCO DAYCOVAL S.A.;AZ QUEST PANORAMA LTDA.;70154733.72;2024-09-30;34977;55.985.307/0001-80;2054;Classes de Cotas de Fundos FII;AZ QUEST PANORAMA CRÉDITO ESTRUTURADO FUNDO DE INVESTIMENTO IMOBILIÁRIO DE RESPONSABILIDADE LIMITADA;Em Funcionamento Normal;;Fechado;;125208959.76;2026-03-31;RSM BRASIL AUDITORES INDEPENDENTES LTDA.;BANCO DAYCOVAL S.A.;;;;;;;;;;;;sem_inf_diario_202605
AZPL;AZPL11;FII AZPL;AZ QUEST PANORAMA LOGÍSTICA FUNDO DE INVESTIMENTO IMOBILIÁRIO - RESPONSABILIDADE LIMITADA;NÃO;classe_exata;1.0;Alta;1699;51.890.054/0001-00;323103;FII;AZ QUEST PANORAMA LOGÍSTICA FUNDO DE INVESTIMENTO IMOBILIÁRIO - RESPONSABILIDADE LIMITADA;Em Funcionamento Normal;2023-08-21;;BANCO DAYCOVAL S.A.;AZ QUEST PANORAMA LTDA.;180094907.84;2024-09-30;34825;51.890.054/0001-00;1031;Classes de Cotas de Fundos FII;AZ QUEST PANORAMA LOGÍSTICA FUNDO DE INVESTIMENTO IMOBILIÁRIO - RESPONSABILIDADE LIMITADA;Em Funcionamento Normal;;Fechado;;360336465.14;2026-03-31;RSM BRASIL AUDITORES INDEPENDENTES LTDA.;BANCO DAYCOVAL S.A.;;;;;;;;;;;;sem_inf_diario_202605
AZSG;AZSG11;FII AZSG;AZ SOLARGRID RENDA  SOLAR FUNDO DE INVESTIMENTO IMOBILIÁRIO RESPONSABILIDADE  LIMITADA;NÃO;classe_exata;1.0;Alta;2373;65.782.151/0001-94;326048;FII;AZ SOLARGRID RENDA  SOLAR FUNDO DE INVESTIMENTO IMOBILIÁRIO RESPONSABILIDADE  LIMITADA;Em Funcionamento Normal;2026-03-19;;XP INVESTIMENTOS CCTVM S.A.;AZ QUEST INFRA LTDA.;;;35399;65.782.151/0001-94;15261;Classes de Cotas de Fundos FII;AZ SOLARGRID RENDA  SOLAR FUNDO DE INVESTIMENTO IMOBILIÁRIO RESPONSABILIDADE  LIMITADA;Em Funcionamento Normal;;Fechado;;;;;OLIVEIRA TRUST DTVM S.A.;;;;;;;;;;;;sem_inf_diario_202605
CEBB;CEBB11;FII CEBB;BALTIMORE FUNDO DE INVESTIMENTO IMOBILIÁRIO DE RESPONSABILIDADE LIMITADA;NÃO;classe_exata;1.0;Alta;1923;56.304.155/0001-76;324134;FII;BALTIMORE FUNDO DE INVESTIMENTO IMOBILIÁRIO DE RESPONSABILIDADE LIMITADA;Em Funcionamento Normal;2024-08-06;;BANCO DAYCOVAL S.A.;CY.CAPITAL GESTORA DE RECURSOS LTDA.;1370172.75;2024-09-30;34991;56.304.155/0001-76;2232;Classes de Cotas de Fundos FII;BALTIMORE FUNDO DE INVESTIMENTO IMOBILIÁRIO DE RESPONSABILIDADE LIMITADA;Em Funcionamento Normal;;Fechado;;35488025.18;2026-03-31;PRICEWATERHOUSECOOPERS AUDITORES INDEPENDENTES LTDA.;BANCO DAYCOVAL S.A.;;;;;;;;;;;;sem_inf_diario_202605
BCRI;BCRI11;FII BEES CRI;BANESTES RECEBÍVEIS  IMOBILIÁRIOS FUNDO DE INVESTIMENTO IMOBILIÁRIO - FII - RESPONSABILIDADE LIMITAD;NÃO;classe_exata;1.0;Alta;783;22.219.335/0001-38;315014;FII;BANESTES RECEBÍVEIS  IMOBILIÁRIOS FUNDO DE INVESTIMENTO IMOBILIÁRIO - FII - RESPONSABILIDADE LIMITAD;Em Funcionamento Normal;2015-06-30;;BRL TRUST DISTRIBUIDORA DE TITULOS E VALORES MOBILIARIOS S.A.;BANESTES DISTRIBUIDORA DE TÍTULOS E VALORES MOBILIÁRIOS S.A.;541846352.43;2025-05-31;34248;22.219.335/0001-38;6220;Classes de Cotas de Fundos FII;BANESTES RECEBÍVEIS  IMOBILIÁRIOS FUNDO DE INVESTIMENTO IMOBILIÁRIO - FII - RESPONSABILIDADE LIMITAD;Em Funcionamento Normal;;Fechado;;533542183.17;2026-03-31;BAKER TILLY 4PARTNERS AUDITORES INDEPENDENTES LTDA.;BRL TRUST DISTRIBUIDORA DE TITULOS E VALORES MOBILIARIOS S.A.;;;;;;;;;;;;sem_inf_diario_202605
BNFS;BNFS11;FII BANRISUL;BANRISUL NOVAS FRONTEIRAS FUNDO DE INVESTIMENTO IMOBILIARIO - RESPONSABILIDADE LIMITADA;NÃO;classe_exata;1.0;Alta;616;15.570.431/0001-60;312027;FII;BANRISUL NOVAS FRONTEIRAS FUNDO DE INVESTIMENTO IMOBILIARIO - RESPONSABILIDADE LIMITADA;Em Funcionamento Normal;2012-09-11;;OLIVEIRA TRUST DTVM S.A.;OLIVEIRA TRUST DTVM S.A.;54410086.01;2025-04-30;34156;15.570.431/0001-60;5754;Classes de Cotas de Fundos FII;BANRISUL NOVAS FRONTEIRAS FUNDO DE INVESTIMENTO IMOBILIARIO - RESPONSABILIDADE LIMITADA;Em Funcionamento Normal;;Fechado;;48835392.92;2026-03-31;PRICEWATERHOUSECOOPERS AUDITORES INDEPENDENTES LTDA.;OLIVEIRA TRUST DTVM S.A.;;;;;;;;;;;;sem_inf_diario_202605
BTML;BTML11;FII BR MALLS;BARRA MALLS FUNDO DE INVESTIMENTO IMOBILIÁRIO;NÃO;classe_exata;1.0;Alta;1186;36.501.210/0001-00;321105;FII;BARRA MALLS FUNDO DE INVESTIMENTO IMOBILIÁRIO;Em Funcionamento Normal;2021-08-11;;RJI CORRETORA DE TÍTULOS E VALORES MOBILIÁRIOS LTDA.;;130752081.21;2025-05-31;34490;36.501.210/0001-00;11169;Classes de Cotas de Fundos FII;BARRA MALLS FUNDO DE INVESTIMENTO IMOBILIÁRIO;Em Funcionamento Normal;;Fechado;;146195063.34;2026-04-30;AUDIPEC AUDITORIA E PERÍCIA CONTÁBIL S/S;RJI CORRETORA DE TÍTULOS E VALORES MOBILIÁRIOS LTDA.;nome_fuzzy_0.84;10.519.343/0001-10;CANCELADA;;;;;;;;;sem_inf_diario_202605
BZEL;BZEL11;FII BARZEL;BARZEL CD1 FUNDO DE INVESTIMENTO IMOBILIARIO RESPONSABILIDADE LIMITADA;NÃO;classe_exata;1.0;Alta;1126;35.507.610/0001-60;320030;FII;BARZEL CD1 FUNDO DE INVESTIMENTO IMOBILIARIO RESPONSABILIDADE LIMITADA;Em Funcionamento Normal;2020-04-14;;OURIBANK S.A. BANCO MULTIPLO;BARZEL PROPERTIES GESTORA DE RECURSOS LTDA.;514308855.10;2024-12-31;34447;35.507.610/0001-60;3808;Classes de Cotas de Fundos FII;BARZEL CD1 FUNDO DE INVESTIMENTO IMOBILIARIO RESPONSABILIDADE LIMITADA;Em Funcionamento Normal;;Fechado;;526020165.10;2026-03-31;ERNST & YOUNG AUDITORES INDEPENDENTES S/S LTDA.;OURIBANK S.A. BANCO MULTIPLO;;;;;;;;;;;;sem_inf_diario_202605
BPDR;BPDR11;FII BPDR;BASÍLICA PARTNERS GDR FUNDO DE INVESTIMENTO IMOBILIÁRIO FII RESPONSABILIDADE LIMITADA;NÃO;classe_exata;1.0;Alta;1906;55.985.359/0001-57;324117;FII;BASÍLICA PARTNERS GDR FUNDO DE INVESTIMENTO IMOBILIÁRIO FII RESPONSABILIDADE LIMITADA;Fase Pré-Operacional;2024-07-18;;BANCO DAYCOVAL S.A.;DAYCOVAL ASSET MANAGEMENT ADMINISTRACAO DE RECURSOS LTDA;;;34978;55.985.359/0001-57;2062;Classes de Cotas de Fundos FII;BASÍLICA PARTNERS GDR FUNDO DE INVESTIMENTO IMOBILIÁRIO FII RESPONSABILIDADE LIMITADA;Fase Pré-Operacional;;Fechado;;;;PRICEWATERHOUSECOOPERS AUDITORES INDEPENDENTES LTDA.;BANCO DAYCOVAL S.A.;;;;;;;;;;;;sem_inf_diario_202605
BPLC;BPLC11;FII BASILICA;BASÍLICA PARTNERS LED CORPORATE FUNDO DE INVESTIMENTO IMOBILIÁRIO FII;NÃO;classe_exata;1.0;Alta;930;28.267.555/0001-13;317057;FII;BASÍLICA PARTNERS LED CORPORATE FUNDO DE INVESTIMENTO IMOBILIÁRIO FII;Em Funcionamento Normal;2017-07-31;;BANCO DAYCOVAL S.A.;BASÍLICA PARTNERS LATIN AMERICA PRIVATE EQUITY LTDA.;328533893.90;2024-09-30;34316;28.267.555/0001-13;906;Classes de Cotas de Fundos FII;BASÍLICA PARTNERS LED CORPORATE FUNDO DE INVESTIMENTO IMOBILIÁRIO FII;Em Funcionamento Normal;;Fechado;;323335754.04;2026-03-31;RSM BRASIL AUDITORES INDEPENDENTES LTDA.;BANCO DAYCOVAL S.A.;;;;;;;;;;;;sem_inf_diario_202605
BPMW;BPMW11;FII BPMW;BASÍLICA PARTNERS MEDWELL FUNDO DE INVESTIMENTO IMOBILIÁRIO FII RESPONSABILIDADE LIMITADA;NÃO;classe_exata;1.0;Alta;1259;39.591.218/0001-01;322071;FII;BASÍLICA PARTNERS MEDWELL FUNDO DE INVESTIMENTO IMOBILIÁRIO FII RESPONSABILIDADE LIMITADA;Em Funcionamento Normal;2022-05-23;;BANCO DAYCOVAL S.A.;BASÍLICA PARTNERS LATIN AMERICA PRIVATE EQUITY LTDA.;17124744.73;2025-03-31;34541;39.591.218/0001-01;5240;Classes de Cotas de Fundos FII;BASÍLICA PARTNERS MEDWELL FUNDO DE INVESTIMENTO IMOBILIÁRIO FII RESPONSABILIDADE LIMITADA;Em Funcionamento Normal;;;;46254073.74;2026-03-31;RSM BRASIL AUDITORES INDEPENDENTES LTDA.;BANCO DAYCOVAL S.A.;;;;;;;;;;;;sem_inf_diario_202605
BBFO;BBFO11;FII BB FOF;BB FUNDO DE FUNDOS - FUNDO DE INVESTIMENTO IMOBILIÁRIO RESPONSABILIDADE LIMITADA;NÃO;classe_exata;1.0;Alta;1217;37.180.091/0001-02;320103;FII;BB FUNDO DE FUNDOS - FUNDO DE INVESTIMENTO IMOBILIÁRIO RESPONSABILIDADE LIMITADA;Em Funcionamento Normal;2020-10-26;;BB GESTAO DE RECURSOS DTVM S.A;BB GESTAO DE RECURSOS DTVM S.A;300154156.40;2025-05-31;34514;37.180.091/0001-02;10731;Classes de Cotas de Fundos FII;BB FUNDO DE FUNDOS - FUNDO DE INVESTIMENTO IMOBILIÁRIO RESPONSABILIDADE LIMITADA;Em Funcionamento Normal;;Fechado;;302432162.79;2026-03-31;DELOITTE TOUCHE TOHMATSU AUDITORES INDEPENDENTES LTDA.;BANCO DO BRASIL S.A.;;;;;;;;;;;;sem_inf_diario_202605
BBIG;BBIG11;FII BBIG;BB PREMIUM MALLS FUNDO DE INVESTIMENTO IMOBILIÁRIO DE RESPONSABILIDADE LIMITADA;NÃO;classe_exata;1.0;Alta;1836;54.375.187/0001-37;324047;FII;BB PREMIUM MALLS FUNDO DE INVESTIMENTO IMOBILIÁRIO DE RESPONSABILIDADE LIMITADA;Em Funcionamento Normal;2024-03-18;;BB GESTAO DE RECURSOS DTVM S.A;BB GESTAO DE RECURSOS DTVM S.A;961547228.21;2024-09-30;34928;54.375.187/0001-37;1260;Classes de Cotas de Fundos FII;BB PREMIUM MALLS FUNDO DE INVESTIMENTO IMOBILIÁRIO DE RESPONSABILIDADE LIMITADA;Em Funcionamento Normal;;Fechado;;946518286.36;2026-03-31;KPMG AUDITORES INDEPENDENTES LTDA.;BANCO DO BRASIL S.A.;;;;;;;;;;;;sem_inf_diario_202605
BBRC;BBRC11;FII BB CORP;BB RENDA CORPORATIVA FUNDO DE INVESTIMENTO IMOBILIÁRIO RESPONSABILIDADE LIMITADA;NÃO;classe_exata;1.0;Alta;528;12.681.340/0001-04;311018;FII;BB RENDA CORPORATIVA FUNDO DE INVESTIMENTO IMOBILIÁRIO RESPONSABILIDADE LIMITADA;Em Funcionamento Normal;2011-06-13;;BEM - DISTRIBUIDORA DE TITULOS E VALORES MOBILIARIOS LTDA.;TIVIO CAPITAL DISTRIBUIDORA DE TITULOS E VALORES MOBILIARIOS S.A.;166547565.28;2025-04-30;34106;12.681.340/0001-04;5967;Classes de Cotas de Fundos FII;BB RENDA CORPORATIVA FUNDO DE INVESTIMENTO IMOBILIÁRIO RESPONSABILIDADE LIMITADA;Em Funcionamento Normal;;Fechado;;166124108.97;2026-03-31;PRICEWATERHOUSECOOPERS AUDITORES INDEPENDENTES LTDA.;BANCO BRADESCO S.A.;;;;;;;;;;;;sem_inf_diario_202605
BINR;BINR11;FII BINR;BE IN RIO FUNDO DE INVESTIMENTO IMOBILIÁRIO - RESPONSABILIDADE LIMITADA;NÃO;classe_exata;1.0;Alta;1119;35.360.651/0001-77;319073;FII;BE IN RIO FUNDO DE INVESTIMENTO IMOBILIÁRIO - RESPONSABILIDADE LIMITADA;Em Funcionamento Normal;2019-11-07;;BRL TRUST DISTRIBUIDORA DE TITULOS E VALORES MOBILIARIOS S.A.;BRL TRUST DISTRIBUIDORA DE TITULOS E VALORES MOBILIARIOS S.A.;122535702.39;2024-12-31;34442;35.360.651/0001-77;4049;Classes de Cotas de Fundos FII;BE IN RIO FUNDO DE INVESTIMENTO IMOBILIÁRIO - RESPONSABILIDADE LIMITADA;Em Funcionamento Normal;;Fechado;;136440213.86;2026-03-31;KPMG AUDITORES INDEPENDENTES LTDA.;BRL TRUST DISTRIBUIDORA DE TITULOS E VALORES MOBILIARIOS S.A.;;;;;;;;;;;;sem_inf_diario_202605
BFCC;BFCC11;FII BFCC;BFC FUNDO DE INVESTIMENTO IMOBILIÁRIO;NÃO;classe_exata;1.0;Alta;1001;31.145.875/0001-05;318042;FII;BFC FUNDO DE INVESTIMENTO IMOBILIÁRIO;Em Funcionamento Normal;2018-09-12;;BANCO GENIAL S.A.;SAFRA ASSET CORRETORA DE TÍTULOS E VALORES MOBILIÁRIOS S.A.;380384786.51;2024-09-30;34367;31.145.875/0001-05;1619;Classes de Cotas de Fundos FII;BFC FUNDO DE INVESTIMENTO IMOBILIÁRIO;Em Funcionamento Normal;;;;832031084.51;2026-03-31;DELOITTE TOUCHE TOHMATSU AUDITORES INDEPENDENTES LTDA.;BANCO GENIAL S.A.;;;;;;;;;;;;sem_inf_diario_202605
BGRB;BGRB11;FII BGRB;BGR B32 FUNDO DE INVESTIMENTO IMOBILIÁRIO;NÃO;classe_exata;1.0;Alta;1943;57.216.258/0001-47;324154;FII;BGR B32 FUNDO DE INVESTIMENTO IMOBILIÁRIO;Em Funcionamento Normal;2024-09-09;;XP INVESTIMENTOS CCTVM S.A.;BGR ASSET MANAGEMENT LTDA;10021.57;2024-09-30;35007;57.216.258/0001-47;2445;Classes de Cotas de Fundos FII;BGR B32 FUNDO DE INVESTIMENTO IMOBILIÁRIO;Em Funcionamento Normal;;Fechado;;228577234.64;2026-03-31;ERNST & YOUNG AUDITORES INDEPENDENTES S/S LTDA.;OLIVEIRA TRUST DTVM S.A.;;;;;;;;;;;;sem_inf_diario_202605
BGRJ;BGRJ11;FII BGRJ;BGR CIDADE JARDIM FUNDO DE INVESTIMENTO IMOBILIÁRIO - RESPONSABILIDADE LIMITADA;NÃO;classe_exata;1.0;Alta;2303;63.941.672/0001-11;325276;FII;BGR CIDADE JARDIM FUNDO DE INVESTIMENTO IMOBILIÁRIO - RESPONSABILIDADE LIMITADA;Em Funcionamento Normal;2025-12-05;;XP INVESTIMENTOS CCTVM S.A.;BGR ASSET MANAGEMENT LTDA;;;35329;63.941.672/0001-11;14290;Classes de Cotas de Fundos FII;BGR CIDADE JARDIM FUNDO DE INVESTIMENTO IMOBILIÁRIO - RESPONSABILIDADE LIMITADA;Em Funcionamento Normal;;Fechado;;60690517.07;2026-03-31;ERNST & YOUNG AUDITORES INDEPENDENTES S/S LTDA.;OLIVEIRA TRUST DTVM S.A.;;;;;;;;;;;;sem_inf_diario_202605
BLOG;BLOG11;FII BLOG;BLUECAP LOG FUNDO DE INVESTIMENTO IMOBILIÁRIO;NÃO;classe_exata;1.0;Alta;1606;49.592.781/0001-40;323012;FII;BLUECAP LOG FUNDO DE INVESTIMENTO IMOBILIÁRIO;Em Funcionamento Normal;2023-02-14;;XP INVESTIMENTOS CCTVM S.A.;HCO GROUP S.A;346922775.80;2025-11-30;34757;49.592.781/0001-40;14729;Classes de Cotas de Fundos FII;BLUECAP LOG FUNDO DE INVESTIMENTO IMOBILIÁRIO;Em Funcionamento Normal;;Fechado;;346922775.80;2026-03-31;PRICEWATERHOUSECOOPERS AUDITORES INDEPENDENTES LTDA.;OLIVEIRA TRUST DTVM S.A.;;;;;;;;;;;;sem_inf_diario_202605
BLMG;BLMG11;FII BLUE LOG;BLUEMACAW FUNDO DE INVESTIMENTO IMOBILIÁRIO RESPONSABILIDADE LIMITADA;NÃO;classe_exata;1.0;Alta;1084;34.081.637/0001-71;319074;FII;BLUEMACAW FUNDO DE INVESTIMENTO IMOBILIÁRIO RESPONSABILIDADE LIMITADA;Em Funcionamento Normal;2019-11-13;;VORTX DISTRIBUIDORA DE TITULOS E VALORES MOBILIARIOS LTDA.;BLUEMACAW GESTORA DE RECURSOS LTDA.;300879899.22;2025-05-31;34422;34.081.637/0001-71;10502;Classes de Cotas de Fundos FII;BLUEMACAW FUNDO DE INVESTIMENTO IMOBILIÁRIO RESPONSABILIDADE LIMITADA;Em Funcionamento Normal;;Fechado;;220759848.11;2026-03-31;PRICEWATERHOUSECOOPERS AUDITORES INDEPENDENTES LTDA.;VORTX DISTRIBUIDORA DE TITULOS E VALORES MOBILIARIOS LTDA.;;;;;;;;;;;;sem_inf_diario_202605
BMLC;BMLC11;FII BMBRC LC;BM BRASCAN LAJES CORPORATIVAS FUNDO DE INVESTIMENTO IMOBILIÁRIO RESPONSABILIDADE LIMITADA;NÃO;classe_exata;1.0;Alta;583;14.376.247/0001-11;312001;FII;BM BRASCAN LAJES CORPORATIVAS FUNDO DE INVESTIMENTO IMOBILIÁRIO RESPONSABILIDADE LIMITADA;Em Funcionamento Normal;2012-01-10;;BTG PACTUAL SERVIÇOS FINANCEIROS S/A DTVM;ARGUCIA CAPITAL GESTÃO DE RECURSOS LTDA;105616935.23;2025-04-30;34136;14.376.247/0001-11;5746;Classes de Cotas de Fundos FII;BM BRASCAN LAJES CORPORATIVAS FUNDO DE INVESTIMENTO IMOBILIÁRIO RESPONSABILIDADE LIMITADA;Em Funcionamento Normal;;Fechado;;109704558.36;2026-03-31;ERNST & YOUNG AUDITORES INDEPENDENTES S/S LTDA.;;;;;;;;;;;;;sem_inf_diario_202605
BRSE;BRSE11;FII BR7 SENA;BR7 SENADO FUNDO DE INVESTIMENTO IMOBILIÁRIO;NÃO;classe_exata;1.0;Alta;1310;40.944.736/0001-32;321090;FII;BR7 SENADO FUNDO DE INVESTIMENTO IMOBILIÁRIO;Em Funcionamento Normal;2021-07-28;;OSLO CAPITAL DISTRIBUIDORA DE TITULOS E VALORES MOBILIARIOS S.A.;FRAM CAPITAL GESTÃO DE ATIVOS LTDA.;9862092.53;2025-05-31;34571;40.944.736/0001-32;11096;Classes de Cotas de Fundos FII;BR7 SENADO FUNDO DE INVESTIMENTO IMOBILIÁRIO;Em Funcionamento Normal;;;;9357406.57;2026-03-31;PLANNERS AUDITORES INDEPENDENTES;OSLO CAPITAL DISTRIBUIDORA DE TITULOS E VALORES MOBILIARIOS S.A.;;;;;;;;;;;;sem_inf_diario_202605
BCIA;BCIA11;FII BCIA;BRADESCO CARTEIRA IMOBILIÁRIA ATIVA - FUNDO DE FUNDOS DE INVESTIMENTO IMOBILIÁRIO - FII;NÃO;classe_exata;1.0;Alta;742;20.216.935/0001-17;315009;FII;BRADESCO CARTEIRA IMOBILIÁRIA ATIVA - FUNDO DE FUNDOS DE INVESTIMENTO IMOBILIÁRIO - FII;Em Funcionamento Normal;2015-05-19;;BANCO BRADESCO S.A.;BANCO BRADESCO S.A.;343757405.24;2025-02-28;34226;20.216.935/0001-17;4324;Classes de Cotas de Fundos FII;BRADESCO CARTEIRA IMOBILIÁRIA ATIVA - FUNDO DE FUNDOS DE INVESTIMENTO IMOBILIÁRIO - FII;Em Funcionamento Normal;;Fechado;;383865368.69;2026-03-31;KPMG AUDITORES INDEPENDENTES LTDA.;BANCO BRADESCO S.A.;;;;;;;;;;;;sem_inf_diario_202605
BVAR;BVAR11;FII B VAREJO;BRASIL VAREJO FUNDO DE INVESTIMENTO IMOBILIÁRIO RESPONSABILIDADE LIMITADA;NÃO;classe_exata;1.0;Alta;760;21.126.204/0001-43;314025;FII;BRASIL VAREJO FUNDO DE INVESTIMENTO IMOBILIÁRIO RESPONSABILIDADE LIMITADA;Em Funcionamento Normal;2014-10-27;;RIO BRAVO INVESTIMENTOS - DISTRIBUIDORA DE TITULOS E VALORES MOBILIARIOS LTDA;;496964322.09;2025-05-31;34234;21.126.204/0001-43;9601;Classes de Cotas de Fundos FII;BRASIL VAREJO FUNDO DE INVESTIMENTO IMOBILIÁRIO RESPONSABILIDADE LIMITADA;Em Funcionamento Normal;;Fechado;;441759731.36;2026-03-31;GRANT THORNTON AUDITORES INDEPENDENTES LTDA.;;;;;;;;;;;;;sem_inf_diario_202605
CARE;CARE11;FII DEA CARE;BRAZILIAN GRAVEYARD AND DEATH CARE SERVICES FUNDO DE INVESTIMENTO IMOBILIÁRIO - FII RESP LIMITADA;NÃO;classe_exata;1.0;Alta;559;13.584.584/0001-31;311036;FII;BRAZILIAN GRAVEYARD AND DEATH CARE SERVICES FUNDO DE INVESTIMENTO IMOBILIÁRIO - FII RESP LIMITADA;Em Funcionamento Normal;2011-12-12;;MERITO DISTRIBUIDORA DE TITULOS E VALORES MOBILIARIOS LTDA.;ZION GESTAO DE RECURSOS LTDA;250173286.08;2025-04-30;34124;13.584.584/0001-31;5975;Classes de Cotas de Fundos FII;BRAZILIAN GRAVEYARD AND DEATH CARE SERVICES FUNDO DE INVESTIMENTO IMOBILIÁRIO - FII RESP LIMITADA;Em Funcionamento Normal;;Fechado;;248344982.38;2026-03-31;UHY BENDORAYTES & CIA AUDITORES INDEPENDENTES;TRUSTEE DISTRIBUIDORA DE TITULOS E VALORES MOBILIARIOS LTDA.;;;;;;;;;;;;sem_inf_diario_202605
FATN;FATN11;FII ATHENA I;BRC RENDA CORPORATIVA FUNDO DE INVESTIMENTO IMOBILIÁRIO - RESPONSABILIDADE LIMITADA;NÃO;classe_exata;1.0;Alta;979;30.567.216/0001-02;318024;FII;BRC Renda Corporativa Fundo de Investimento Imobiliário - Responsabilidade Limitada;Em Funcionamento Normal;2018-05-29;;BR-CAPITAL DTVM S.A.;BR-CAPITAL DTVM S.A.;440823235.39;2025-05-31;34350;30.567.216/0001-02;10170;Classes de Cotas de Fundos FII;BRC Renda Corporativa Fundo de Investimento Imobiliário - Responsabilidade Limitada;Em Funcionamento Normal;;Fechado;;579688734.63;2026-03-31;RSM BRASIL AUDITORES INDEPENDENTES LTDA.;BR-CAPITAL DTVM S.A.;;;;;;;;;;;;sem_inf_diario_202605
RTEL;RTEL11;FII RTEL;BRC-II FUNDO DE INVESTIMENTO IMOBILIÁRIO - RESPONSABILIDADE LIMITADA;NÃO;classe_exata;1.0;Alta;1461;43.862.625/0001-75;321149;FII;BRC-II FUNDO DE INVESTIMENTO IMOBILIÁRIO - RESPONSABILIDADE LIMITADA;Em Funcionamento Normal;2021-10-14;;BR-CAPITAL DTVM S.A.;BR-CAPITAL DTVM S.A.;31632159.59;2025-05-31;34666;43.862.625/0001-75;11240;Classes de Cotas de Fundos FII;BRC-II FUNDO DE INVESTIMENTO IMOBILIÁRIO - RESPONSABILIDADE LIMITADA;Em Funcionamento Normal;;Fechado;;17812411.17;2026-03-31;ECOVIS WFA AUDITORES INDEPENDENTES S/S;;;;;;;;;;;;;sem_inf_diario_202605
BRCT;BRCT11;FII BRCT;BRC-III DESENVOLVIMENTO FUNDO DE INVESTIMENTO IMOBILIÁRIO - RESPONSABILIDADE LIMITADA;NÃO;classe_exata;1.0;Alta;1543;46.027.189/0001-07;322041;FII;BRC-III DESENVOLVIMENTO FUNDO DE INVESTIMENTO IMOBILIÁRIO - RESPONSABILIDADE LIMITADA;Em Funcionamento Normal;2022-04-26;;BR-CAPITAL DTVM S.A.;BR-CAPITAL DTVM S.A.;21832491.16;2025-05-31;34719;46.027.189/0001-07;11517;Classes de Cotas de Fundos FII;BRC-III DESENVOLVIMENTO FUNDO DE INVESTIMENTO IMOBILIÁRIO - RESPONSABILIDADE LIMITADA;Em Funcionamento Normal;;Fechado;;23444340.85;2026-03-31;RSM BRASIL AUDITORES INDEPENDENTES LTDA.;;nome_fuzzy_0.95;26.314.437/0001-93;CANCELADA;;;;;;;;;sem_inf_diario_202605
BRCD;BRCD11;FII BRCD;BRESCO DESENVOLVIMENTO FUNDO DE INVESTIMENTO IMOBILIÁRIO RESPONSABILIDADE LIMITADA;NÃO;classe_exata;1.0;Alta;1952;57.361.241/0001-83;324162;FII;BRESCO DESENVOLVIMENTO FUNDO DE INVESTIMENTO IMOBILIÁRIO RESPONSABILIDADE LIMITADA;Fase Pré-Operacional;2024-09-19;;OLIVEIRA TRUST DTVM S.A.;BRESCO INVESTIMENTOS E GESTÃO LTDA;;;35016;57.361.241/0001-83;2526;Classes de Cotas de Fundos FII;BRESCO DESENVOLVIMENTO FUNDO DE INVESTIMENTO IMOBILIÁRIO RESPONSABILIDADE LIMITADA;Fase Pré-Operacional;;Fechado;;;;PRICEWATERHOUSECOOPERS AUDITORES INDEPENDENTES LTDA.;OLIVEIRA TRUST DTVM S.A.;nome_fuzzy_0.88;26.314.437/0001-93;CANCELADA;;;;;;;;;sem_inf_diario_202605
BRCO;BRCO11;FII BRESCO;BRESCO LOGÍSTICA FUNDO DE INVESTIMENTO IMOBILIÁRIO RESPONSABILIDADE LIMITADA;NÃO;classe_exata;1.0;Alta;750;20.748.515/0001-81;316033;FII;BRESCO LOGÍSTICA FUNDO DE INVESTIMENTO IMOBILIÁRIO RESPONSABILIDADE LIMITADA;Em Funcionamento Normal;2016-07-13;;OLIVEIRA TRUST DTVM S.A.;BRESCO INVESTIMENTOS E GESTÃO LTDA;1891275643.49;2024-09-30;34229;20.748.515/0001-81;2712;Classes de Cotas de Fundos FII;BRESCO LOGÍSTICA FUNDO DE INVESTIMENTO IMOBILIÁRIO RESPONSABILIDADE LIMITADA;Em Funcionamento Normal;;Fechado;;2096006022.86;2026-03-31;PRICEWATERHOUSECOOPERS AUDITORES INDEPENDENTES LTDA.;OLIVEIRA TRUST DTVM S.A.;;;;;;;;;;;;sem_inf_diario_202605
BICE;BICE11;FII BRIO CRE;BRIO CRÉDITO ESTRUTURADO - FUNDO DE INVESTIMENTO IMOBILIÁRIO - RESPONSABILIDADE LIMITADA;NÃO;classe_exata;1.0;Alta;1253;39.332.032/0001-20;320096;FII;BRIO CRÉDITO ESTRUTURADO - FUNDO DE INVESTIMENTO IMOBILIÁRIO - RESPONSABILIDADE LIMITADA;Em Funcionamento Normal;2020-10-16;;BRL TRUST DISTRIBUIDORA DE TITULOS E VALORES MOBILIARIOS S.A.;BRIO INVESTIMENTOS LTDA.;141328928.01;2025-05-31;34539;39.332.032/0001-20;8656;Classes de Cotas de Fundos FII;BRIO CRÉDITO ESTRUTURADO - FUNDO DE INVESTIMENTO IMOBILIÁRIO - RESPONSABILIDADE LIMITADA;Em Funcionamento Normal;;Fechado;;149425180.47;2026-03-31;BAKER TILLY 4PARTNERS AUDITORES INDEPENDENTES LTDA.;BRL TRUST DISTRIBUIDORA DE TITULOS E VALORES MOBILIARIOS S.A.;;;;;;;;;;;;sem_inf_diario_202605
BIME;BIME11;FII BRIO ME;BRIO MULTIESTRATÉGIA - FUNDO DE INVESTIMENTO IMOBILIÁRIO RESPONSABILIDADE LIMITADA;NÃO;classe_exata;1.0;Alta;1326;41.081.356/0001-84;321077;FII;BRIO MULTIESTRATÉGIA - FUNDO DE INVESTIMENTO IMOBILIÁRIO RESPONSABILIDADE LIMITADA;Em Funcionamento Normal;2021-06-18;;BRL TRUST DISTRIBUIDORA DE TITULOS E VALORES MOBILIARIOS S.A.;BRIO INVESTIMENTOS LTDA.;49114285.42;2025-05-31;34580;41.081.356/0001-84;8699;Classes de Cotas de Fundos FII;BRIO MULTIESTRATÉGIA - FUNDO DE INVESTIMENTO IMOBILIÁRIO RESPONSABILIDADE LIMITADA;Em Funcionamento Normal;;Fechado;;49524273.87;2026-03-31;BAKER TILLY 4PARTNERS AUDITORES INDEPENDENTES LTDA.;BRL TRUST DISTRIBUIDORA DE TITULOS E VALORES MOBILIARIOS S.A.;;;;;;;;;;;;sem_inf_diario_202605
BRIM;BRIM11;FII BRIO II;BRIO REAL ESTATE II - FUNDO DE INVESTIMENTO IMOBILIÁRIO - RESPONSABILIDADE LIMITADA;NÃO;classe_exata;1.0;Alta;818;23.964.843/0001-03;316059;FII;BRIO REAL ESTATE II - FUNDO DE INVESTIMENTO IMOBILIÁRIO - RESPONSABILIDADE LIMITADA;Em Funcionamento Normal;2016-12-23;;BRL TRUST DISTRIBUIDORA DE TITULOS E VALORES MOBILIARIOS S.A.;BRIO INVESTIMENTOS LTDA.;56199528.26;2025-05-31;34270;23.964.843/0001-03;7897;Classes de Cotas de Fundos FII;BRIO REAL ESTATE II - FUNDO DE INVESTIMENTO IMOBILIÁRIO - RESPONSABILIDADE LIMITADA;Em Funcionamento Normal;;Fechado;;2943220.80;2026-03-31;BAKER TILLY 4PARTNERS AUDITORES INDEPENDENTES LTDA.;BRL TRUST DISTRIBUIDORA DE TITULOS E VALORES MOBILIARIOS S.A.;;;;;;;;;;;;sem_inf_diario_202605
BRIP;BRIP11;FII BRIO III;BRIO REAL ESTATE III - FUNDO DE INVESTIMENTO IMOBILIÁRIO - RESPONSABILIDADE LIMITADA;NÃO;classe_exata;1.0;Alta;1115;34.895.752/0001-80;320050;FII;BRIO REAL ESTATE III - FUNDO DE INVESTIMENTO IMOBILIÁRIO - RESPONSABILIDADE LIMITADA;Em Funcionamento Normal;2020-07-08;;BRL TRUST DISTRIBUIDORA DE TITULOS E VALORES MOBILIARIOS S.A.;BRIO INVESTIMENTOS LTDA.;154243450.00;2025-05-31;34440;34.895.752/0001-80;8095;Classes de Cotas de Fundos FII;BRIO REAL ESTATE III - FUNDO DE INVESTIMENTO IMOBILIÁRIO - RESPONSABILIDADE LIMITADA;Em Funcionamento Normal;;Fechado;;113241452.27;2026-03-31;BAKER TILLY 4PARTNERS AUDITORES INDEPENDENTES LTDA.;BRL TRUST DISTRIBUIDORA DE TITULOS E VALORES MOBILIARIOS S.A.;;;;;;;;;;;;sem_inf_diario_202605
BIPD;BIPD11;FII BRIO IV;BRIO REAL ESTATE IV - FUNDO DE INVESTIMENTO IMOBILIÁRIO - RESPONSABILIDADE LIMITADA;NÃO;classe_exata;1.0;Alta;1419;42.869.892/0001-01;322010;FII;BRIO REAL ESTATE IV - FUNDO DE INVESTIMENTO IMOBILIÁRIO - RESPONSABILIDADE LIMITADA;Em Funcionamento Normal;2022-02-08;;BRL TRUST DISTRIBUIDORA DE TITULOS E VALORES MOBILIARIOS S.A.;BRIO INVESTIMENTOS LTDA.;109020489.19;2025-05-31;34638;42.869.892/0001-01;8354;Classes de Cotas de Fundos FII;BRIO REAL ESTATE IV - FUNDO DE INVESTIMENTO IMOBILIÁRIO - RESPONSABILIDADE LIMITADA;Em Funcionamento Normal;;Fechado;;105124494.71;2026-03-31;ERNST & YOUNG AUDITORES INDEPENDENTES S/S LTDA.;BRL TRUST DISTRIBUIDORA DE TITULOS E VALORES MOBILIARIOS S.A.;;;;;;;;;;;;sem_inf_diario_202605
BIPE;BIPE11;FII BRIO V;BRIO REAL ESTATE V - FUNDO DE INVESTIMENTO IMOBILIÁRIO - RESPONSABILIDADE LIMITADA;NÃO;classe_exata;1.0;Alta;1693;51.817.522/0001-11;323097;FII;BRIO REAL ESTATE V - FUNDO DE INVESTIMENTO IMOBILIÁRIO - RESPONSABILIDADE LIMITADA;Em Funcionamento Normal;2023-08-15;;BRL TRUST DISTRIBUIDORA DE TITULOS E VALORES MOBILIARIOS S.A.;BRIO INVESTIMENTOS LTDA.;41723498.93;2025-05-31;34821;51.817.522/0001-11;12130;Classes de Cotas de Fundos FII;BRIO REAL ESTATE V - FUNDO DE INVESTIMENTO IMOBILIÁRIO - RESPONSABILIDADE LIMITADA;Em Funcionamento Normal;;Fechado;;93061036.67;2026-03-31;ERNST & YOUNG AUDITORES INDEPENDENTES S/S LTDA.;BRL TRUST DISTRIBUIDORA DE TITULOS E VALORES MOBILIARIOS S.A.;;;;;;;;;;;;sem_inf_diario_202605
MCMV;MCMV11;FII MCMV;BRM MINHA CASA MINHA VIDA III FUNDO DE INVESTIMENTO IMOBILIÁRIO RESPONSABILIDADE LIMITADA;NÃO;classe_exata;1.0;Alta;2210;62.808.826/0001-39;325182;FII;BRM MINHA CASA MINHA VIDA III FUNDO DE INVESTIMENTO IMOBILIÁRIO RESPONSABILIDADE LIMITADA;Em Funcionamento Normal;2025-09-19;;BTG PACTUAL SERVIÇOS FINANCEIROS S/A DTVM;BRM ASSET GESTÃO DE RECURSOS LTDA;;;35238;62.808.826/0001-39;13188;Classes de Cotas de Fundos FII;BRM MINHA CASA MINHA VIDA III FUNDO DE INVESTIMENTO IMOBILIÁRIO RESPONSABILIDADE LIMITADA;Em Funcionamento Normal;;;;25493569.80;2026-03-31;ERNST & YOUNG AUDITORES INDEPENDENTES S/S LTDA.;BANCO BTG PACTUAL S/A;;;;;;;;;;;;sem_inf_diario_202605
BROF;BROF11;FII BROF;BRPR CORPORATE OFFICES FUNDO DE INVESTIMENTO IMOBILIÁRIO RESPONSABILIDADE LIMITADA;NÃO;classe_exata;1.0;Alta;1591;48.978.859/0001-04;322177;FII;BRPR CORPORATE OFFICES FUNDO DE INVESTIMENTO IMOBILIÁRIO RESPONSABILIDADE LIMITADA;Em Funcionamento Normal;2022-12-26;;BTG PACTUAL SERVIÇOS FINANCEIROS S/A DTVM;;1260768228.70;2024-11-30;34750;48.978.859/0001-04;3395;Classes de Cotas de Fundos FII;BRPR CORPORATE OFFICES FUNDO DE INVESTIMENTO IMOBILIÁRIO RESPONSABILIDADE LIMITADA;Em Funcionamento Normal;;Fechado;;1277925471.91;2026-03-31;;BANCO BTG PACTUAL S/A;;;;;;;;;;;;sem_inf_diario_202605
BETW;BETW11;FII BETW;BRPR E-TOWER FUNDO DE INVESTIMENTO IMOBILIÁRIO;NÃO;classe_exata;1.0;Alta;1686;51.666.294/0001-26;323090;FII;BRPR E-TOWER FUNDO DE INVESTIMENTO IMOBILIÁRIO;Em Funcionamento Normal;2023-08-02;;BTG PACTUAL SERVIÇOS FINANCEIROS S/A DTVM;BGR ASSET MANAGEMENT LTDA;263516302.81;2025-05-31;34814;51.666.294/0001-26;8761;Classes de Cotas de Fundos FII;BRPR E-TOWER FUNDO DE INVESTIMENTO IMOBILIÁRIO;Em Funcionamento Normal;;;;276073134.35;2026-03-31;;BANCO BTG PACTUAL S/A;;;;;;;;;;;;sem_inf_diario_202605
LLAO;LLAO11;FII BS2;BS2 ALLINVESTMENTS FUNDO DE INVESTIMENTO IMOBILIÁRIO;NÃO;classe_exata;1.0;Alta;1334;41.218.404/0001-33;321087;FII;BS2 ALLINVESTMENTS FUNDO DE INVESTIMENTO IMOBILIÁRIO;Em Funcionamento Normal;2021-07-20;;BRL TRUST DISTRIBUIDORA DE TITULOS E VALORES MOBILIARIOS S.A.;BRIO INVESTIMENTOS LTDA.;18909064.72;2025-05-31;34585;41.218.404/0001-33;11070;Classes de Cotas de Fundos FII;BS2 ALLINVESTMENTS FUNDO DE INVESTIMENTO IMOBILIÁRIO;Em Funcionamento Normal;;Fechado;;18433329.76;2026-03-31;NEXT AUDITORES INDEPENDENTES S/S LTDA.;BRL TRUST DISTRIBUIDORA DE TITULOS E VALORES MOBILIARIOS S.A.;;;;;;;;;;;;sem_inf_diario_202605
BTHR;BTHR11;FII BTHR;BTG HOSPITALIDADE RETORNO TOTAL FUNDO DE INVESTIMENTO IMOBILIÁRIO  RESPONSABILIDADE LIMITADA;NÃO;classe_exata;1.0;Alta;2076;60.329.826/0001-20;325050;FII;BTG HOSPITALIDADE RETORNO TOTAL FUNDO DE INVESTIMENTO IMOBILIÁRIO  RESPONSABILIDADE LIMITADA;Em Funcionamento Normal;2025-04-09;;BTG PACTUAL SERVIÇOS FINANCEIROS S/A DTVM;BTG PACTUAL GESTORA DE RECURSOS LTDA;;;35116;60.329.826/0001-20;4600;Classes de Cotas de Fundos FII;BTG HOSPITALIDADE RETORNO TOTAL FUNDO DE INVESTIMENTO IMOBILIÁRIO  RESPONSABILIDADE LIMITADA;Em Funcionamento Normal;;Fechado;;332890572.69;2026-03-31;ERNST & YOUNG AUDITORES INDEPENDENTES S/S LTDA.;BANCO BTG PACTUAL S/A;;;;;;;;;;;;sem_inf_diario_202605
BTHI;BTHI11;BTG HOTEL FI;BTG HOTÉIS FUNDO DE INVESTIMENTO IMOBILIÁRIO RESPONSABILIDADE LIMITADA;NÃO;classe_exata;1.0;Alta;694;18.308.516/0001-63;316014;FII;BTG HOTÉIS FUNDO DE INVESTIMENTO IMOBILIÁRIO RESPONSABILIDADE LIMITADA;Em Funcionamento Normal;2016-04-19;;BTG PACTUAL SERVIÇOS FINANCEIROS S/A DTVM;BTG PACTUAL GESTORA DE RECURSOS LTDA;632271369.56;2025-02-28;34195;18.308.516/0001-63;4693;Classes de Cotas de Fundos FII;BTG HOTÉIS FUNDO DE INVESTIMENTO IMOBILIÁRIO RESPONSABILIDADE LIMITADA;Em Funcionamento Normal;;Fechado;;602279607.54;2026-03-31;ERNST & YOUNG AUDITORES INDEPENDENTES S/S LTDA.;BANCO BTG PACTUAL S/A;;;;;;;;;;;;sem_inf_diario_202605
BRCR;BRCR11;FII BC FUND;BTG PACTUAL CORPORATE OFFICE FUND - FUNDO DE INVESTIMENTO IMOBILIÁRIO RESPONSABILIDADE LIMITADA;NÃO;classe_exata;1.0;Alta;461;8924783000101;307008;FII;BTG PACTUAL CORPORATE OFFICE FUND - FUNDO DE INVESTIMENTO IMOBILIÁRIO RESPONSABILIDADE LIMITADA;Em Funcionamento Normal;2007-07-20;;BTG PACTUAL SERVIÇOS FINANCEIROS S/A DTVM;BTG PACTUAL GESTORA DE RECURSOS LTDA;2312843296.53;2025-03-31;34070;8924783000101;4960;Classes de Cotas de Fundos FII;BTG PACTUAL CORPORATE OFFICE FUND - FUNDO DE INVESTIMENTO IMOBILIÁRIO RESPONSABILIDADE LIMITADA;Em Funcionamento Normal;;Fechado;;2282809837.10;2026-03-31;ERNST & YOUNG AUDITORES INDEPENDENTES S/S LTDA.;;;;;;;;;;;;;sem_inf_diario_202605
BTCI;BTCI11;FII BTG CRI;BTG PACTUAL CRÉDITO IMOBILIÁRIO - FUNDO DE CRI - FI IMOBILIÁRIO RESPONSABILIDADE LIMITADA;NÃO;classe_exata;1.0;Alta;472;9552812000114;308005;FII;BTG PACTUAL CRÉDITO IMOBILIÁRIO - FUNDO DE CRI - FI IMOBILIÁRIO RESPONSABILIDADE LIMITADA;Em Funcionamento Normal;2008-05-19;;BTG PACTUAL SERVIÇOS FINANCEIROS S/A DTVM;BTG PACTUAL GESTORA DE RECURSOS LTDA;1004196184.32;2025-04-30;34078;9552812000114;5436;Classes de Cotas de Fundos FII;BTG PACTUAL CRÉDITO IMOBILIÁRIO - FUNDO DE CRI - FI IMOBILIÁRIO RESPONSABILIDADE LIMITADA;Em Funcionamento Normal;;Fechado;;1004328418.62;2026-03-31;ERNST & YOUNG AUDITORES INDEPENDENTES S/S LTDA.;;nome_exato;29.787.928/0001-40;CANCELADA;;;;;;;;;sem_inf_diario_202605
BTLG;BTLG11;FII BTLG;BTG PACTUAL LOGÍSTICA FUNDO DE INVESTIMENTO IMOBILIÁRIO RESPONSABILIDADE LIMITADA;NÃO;classe_exata;1.0;Alta;513;11.839.593/0001-09;310010;FII;BTG PACTUAL LOGÍSTICA FUNDO DE INVESTIMENTO IMOBILIÁRIO RESPONSABILIDADE LIMITADA;Em Funcionamento Normal;2010-08-06;;BTG PACTUAL SERVIÇOS FINANCEIROS S/A DTVM;BTG PACTUAL GESTORA DE RECURSOS LTDA;4490815678.70;2025-02-28;34100;11.839.593/0001-09;4383;Classes de Cotas de Fundos FII;BTG PACTUAL LOGÍSTICA FUNDO DE INVESTIMENTO IMOBILIÁRIO RESPONSABILIDADE LIMITADA;Em Funcionamento Normal;;Fechado;;5464841772.83;2026-03-31;ERNST & YOUNG AUDITORES INDEPENDENTES S/S LTDA.;BANCO BTG PACTUAL S/A;;;;;;;;;;;;sem_inf_diario_202605
BTHF;BTHF11;FII BTHF;BTG PACTUAL REAL ESTATE HEDGE FUND FII - FUNDO DE INVESTIMENTO IMOBILIÁRIO RESPONSABILIDADE LIMITADA;NÃO;classe_exata;1.0;Alta;1526;45.188.176/0001-57;322149;FII;BTG PACTUAL REAL ESTATE HEDGE FUND FII - FUNDO DE INVESTIMENTO IMOBILIÁRIO RESPONSABILIDADE LIMITADA;Em Funcionamento Normal;2022-11-28;;BTG PACTUAL SERVIÇOS FINANCEIROS S/A DTVM;BTG PACTUAL GESTORA DE RECURSOS LTDA;2037511480.30;2025-02-28;34712;45.188.176/0001-57;4448;Classes de Cotas de Fundos FII;BTG PACTUAL REAL ESTATE HEDGE FUND FII - FUNDO DE INVESTIMENTO IMOBILIÁRIO RESPONSABILIDADE LIMITADA;Em Funcionamento Normal;;Fechado;;2032999933.25;2026-03-31;;BANCO BTG PACTUAL S/A;;;;;;;;;;;;sem_inf_diario_202605
BPML;BPML11;FII BTG SHOP;BTG PACTUAL SHOPPINGS FUNDO DE INVESTIMENTO IMOBILIÁRIO RESPONSABILIDADE LIMITADA;NÃO;classe_exata;1.0;Alta;1065;33.046.142/0001-49;319035;FII;BTG PACTUAL SHOPPINGS FUNDO DE INVESTIMENTO IMOBILIÁRIO RESPONSABILIDADE LIMITADA;Em Funcionamento Normal;2019-07-22;;BTG PACTUAL SERVIÇOS FINANCEIROS S/A DTVM;BTG PACTUAL GESTORA DE RECURSOS LTDA;973222610.25;2025-04-30;34410;33.046.142/0001-49;5614;Classes de Cotas de Fundos FII;BTG PACTUAL SHOPPINGS FUNDO DE INVESTIMENTO IMOBILIÁRIO RESPONSABILIDADE LIMITADA;Em Funcionamento Normal;;Fechado;;922563592.85;2026-03-31;ERNST & YOUNG AUDITORES INDEPENDENTES S/S LTDA.;BANCO BTG PACTUAL S/A;nome_exato;17.232.973/0001-59;CANCELADA;;;;;;;;;sem_inf_diario_202605
BTYU;BTYU11;FII BTYU;BTG PACTUAL YOU INC. DESENVOLVIMENTO IMOBILIÁRIO - FUNDO DE INVESTIMENTO IMOBILIÁRIO RESPONSABILIDAD;NÃO;classe_exata;1.0;Alta;1857;54.645.216/0001-33;324068;FII;BTG PACTUAL YOU INC. DESENVOLVIMENTO IMOBILIÁRIO - FUNDO DE INVESTIMENTO IMOBILIÁRIO RESPONSABILIDAD;Em Funcionamento Normal;2024-04-08;;BTG PACTUAL SERVIÇOS FINANCEIROS S/A DTVM;BTG PACTUAL GESTORA DE RECURSOS LTDA;206518481.73;2024-09-30;34944;54.645.216/0001-33;1430;Classes de Cotas de Fundos FII;BTG PACTUAL YOU INC. DESENVOLVIMENTO IMOBILIÁRIO - FUNDO DE INVESTIMENTO IMOBILIÁRIO RESPONSABILIDAD;Em Funcionamento Normal;;Fechado;;303724029.27;2026-03-31;ERNST & YOUNG AUDITORES INDEPENDENTES S/S LTDA.;BANCO BTG PACTUAL S/A;;;;;;;;;;;;sem_inf_diario_202605
BTWR;BTWR11;FII BTOWERS;BTOWERS FUNDO DE INVESTIMENTO IMOBILIÁRIO RESPONSABILIDADE LIMITADA;NÃO;classe_exata;1.0;Alta;739;20.132.453/0001-89;314013;FII;BTOWERS FUNDO DE INVESTIMENTO IMOBILIÁRIO RESPONSABILIDADE LIMITADA;Em Funcionamento Normal;2014-07-28;;VORTX DISTRIBUIDORA DE TITULOS E VALORES MOBILIARIOS LTDA.;HIGH GESTÃO E INVESTIMENTOS LTDA;92384468.39;2025-05-31;34225;20.132.453/0001-89;9571;Classes de Cotas de Fundos FII;BTOWERS FUNDO DE INVESTIMENTO IMOBILIÁRIO RESPONSABILIDADE LIMITADA;Em Funcionamento Normal;;Fechado;;95924285.16;2026-03-31;NEXT AUDITORES INDEPENDENTES S/S LTDA.;VORTX DISTRIBUIDORA DE TITULOS E VALORES MOBILIARIOS LTDA.;;;;;;;;;;;;sem_inf_diario_202605
BTSI;BTSI11;FII BTSP II;BTSP II FUNDO DE INVESTIMENTO IMOBILIÁRIO FII RESPONSABILIDADE LIMITADA;NÃO;classe_exata;1.0;Alta;1212;36.930.464/0001-44;321039;FII;BTSP II FUNDO DE INVESTIMENTO IMOBILIÁRIO FII RESPONSABILIDADE LIMITADA;Em Funcionamento Normal;2021-04-09;;INTER DISTRIBUIDORA DE TÍTULOS E VALORES MOBILIÁRIOS;INTER DISTRIBUIDORA DE TÍTULOS E VALORES MOBILIÁRIOS;720403545.45;2025-11-30;34510;36.930.464/0001-44;14613;Classes de Cotas de Fundos FII;BTSP II FUNDO DE INVESTIMENTO IMOBILIÁRIO FII RESPONSABILIDADE LIMITADA;Em Funcionamento Normal;;Fechado;;788638649.72;2026-03-31;GRANT THORNTON AUDITORES INDEPENDENTES LTDA.;;;;;;;;;;;;;sem_inf_diario_202605
CXCO;CXCO11;FII CEF CORP;CAIXA IMÓVEIS CORPORATIVOS FUNDO DE INVESTIMENTO IMOBILIÁRIO - RESPONSABILIDADE LIMITADA;NÃO;classe_exata;1.0;Alta;1247;38.658.984/0001-75;320126;FII;CAIXA IMÓVEIS CORPORATIVOS FUNDO DE INVESTIMENTO IMOBILIÁRIO - RESPONSABILIDADE LIMITADA;Em Funcionamento Normal;2020-12-10;;VORTX DISTRIBUIDORA DE TITULOS E VALORES MOBILIARIOS LTDA.;;377307090.76;2025-05-31;34537;38.658.984/0001-75;10839;Classes de Cotas de Fundos FII;CAIXA IMÓVEIS CORPORATIVOS FUNDO DE INVESTIMENTO IMOBILIÁRIO - RESPONSABILIDADE LIMITADA;Em Funcionamento Normal;;Fechado;;374902891.77;2026-03-31;NEXT AUDITORES INDEPENDENTES S/S LTDA.;VORTX DISTRIBUIDORA DE TITULOS E VALORES MOBILIARIOS LTDA.;;;;;;;;;;;;sem_inf_diario_202605
CRFF;CRFF11;FII CX RBRA2;CAIXA RIO BRAVO FUNDO DE FUNDOS DE INVESTIMENTO IMOBILIÁRIO II RESPONSABILIDADE LIMITADA;NÃO;classe_exata;1.0;Alta;1021;31.887.401/0001-39;318058;FII;CAIXA RIO BRAVO FUNDO DE FUNDOS DE INVESTIMENTO IMOBILIÁRIO II RESPONSABILIDADE LIMITADA;Em Funcionamento Normal;2018-11-05;;CAIXA ECONOMICA FEDERAL;CAIXA DISTRIBUIDORA DE TÍTULOS E VALORES MOBILIÁRIOS S.A.;56531307.45;2025-05-31;34381;31.887.401/0001-39;10260;Classes de Cotas de Fundos FII;CAIXA RIO BRAVO FUNDO DE FUNDOS DE INVESTIMENTO IMOBILIÁRIO II RESPONSABILIDADE LIMITADA;Em Funcionamento Normal;;Fechado;;59138382.01;2026-03-31;PRICEWATERHOUSECOOPERS AUDITORES INDEPENDENTES LTDA.;OLIVEIRA TRUST DTVM S.A.;;;;;;;;;;;;sem_inf_diario_202605
CXRI;CXRI11;FII CX RBRAV;CAIXA RIO BRAVO FUNDO DE FUNDOS DE INVESTIMENTO IMOBILIARIO RESPONSABILIDADE LIMITADA;NÃO;classe_exata;1.0;Alta;651;17.098.794/0001-70;313044;FII;CAIXA RIO BRAVO FUNDO DE FUNDOS DE INVESTIMENTO IMOBILIARIO RESPONSABILIDADE LIMITADA;Em Funcionamento Normal;2013-11-22;;CAIXA ECONOMICA FEDERAL;CAIXA DISTRIBUIDORA DE TÍTULOS E VALORES MOBILIÁRIOS S.A.;128527425.60;2025-05-31;34171;17.098.794/0001-70;9415;Classes de Cotas de Fundos FII;CAIXA RIO BRAVO FUNDO DE FUNDOS DE INVESTIMENTO IMOBILIARIO RESPONSABILIDADE LIMITADA;Em Funcionamento Normal;;Fechado;;136681731.29;2026-03-31;PRICEWATERHOUSECOOPERS AUDITORES INDEPENDENTES LTDA.;;;;;;;;;;;;;sem_inf_diario_202605
CCME;CCME11;FII CANUMA;CANUMA CAPITAL MULTIESTRATÉGIA FUNDO DE INVESTIMENTO IMOBILIÁRIO RESPONSABILIDADE LIMITADA;NÃO;classe_exata;1.0;Alta;1436;43.010.844/0001-26;322023;FII;CANUMA CAPITAL MULTIESTRATÉGIA FUNDO DE INVESTIMENTO IMOBILIÁRIO RESPONSABILIDADE LIMITADA;Em Funcionamento Normal;2022-03-14;;BTG PACTUAL SERVIÇOS FINANCEIROS S/A DTVM;CANUMA CAPITAL LTDA.;684930742.44;2025-01-31;34648;43.010.844/0001-26;4138;Classes de Cotas de Fundos FII;CANUMA CAPITAL MULTIESTRATÉGIA FUNDO DE INVESTIMENTO IMOBILIÁRIO RESPONSABILIDADE LIMITADA;Em Funcionamento Normal;;Fechado;;720782707.15;2026-03-31;PRICEWATERHOUSECOOPERS AUDITORES INDEPENDENTES LTDA.;BANCO BTG PACTUAL S/A;;;;;;;;;;;;sem_inf_diario_202605
CCVA;CCVA11;FII CCVA;CANUMA CAPITAL RENDA VAREJO FUNDO DE INVESTIMENTO IMOBILIÁRIO RESPONSABILIDADE LIMITADA;NÃO;classe_exata;1.0;Alta;1742;52.713.882/0001-36;323147;FII;CANUMA CAPITAL RENDA VAREJO FUNDO DE INVESTIMENTO IMOBILIÁRIO RESPONSABILIDADE LIMITADA;Em Funcionamento Normal;2023-10-30;;BTG PACTUAL SERVIÇOS FINANCEIROS S/A DTVM;CANUMA CAPITAL LTDA.;62137440.05;2024-09-30;34856;52.713.882/0001-36;140;Classes de Cotas de Fundos FII;CANUMA CAPITAL RENDA VAREJO FUNDO DE INVESTIMENTO IMOBILIÁRIO RESPONSABILIDADE LIMITADA;Em Funcionamento Normal;;Fechado;;64141762.99;2026-03-31;ERNST & YOUNG AUDITORES INDEPENDENTES S/S LTDA.;BANCO BTG PACTUAL S/A;;;;;;;;;;;;sem_inf_diario_202605
CPUR;CPUR11;FII CPHBC UR;CAPITÂNIA HBC RENDA URBANA FUNDO DE INVESTIMENTO IMOBILIÁRIO RESPONSABILIDADE  LIMITADA;NÃO;classe_exata;1.0;Alta;1101;34.691.520/0001-00;319061;FII;CAPITÂNIA HBC RENDA URBANA FUNDO DE INVESTIMENTO IMOBILIÁRIO RESPONSABILIDADE  LIMITADA;Em Funcionamento Normal;2019-09-26;;BTG PACTUAL SERVIÇOS FINANCEIROS S/A DTVM;CAPITÂNIA HBC CONSULTORIA E GESTÃO S.A.;615273350.20;2025-03-31;34432;34.691.520/0001-00;5070;Classes de Cotas de Fundos FII;CAPITÂNIA HBC RENDA URBANA FUNDO DE INVESTIMENTO IMOBILIÁRIO RESPONSABILIDADE  LIMITADA;Em Funcionamento Normal;;Fechado;;665105682.16;2026-03-31;GRANT THORNTON AUDITORES INDEPENDENTES LTDA.;BANCO BTG PACTUAL S/A;;;;;;;;;;;;sem_inf_diario_202605
CPLG;CPLG11;FII CPLG;CAPITÂNIA LOGÍSTICA FUNDO DE INVESTIMENTO IMOBILIÁRIO - RESPONSABILIDADE LIMITADA;NÃO;classe_exata;1.0;Alta;1729;52.371.756/0001-40;323133;FII;CAPITÂNIA LOGÍSTICA FUNDO DE INVESTIMENTO IMOBILIÁRIO - RESPONSABILIDADE LIMITADA;Em Funcionamento Normal;2023-09-29;;VORTX DISTRIBUIDORA DE TITULOS E VALORES MOBILIARIOS LTDA.;CAPITANIA CAPITAL S.A.;332384617.71;2025-05-31;34845;52.371.756/0001-40;12238;Classes de Cotas de Fundos FII;CAPITÂNIA LOGÍSTICA FUNDO DE INVESTIMENTO IMOBILIÁRIO - RESPONSABILIDADE LIMITADA;Em Funcionamento Normal;;Fechado;;463375784.79;2026-03-31;GRANT THORNTON AUDITORES INDEPENDENTES LTDA.;VORTX DISTRIBUIDORA DE TITULOS E VALORES MOBILIARIOS LTDA.;;;;;;;;;;;;sem_inf_diario_202605
CPOF;CPOF11;FII CPOF;CAPITÂNIA OFFICE FII - FUNDO DE INVESTIMENTO IMOBILIÁRIO;NÃO;classe_exata;1.0;Alta;1583;48.916.699/0001-60;322169;FII;CAPITÂNIA OFFICE FII - FUNDO DE INVESTIMENTO IMOBILIÁRIO;Em Funcionamento Normal;2022-12-16;;BTG PACTUAL SERVIÇOS FINANCEIROS S/A DTVM;CAPITÂNIA ALTERNATIVES S/A;309030889.51;2024-11-30;34744;48.916.699/0001-60;3387;Classes de Cotas de Fundos FII;CAPITÂNIA OFFICE FII - FUNDO DE INVESTIMENTO IMOBILIÁRIO;Em Funcionamento Normal;;Fechado;;621791123.35;2026-03-31;;BANCO BTG PACTUAL S/A;;;;;;;;;;;;sem_inf_diario_202605
CPTS;CPTS11;FII CAPI SEC;CAPITÂNIA SECURITIES II FUNDO DE INVESTIMENTO IMOBILIÁRIO RESPONSABILIDADE LIMITADA;NÃO;classe_exata;1.0;Alta;712;18.979.895/0001-13;314016;FII;CAPITÂNIA SECURITIES II FUNDO DE INVESTIMENTO IMOBILIÁRIO RESPONSABILIDADE LIMITADA;Em Funcionamento Normal;2014-08-07;;BTG PACTUAL SERVIÇOS FINANCEIROS S/A DTVM;CAPITÂNIA INVEST S/A;2716288467.34;2024-12-31;34207;18.979.895/0001-13;3735;Classes de Cotas de Fundos FII;CAPITÂNIA SECURITIES II FUNDO DE INVESTIMENTO IMOBILIÁRIO RESPONSABILIDADE LIMITADA;Em Funcionamento Normal;;Fechado;;3276580541.25;2026-03-31;PRICEWATERHOUSECOOPERS AUDITORES INDEPENDENTES LTDA.;BANCO BTG PACTUAL S/A;;;;;;;;;;;;sem_inf_diario_202605
CPSH;CPSH11;FII CPSH;CAPITÂNIA SHOPPINGS FUNDO DE INVESTIMENTO IMOBILIÁRIO - RESPONSABILIDADE LIMITADA;NÃO;classe_exata;1.0;Alta;1571;47.896.665/0001-99;322151;FII;CAPITÂNIA SHOPPINGS FUNDO DE INVESTIMENTO IMOBILIÁRIO - RESPONSABILIDADE LIMITADA;Em Funcionamento Normal;2022-12-06;;BTG PACTUAL SERVIÇOS FINANCEIROS S/A DTVM;CAPITANIA CAPITAL S.A.;927625875.79;2024-12-31;34739;47.896.665/0001-99;3948;Classes de Cotas de Fundos FII;CAPITÂNIA SHOPPINGS FUNDO DE INVESTIMENTO IMOBILIÁRIO - RESPONSABILIDADE LIMITADA;Em Funcionamento Normal;;Fechado;;1095696291.12;2026-03-31;;BANCO BTG PACTUAL S/A;;;;;;;;;;;;sem_inf_diario_202605
CACR;CACR11;CARTESIA FII;CARTESIA RECEBÍVEIS IMOBILIÁRIOS - FUNDO DE INVESTIMENTO IMOBILIÁRIO DE RESPONSABILIDADE LIMITADA;NÃO;classe_exata;1.0;Alta;1028;32.065.364/0001-46;319046;FII;CARTESIA RECEBÍVEIS IMOBILIÁRIOS - FUNDO DE INVESTIMENTO IMOBILIÁRIO DE RESPONSABILIDADE LIMITADA;Em Funcionamento Normal;2019-09-04;;BRL TRUST DISTRIBUIDORA DE TITULOS E VALORES MOBILIARIOS S.A.;CARTESIA INVESTIMENTOS E GESTÃO DE RECURSOS LTDA;465986515.98;2025-04-30;34387;32.065.364/0001-46;6084;Classes de Cotas de Fundos FII;CARTESIA RECEBÍVEIS IMOBILIÁRIOS - FUNDO DE INVESTIMENTO IMOBILIÁRIO DE RESPONSABILIDADE LIMITADA;Em Funcionamento Normal;;Fechado;;458752972.50;2026-03-31;MCS MARKUP AUDITORES INDEPENDENTES S/S LTDA;BRL TRUST DISTRIBUIDORA DE TITULOS E VALORES MOBILIARIOS S.A.;;;;;;;;;;;;sem_inf_diario_202605
CBOP;CBOP11;FII CBOP PAX;CASTELLO BRANCO OFFICE PARK - FUNDO DE INVESTIMENTO IMOBILIÁRIO - RESPONSABILIDADE LIMITADA;NÃO;classe_exata;1.0;Alta;653;17.144.039/0001-85;312042;FII;CASTELLO BRANCO OFFICE PARK - FUNDO DE INVESTIMENTO IMOBILIÁRIO - RESPONSABILIDADE LIMITADA;Em Funcionamento Normal;2012-12-17;;BANCO GENIAL S.A.;PÁTRIA INVESTIMENTOS LTDA.;101697279.41;2024-09-30;34172;17.144.039/0001-85;1686;Classes de Cotas de Fundos FII;CASTELLO BRANCO OFFICE PARK - FUNDO DE INVESTIMENTO IMOBILIÁRIO - RESPONSABILIDADE LIMITADA;Em Funcionamento Normal;;Fechado;;102231357.36;2026-03-31;KPMG AUDITORES INDEPENDENTES LTDA.;BANCO GENIAL S.A.;;;;;;;;;;;;sem_inf_diario_202605
BLCA;BLCA11;FII BLCA VBI;CATUAÍ VBI TRIPLE A FUNDO DE INVESTIMENTO IMOBILIÁRIO - RESPONSABILIDADE LIMITADA;NÃO;classe_exata;1.0;Alta;1318;41.076.748/0001-55;321092;FII;CATUAÍ VBI TRIPLE A FUNDO DE INVESTIMENTO IMOBILIÁRIO - RESPONSABILIDADE LIMITADA;Em Funcionamento Normal;2021-07-28;;BTG PACTUAL SERVIÇOS FINANCEIROS S/A DTVM;PÁTRIA VBI ASSET MANAGEMENT LTDA.;206618998.35;2025-05-31;34575;41.076.748/0001-55;7358;Classes de Cotas de Fundos FII;CATUAÍ VBI TRIPLE A FUNDO DE INVESTIMENTO IMOBILIÁRIO - RESPONSABILIDADE LIMITADA;Em Funcionamento Normal;;Fechado;;204564695.91;2026-03-31;ERNST & YOUNG AUDITORES INDEPENDENTES S/S LTDA.;BANCO BTG PACTUAL S/A;;;;;;;;;;;;sem_inf_diario_202605
CVFL;CVFL11;FII CVFL;CATUAÍ VISTA FL FUNDO DE INVESTIMENTO IMOBILIÁRIO DE RESPONSABILIDADE LIMITADA;NÃO;classe_exata;1.0;Alta;2090;60.619.575/0001-19;325064;FII;CATUAÍ VISTA FL FUNDO DE INVESTIMENTO IMOBILIÁRIO DE RESPONSABILIDADE LIMITADA;Em Funcionamento Normal;2025-04-30;;BANCO DAYCOVAL S.A.;CATUAÍ GESTORA DE RECURSOS LTDA.;;;35128;60.619.575/0001-19;5020;Classes de Cotas de Fundos FII;CATUAÍ VISTA FL FUNDO DE INVESTIMENTO IMOBILIÁRIO DE RESPONSABILIDADE LIMITADA;Em Funcionamento Normal;;;;216040776.32;2026-03-31;ERNST & YOUNG AUDITORES INDEPENDENTES S/S LTDA.;BANCO DAYCOVAL S.A.;;;;;;;;;;;;sem_inf_diario_202605
CNES;CNES11;FII CENESP;CENESP FUNDO DE INVESTIMENTO IMOBILIÁRIO RESPONSABILIDADE LIMITADA;NÃO;classe_exata;1.0;Alta;556;13.551.286/0001-45;311021;FII;CENESP FUNDO DE INVESTIMENTO IMOBILIÁRIO RESPONSABILIDADE LIMITADA;Em Funcionamento Normal;2011-07-19;;BTG PACTUAL SERVIÇOS FINANCEIROS S/A DTVM;BTG PACTUAL GESTORA DE RECURSOS LTDA;258610387.21;2025-02-28;34122;13.551.286/0001-45;4391;Classes de Cotas de Fundos FII;CENESP FUNDO DE INVESTIMENTO IMOBILIÁRIO RESPONSABILIDADE LIMITADA;Em Funcionamento Normal;;Fechado;;218301756.79;2026-03-31;ERNST & YOUNG AUDITORES INDEPENDENTES S/S LTDA.;;;;;;;;;;;;;sem_inf_diario_202605
CDHY;CDHY11;FII CDHY;CENTRAL REAL ESTATE HIGH YIELD DEBT FUNDO DE INVESTIMENTO IMOBILIÁRIO RESPONSABILIDADE LIMITADA;NÃO;classe_exata;1.0;Alta;2096;60.871.972/0001-83;325070;FII;CENTRAL REAL ESTATE HIGH YIELD DEBT FUNDO DE INVESTIMENTO IMOBILIÁRIO RESPONSABILIDADE LIMITADA;Em Funcionamento Normal;2025-05-16;;BTG PACTUAL SERVIÇOS FINANCEIROS S/A DTVM;CENTRAL CAPITAL GESTAO DE RECURSOS S.A.;;;35134;60.871.972/0001-83;5363;Classes de Cotas de Fundos FII;CENTRAL REAL ESTATE HIGH YIELD DEBT FUNDO DE INVESTIMENTO IMOBILIÁRIO RESPONSABILIDADE LIMITADA;Em Funcionamento Normal;;;;124729719.96;2026-03-31;ERNST & YOUNG AUDITORES INDEPENDENTES S/S LTDA.;BANCO BTG PACTUAL S/A;;;;;;;;;;;;sem_inf_diario_202605
CTXT;CTXT11;FII C TEXTIL;CENTRO TÊXTIL INTERNACIONAL FUNDO DE INVESTIMENTO IMOBILIÁRIO DE RESPONSABILIDADE LIMITADA;NÃO;classe_exata;1.0;Alta;352;762723000128;395005;FII;CENTRO TÊXTIL INTERNACIONAL FUNDO DE INVESTIMENTO IMOBILIÁRIO DE RESPONSABILIDADE LIMITADA;Em Funcionamento Normal;1995-07-07;;RIO BRAVO INVESTIMENTOS - DISTRIBUIDORA DE TITULOS E VALORES MOBILIARIOS LTDA;;101914675.76;2025-05-31;34038;762723000128;8915;Classes de Cotas de Fundos FII;CENTRO TÊXTIL INTERNACIONAL FUNDO DE INVESTIMENTO IMOBILIÁRIO DE RESPONSABILIDADE LIMITADA;Em Funcionamento Normal;;Fechado;;94919473.39;2026-03-31;GRANT THORNTON AUDITORES INDEPENDENTES LTDA.;;;;;;;;;;;;;sem_inf_diario_202605
CENU;CENU11;FII CENU PAX;CENU - FUNDO DE INVESTIMENTO IMOBILIÁRIO RESPONSABILIDADE LIMITADA;NÃO;classe_exata;1.0;Alta;1228;37.899.356/0001-19;320099;FII;CENU - FUNDO DE INVESTIMENTO IMOBILIÁRIO RESPONSABILIDADE LIMITADA;Em Funcionamento Normal;2020-10-19;;BTG PACTUAL SERVIÇOS FINANCEIROS S/A DTVM;RBR GESTÃO DE RECURSOS LTDA;112135090.41;2025-04-30;34521;37.899.356/0001-19;5576;Classes de Cotas de Fundos FII;CENU - FUNDO DE INVESTIMENTO IMOBILIÁRIO RESPONSABILIDADE LIMITADA;Em Funcionamento Normal;;Fechado;;112620178.36;2026-03-31;RSM ACAL AUDITORES INDEPENDENTES S/S;BANCO BTG PACTUAL S/A;;;;;;;;;;;;sem_inf_diario_202605
CFII;CFII11;FII CF3 IMOB;CF3  FUNDO DE INVESTIMENTO IMOBILIÁRIO;NÃO;classe_exata;1.0;Alta;1347;41.325.993/0001-59;322077;FII;CF3  FUNDO DE INVESTIMENTO IMOBILIÁRIO;Em Funcionamento Normal;2022-06-07;;QI CORRETORA DE TÍTULOS E VALORES MOBILIÁRIOS S.A.;CATUAÍ GESTORA DE RECURSOS LTDA.;149921259.84;2025-05-31;34594;41.325.993/0001-59;11550;Classes de Cotas de Fundos FII;CF3  FUNDO DE INVESTIMENTO IMOBILIÁRIO;Em Funcionamento Normal;;Fechado;;67993303.63;2026-03-31;BDO RCS AUDITORES INDEPENDENTES - SOCIEDADE SIMPLES LIMITADA;QI CORRETORA DE TÍTULOS E VALORES MOBILIÁRIOS S.A.;;;;;;;;;;;;sem_inf_diario_202605
CJCT;CJCT11;FII CJCTOWER;CIDADE JARDIM CONTINENTAL TOWER FUNDO DE INVESTIMENTO IMOBILIÁRIO DE RESPONSABILIDADE LIMITADA;NÃO;classe_exata;1.0;Alta;474;10.347.985/0001-80;311002;FII;CIDADE JARDIM CONTINENTAL TOWER FUNDO DE INVESTIMENTO IMOBILIÁRIO DE RESPONSABILIDADE LIMITADA;Em Funcionamento Normal;2011-01-14;;HEDGE INVESTMENTS DISTRIBUIDORA DE TÍTULOS E VALORES MOBILIÁRIOS LTDA.;HEDGE INVESTMENTS REAL ESTATE GESTÃO DE RECURSOS LTDA.;229445585.54;2025-05-31;34079;10.347.985/0001-80;9091;Classes de Cotas de Fundos FII;CIDADE JARDIM CONTINENTAL TOWER FUNDO DE INVESTIMENTO IMOBILIÁRIO DE RESPONSABILIDADE LIMITADA;Em Funcionamento Normal;;Fechado;;231524085.97;2026-03-31;GRANT THORNTON AUDITORES INDEPENDENTES LTDA.;HEDGE INVESTMENTS DISTRIBUIDORA DE TÍTULOS E VALORES MOBILIÁRIOS LTDA.;cnpj;10.347.985/0001-80;CANCELADA;;;;;;;;;sem_inf_diario_202605
CLSM;CLSM11;FII CLSM;CITLOG SUL DE MINAS FUNDO DE INVESTIMENTO IMOBILIÁRIO DE RESPONSABILIDADE LIMITADA;NÃO;classe_exata;1.0;Alta;2291;63.811.693/0001-12;325263;FII;CITLOG SUL DE MINAS FUNDO DE INVESTIMENTO IMOBILIÁRIO DE RESPONSABILIDADE LIMITADA;Em Funcionamento Normal;2025-11-25;;HEDGE INVESTMENTS DISTRIBUIDORA DE TÍTULOS E VALORES MOBILIÁRIOS LTDA.;HEDGE INVESTMENTS REAL ESTATE GESTÃO DE RECURSOS LTDA.;;;35318;63.811.693/0001-12;14168;Classes de Cotas de Fundos FII;CITLOG SUL DE MINAS FUNDO DE INVESTIMENTO IMOBILIÁRIO DE RESPONSABILIDADE LIMITADA;Em Funcionamento Normal;;Fechado;;211950454.76;2026-03-31;GRANT THORNTON AUDITORES INDEPENDENTES LTDA.;HEDGE INVESTMENTS DISTRIBUIDORA DE TÍTULOS E VALORES MOBILIÁRIOS LTDA.;;;;;;;;;;;;sem_inf_diario_202605
CIXM;CIXM11;FII CIXM;CIX MUIRAQUITAN FUNDO DE INVESTIMENTO IMOBILIÁRIO RESPONSABILIDADE LIMITADA;NÃO;classe_exata;1.0;Alta;1575;48.389.780/0001-30;322162;FII;CIX MUIRAQUITAN FUNDO DE INVESTIMENTO IMOBILIÁRIO RESPONSABILIDADE LIMITADA;Em Funcionamento Normal;2022-12-11;;ID CORRETORA DE TITULOS E VALORES MOBILIARIOS S.A.;CIX CAPITAL GESTÃO DE ATIVOS LTDA.;236142693.00;2025-09-30;34742;48.389.780/0001-30;13714;Classes de Cotas de Fundos FII;CIX MUIRAQUITAN FUNDO DE INVESTIMENTO IMOBILIÁRIO RESPONSABILIDADE LIMITADA;Em Funcionamento Normal;;Fechado;;236047825.46;2026-03-31;RSM BRASIL AUDITORES INDEPENDENTES LTDA.;ID CORRETORA DE TITULOS E VALORES MOBILIARIOS S.A.;;;;;;;;;;;;sem_inf_diario_202605
CIXF;CIXF11;FII CIXF;CIX RETROFIT FUNDO DE INVESTIMENTO IMOBILIÁRIO RESPONSABILIDADE LIMITADA;NÃO;classe_exata;1.0;Alta;2046;59.255.025/0001-89;325018;FII;CIX RETROFIT FUNDO DE INVESTIMENTO IMOBILIÁRIO RESPONSABILIDADE LIMITADA;Em Funcionamento Normal;2025-02-03;;ID CORRETORA DE TITULOS E VALORES MOBILIARIOS S.A.;CIX CAPITAL GESTÃO DE ATIVOS LTDA.;;;35091;59.255.025/0001-89;3921;Classes de Cotas de Fundos FII;CIX RETROFIT FUNDO DE INVESTIMENTO IMOBILIÁRIO RESPONSABILIDADE LIMITADA;Em Funcionamento Normal;;Fechado;;13534808.59;2026-03-31;NEXT AUDITORES INDEPENDENTES S/S LTDA.;ID CORRETORA DE TITULOS E VALORES MOBILIARIOS S.A.;;;;;;;;;;;;sem_inf_diario_202605
PDBM;PDBM11;FII PDBM;CLASSE A DE COTAS DO SINAL RJDI - BRASIL MALLS FUNDO DE INVESTIMENTO IMOBILIÁRIO RESP LIMITADA;NÃO;classe_exata;1.0;Alta;2365;65.573.868/0001-26;326040;FII;SINAL RJDI - BRASIL MALLS FUNDO DE INVESTIMENTO IMOBILIÁRIO RESPONSABILIDADE LIMITADA;Fase Pré-Operacional;2026-03-09;;BANCO GENIAL S.A.;;;;34998;56.978.773/0001-00;2313;Classes de Cotas de Fundos FII;CLASSE A DE COTAS DO SINAL RJDI - BRASIL MALLS FUNDO DE INVESTIMENTO IMOBILIÁRIO RESP LIMITADA;Em Funcionamento Normal;;Fechado;;38515997.03;2026-03-31;GRANT THORNTON AUDITORES INDEPENDENTES LTDA.;BANCO GENIAL S.A.;;;;;;;;;;;;sem_inf_diario_202605
CLIN;CLIN11;FII CLAVE IN;CLAVE ÍNDICES DE PREÇOS FUNDO DE INVESTIMENTO IMOBILIÁRIO RESPONSABILIDADE LIMITADA;NÃO;classe_exata;1.0;Alta;1593;49.005.348/0001-60;322179;FII;CLAVE ÍNDICES DE PREÇOS FUNDO DE INVESTIMENTO IMOBILIÁRIO RESPONSABILIDADE LIMITADA;Em Funcionamento Normal;2022-12-29;;BTG PACTUAL SERVIÇOS FINANCEIROS S/A DTVM;BTG PACTUAL ASSET MANAGEMENT S/A DTVM;424739936.34;2025-04-30;34752;49.005.348/0001-60;6165;Classes de Cotas de Fundos FII;CLAVE ÍNDICES DE PREÇOS FUNDO DE INVESTIMENTO IMOBILIÁRIO RESPONSABILIDADE LIMITADA;Em Funcionamento Normal;;Fechado;;423008527.14;2026-03-31;;BANCO BTG PACTUAL S/A;;;;;;;;;;;;sem_inf_diario_202605
CSMC;CSMC11;FII COSMIC;COSMIC FUNDO DE INVESTIMENTO IMOBILIÁRIO DE RESPONSABILIDADE LIMITADA;NÃO;classe_exata;1.0;Alta;1325;41.081.336/0001-03;321116;FII;COSMIC FUNDO DE INVESTIMENTO IMOBILIÁRIO DE RESPONSABILIDADE LIMITADA;Em Funcionamento Normal;2021-08-24;;BRL TRUST DISTRIBUIDORA DE TITULOS E VALORES MOBILIARIOS S.A.;BRL TRUST DISTRIBUIDORA DE TITULOS E VALORES MOBILIARIOS S.A.;1687506092.03;2025-03-31;34579;41.081.336/0001-03;5193;Classes de Cotas de Fundos FII;COSMIC FUNDO DE INVESTIMENTO IMOBILIÁRIO DE RESPONSABILIDADE LIMITADA;Em Funcionamento Normal;;Fechado;;2053482419.94;2026-03-31;KPMG AUDITORES INDEPENDENTES LTDA.;BRL TRUST DISTRIBUIDORA DE TITULOS E VALORES MOBILIARIOS S.A.;;;;;;;;;;;;sem_inf_diario_202605
RENV;RENV11;FII RENV;CPV ENERGIA FUNDO DE INVESTIMENTO IMOBILIÁRIO RESPONSABILIDADE LIMITADA;NÃO;classe_exata;1.0;Alta;1826;54.174.907/0001-04;324037;FII;CPV ENERGIA FUNDO DE INVESTIMENTO IMOBILIÁRIO RESPONSABILIDADE LIMITADA;Em Funcionamento Normal;2024-03-04;;ID CORRETORA DE TITULOS E VALORES MOBILIARIOS S.A.;CPV CAPITAL GESTÃO DE RECURSOS LTDA.;10080187.31;2024-09-30;34922;54.174.907/0001-04;1147;Classes de Cotas de Fundos FII;CPV ENERGIA FUNDO DE INVESTIMENTO IMOBILIÁRIO RESPONSABILIDADE LIMITADA;Em Funcionamento Normal;;Fechado;;14632360.99;2026-03-31;BGM AUDITORES INDEPENDENTES S/S LTDA;ID CORRETORA DE TITULOS E VALORES MOBILIARIOS S.A.;;;;;;;;;;;;sem_inf_diario_202605
IBCR;IBCR11;FII BREI;CRI INTEGRAL BREI FUNDO DE INVESTIMENTO IMOBILIÁRIO RESPONSABILIDADE LIMITADA;NÃO;classe_exata;1.0;Alta;1275;40.011.251/0001-96;321023;FII;CRI INTEGRAL BREI FUNDO DE INVESTIMENTO IMOBILIÁRIO RESPONSABILIDADE LIMITADA;Em Funcionamento Normal;2021-03-02;;BTG PACTUAL SERVIÇOS FINANCEIROS S/A DTVM;BREI - BRAZILIAN REAL ESTATE INVESTMENTS LTDA;89580563.24;2025-04-30;34549;40.011.251/0001-96;6114;Classes de Cotas de Fundos FII;CRI INTEGRAL BREI FUNDO DE INVESTIMENTO IMOBILIÁRIO RESPONSABILIDADE LIMITADA;Em Funcionamento Normal;;Fechado;;85760478.29;2026-03-31;PRICEWATERHOUSECOOPERS AUDITORES INDEPENDENTES LTDA.;BANCO BTG PACTUAL S/A;;;;;;;;;;;;sem_inf_diario_202605
CVPR;CVPR11;FII CVPAR;CVPAR FUNDO DE INVESTIMENTO IMOBILIÁRIO DE CRI RESPONSABILIDADE LIMITADA;NÃO;classe_exata;1.0;Alta;1242;38.294.329/0001-85;321066;FII;CVPAR FUNDO DE INVESTIMENTO IMOBILIÁRIO DE CRI RESPONSABILIDADE LIMITADA;Em Funcionamento Normal;2021-06-07;;BTG PACTUAL SERVIÇOS FINANCEIROS S/A DTVM;CVPAR INVESTIMENTOS LTDA;59353110.51;2025-05-31;34531;38.294.329/0001-85;8672;Classes de Cotas de Fundos FII;CVPAR FUNDO DE INVESTIMENTO IMOBILIÁRIO DE CRI RESPONSABILIDADE LIMITADA;Em Funcionamento Normal;;Fechado;;63762340.85;2026-03-31;ERNST & YOUNG AUDITORES INDEPENDENTES S/S LTDA.;BANCO BTG PACTUAL S/A;;;;;;;;;;;;sem_inf_diario_202605
CYCR;CYCR11;FII CYRELA;CYRELA CRÉDITO - FUNDO DE INVESTIMENTO IMOBILIÁRIO - RESPONSABILIDADE LIMITADA;NÃO;classe_exata;1.0;Alta;1187;36.501.233/0001-15;321037;FII;CYRELA CRÉDITO - FUNDO DE INVESTIMENTO IMOBILIÁRIO - RESPONSABILIDADE LIMITADA;Em Funcionamento Normal;2021-04-07;;BANCO GENIAL S.A.;CY.CAPITAL GESTORA DE RECURSOS LTDA.;343591218.92;2025-05-31;34491;36.501.233/0001-15;8184;Classes de Cotas de Fundos FII;CYRELA CRÉDITO - FUNDO DE INVESTIMENTO IMOBILIÁRIO - RESPONSABILIDADE LIMITADA;Em Funcionamento Normal;;Fechado;;343474333.90;2026-03-31;DELOITTE TOUCHE TOHMATSU AUDITORES INDEPENDENTES LTDA.;BANCO GENIAL S.A.;;;;;;;;;;;;sem_inf_diario_202605
CYLD;CYLD11;FII CYLD;CYRELA DESENVOLVIMENTO LOGÍSTICO FUNDO DE INVESTIMENTO IMOBILIÁRIO RESPONSABILIDADE LIMITADA;NÃO;classe_exata;1.0;Alta;1435;43.010.601/0001-98;322025;FII;CYRELA DESENVOLVIMENTO LOGÍSTICO FUNDO DE INVESTIMENTO IMOBILIÁRIO RESPONSABILIDADE LIMITADA;Em Funcionamento Normal;2022-03-15;;BTG PACTUAL SERVIÇOS FINANCEIROS S/A DTVM;CY.CAPITAL GESTORA DE RECURSOS LTDA.;149876134.13;2025-05-31;34647;43.010.601/0001-98;7587;Classes de Cotas de Fundos FII;CYRELA DESENVOLVIMENTO LOGÍSTICO FUNDO DE INVESTIMENTO IMOBILIÁRIO RESPONSABILIDADE LIMITADA;Em Funcionamento Normal;;Fechado;;187631875.78;2026-03-31;GRANT THORNTON AUDITORES INDEPENDENTES LTDA.;BANCO BTG PACTUAL S/A;nome_fuzzy_0.90;41.076.056/0001-07;CANCELADA;;;;;;;;;sem_inf_diario_202605
DAMA;DAMA11;FII DAMA;DAMA FUNDO DE INVESTIMENTO IMOBILIÁRIO RESPONSABILIDADE LIMITADA;NÃO;classe_exata;1.0;Alta;1815;53.866.872/0001-01;324024;FII;DAMA FUNDO DE INVESTIMENTO IMOBILIÁRIO RESPONSABILIDADE LIMITADA;Em Funcionamento Normal;2024-02-08;;BTG PACTUAL SERVIÇOS FINANCEIROS S/A DTVM;HIGH GESTÃO E INVESTIMENTOS LTDA;44206710.71;2024-09-30;34913;53.866.872/0001-01;1023;Classes de Cotas de Fundos FII;DAMA FUNDO DE INVESTIMENTO IMOBILIÁRIO RESPONSABILIDADE LIMITADA;Em Funcionamento Normal;;Fechado;;44937779.42;2026-03-31;;BANCO BTG PACTUAL S/A;;;;;;;;;;;;sem_inf_diario_202605
DAYM;DAYM11;FII DAYC REM;DAYCOVAL REAL ESTATE MULTIESTRATÉGIA FUNDO DE INVESTIMENTO IMOBILIÁRIO DE RESPONSABILIDADE LIMITADA;NÃO;classe_exata;1.0;Alta;1238;38.293.921/0001-62;320124;FII;DAYCOVAL REAL ESTATE MULTIESTRATÉGIA FUNDO DE INVESTIMENTO IMOBILIÁRIO DE RESPONSABILIDADE LIMITADA;Em Funcionamento Normal;2020-12-08;;BANCO DAYCOVAL S.A.;DAYCOVAL ASSET MANAGEMENT ADMINISTRACAO DE RECURSOS LTDA;106393633.31;2025-05-31;34529;38.293.921/0001-62;8150;Classes de Cotas de Fundos FII;DAYCOVAL REAL ESTATE MULTIESTRATÉGIA FUNDO DE INVESTIMENTO IMOBILIÁRIO DE RESPONSABILIDADE LIMITADA;Em Funcionamento Normal;;Fechado;;169519664.25;2026-03-31;ERNST & YOUNG AUDITORES INDEPENDENTES S/S LTDA.;BANCO DAYCOVAL S.A.;;;;;;;;;;;;sem_inf_diario_202605
ASRF;ASRF11;FII ASA RET;DAYCOVAL RETROFITS I FUNDO DE INVESTIMENTO IMOBILIÁRIO RESPONSABILIDADE LIMITADA;NÃO;classe_exata;1.0;Alta;1522;45.188.033/0001-45;322111;FII;DAYCOVAL RETROFITS I FUNDO DE INVESTIMENTO IMOBILIÁRIO RESPONSABILIDADE LIMITADA;Em Funcionamento Normal;2022-08-29;;BTG PACTUAL SERVIÇOS FINANCEIROS S/A DTVM;DAYCOVAL ASSET MANAGEMENT ADMINISTRACAO DE RECURSOS LTDA;38886260.92;2025-05-31;34708;45.188.033/0001-45;7412;Classes de Cotas de Fundos FII;DAYCOVAL RETROFITS I FUNDO DE INVESTIMENTO IMOBILIÁRIO RESPONSABILIDADE LIMITADA;Em Funcionamento Normal;;Fechado;;38279540.19;2026-03-31;;BANCO BTG PACTUAL S/A;;;;;;;;;;;;sem_inf_diario_202605
DLMT;DLMT11;FII DEL MONT;DEL MONTE AJAX FUNDO DE INVESTIMENTO IMOBILIÁRIO - FII DE RESPONSABILIDADE LIMITADA;NÃO;classe_exata;1.0;Alta;924;28.108.193/0001-18;317055;FII;DEL MONTE AJAX FUNDO DE INVESTIMENTO IMOBILIÁRIO - FII DE RESPONSABILIDADE LIMITADA;Em Funcionamento Normal;2017-07-28;;TRUSTEE DISTRIBUIDORA DE TITULOS E VALORES MOBILIARIOS LTDA.;DEL MONTE - GESTÃO DE INVESTIMENTOS LTDA;8606369.40;2025-05-31;34312;28.108.193/0001-18;9920;Classes de Cotas de Fundos FII;DEL MONTE AJAX FUNDO DE INVESTIMENTO IMOBILIÁRIO - FII DE RESPONSABILIDADE LIMITADA;Em Funcionamento Normal;;Fechado;;6707999.35;2026-03-31;BDO RCS AUDITORES INDEPENDENTES - SOCIEDADE SIMPLES LIMITADA;TRUSTEE DISTRIBUIDORA DE TITULOS E VALORES MOBILIARIOS LTDA.;;;;;;;;;;;;sem_inf_diario_202605
DPRO;DPRO11;FII DEVA PRO;DEVANT PROPERTIES FUNDO DE INVESTIMENTO IMOBILIÁRIO DE RESPONSABILIDADE LIMITADA;NÃO;classe_exata;1.0;Alta;1423;42.922.127/0001-08;322022;FII;DEVANT PROPERTIES FUNDO DE INVESTIMENTO IMOBILIÁRIO DE RESPONSABILIDADE LIMITADA;Em Funcionamento Normal;2022-03-11;;QORE DISTRIBUIDORA DE TÍTULOS E VALORES MOBILIÁRIOS LTDA.;DEVANT ASSET INVESTIMENTOS LTDA;45748996.70;2025-05-31;34640;42.922.127/0001-08;7374;Classes de Cotas de Fundos FII;DEVANT PROPERTIES FUNDO DE INVESTIMENTO IMOBILIÁRIO DE RESPONSABILIDADE LIMITADA;Em Funcionamento Normal;;Fechado;;45898845.88;2026-03-31;RSM BRASIL AUDITORES INDEPENDENTES LTDA.;QORE DISTRIBUIDORA DE TÍTULOS E VALORES MOBILIÁRIOS LTDA.;;;;;;;;;;;;sem_inf_diario_202605
DEVA;DEVA11;FII DEVANT;DEVANT RECEBÍVEIS IMOBILIÁRIOS FUNDO DE INVESTIMENTO IMOBILIÁRIO;NÃO;classe_exata;1.0;Alta;1215;37.087.810/0001-37;320045;FII;DEVANT RECEBÍVEIS IMOBILIÁRIOS FUNDO DE INVESTIMENTO IMOBILIÁRIO;Em Funcionamento Normal;2020-07-02;;VORTX DISTRIBUIDORA DE TITULOS E VALORES MOBILIARIOS LTDA.;DEVANT ASSET INVESTIMENTOS LTDA;1364941367.90;2025-05-31;34512;37.087.810/0001-37;10634;Classes de Cotas de Fundos FII;DEVANT RECEBÍVEIS IMOBILIÁRIOS FUNDO DE INVESTIMENTO IMOBILIÁRIO;Em Funcionamento Normal;;Fechado;;1328870930.72;2026-03-31;GRANT THORNTON AUDITORES INDEPENDENTES LTDA.;VORTX DISTRIBUIDORA DE TITULOS E VALORES MOBILIARIOS LTDA.;;;;;;;;;;;;sem_inf_diario_202605
DAMT;DAMT11;FII DIAMANTE;DIAMANTE FUNDO DE INVESTIMENTO IMOBILIÁRIO RESPONSABILIDADE LIMITADA;NÃO;classe_exata;1.0;Alta;863;26.642.727/0001-66;317001;FII;DIAMANTE FUNDO DE INVESTIMENTO IMOBILIÁRIO RESPONSABILIDADE LIMITADA;Em Funcionamento Normal;2017-01-06;;BTG PACTUAL SERVIÇOS FINANCEIROS S/A DTVM;BTG PACTUAL GESTORA DE INVESTIMENTOS ALTERNATIVOS LTDA.;256577911.84;2025-04-30;34291;26.642.727/0001-66;6041;Classes de Cotas de Fundos FII;DIAMANTE FUNDO DE INVESTIMENTO IMOBILIÁRIO RESPONSABILIDADE LIMITADA;Em Funcionamento Normal;;Fechado;;251192743.07;2026-03-31;GUIMARÃES E GONÇALVES AUDITORIA E CONSULTORIA EMPRESARIAL SS;BANCO BTG PACTUAL S/A;;;;;;;;;;;;sem_inf_diario_202605
DOVL;DOVL11;FII DOVEL;DOVEL FUNDO DE INVESTIMENTO IMOBILIÁRIO - RESPONSABILIDADE LIMITADA;NÃO;classe_exata;1.0;Alta;482;10.522.648/0001-81;309002;FII;DOVEL FUNDO DE INVESTIMENTO IMOBILIÁRIO - RESPONSABILIDADE LIMITADA;Em Funcionamento Normal;2009-04-01;;BRL TRUST DISTRIBUIDORA DE TITULOS E VALORES MOBILIARIOS S.A.;BRL TRUST DISTRIBUIDORA DE TITULOS E VALORES MOBILIARIOS S.A.;43394527.09;2024-12-31;34083;10.522.648/0001-81;4014;Classes de Cotas de Fundos FII;DOVEL FUNDO DE INVESTIMENTO IMOBILIÁRIO - RESPONSABILIDADE LIMITADA;Em Funcionamento Normal;;Fechado;;38717129.97;2026-03-31;KPMG AUDITORES INDEPENDENTES LTDA.;BRL TRUST DISTRIBUIDORA DE TITULOS E VALORES MOBILIARIOS S.A.;;;;;;;;;;;;sem_inf_diario_202605
EDGE;EDGE11;FII EDGE;EDGE FUNDO DE INVESTIMENTO IMOBILIÁRIO DE RESPONSABILIDADE LIMITADA;NÃO;classe_exata;1.0;Alta;1834;54.306.150/0001-57;324045;FII;EDGE FUNDO DE INVESTIMENTO IMOBILIÁRIO DE RESPONSABILIDADE LIMITADA;Em Funcionamento Normal;2024-03-13;;BANCO DAYCOVAL S.A.;DAYCOVAL ASSET MANAGEMENT ADMINISTRACAO DE RECURSOS LTDA;4794778.89;2024-09-30;34926;54.306.150/0001-57;1236;Classes de Cotas de Fundos FII;EDGE FUNDO DE INVESTIMENTO IMOBILIÁRIO DE RESPONSABILIDADE LIMITADA;Em Funcionamento Normal;;Fechado;;14006800.15;2026-03-31;PRICEWATERHOUSECOOPERS AUDITORES INDEPENDENTES LTDA.;BANCO DAYCOVAL S.A.;;;;;;;;;;;;sem_inf_diario_202605
EMET;EMET11;FII EMET;EMET MULTIESTRATÉGIA FUNDO DE INVESTIMENTO I MOBILIÁRIO RESPONSABILIDADE LIMITADA;NÃO;classe_exata;1.0;Alta;1803;53.523.736/0001-00;324010;FII;EMET MULTIESTRATÉGIA FUNDO DE INVESTIMENTO I MOBILIÁRIO RESPONSABILIDADE LIMITADA;Em Funcionamento Normal;2024-01-16;;BRL TRUST DISTRIBUIDORA DE TITULOS E VALORES MOBILIARIOS S.A.;V2 INVESTIMENTOS LTDA;50590051.92;2024-09-30;34904;53.523.736/0001-00;868;Classes de Cotas de Fundos FII;EMET MULTIESTRATÉGIA FUNDO DE INVESTIMENTO I MOBILIÁRIO RESPONSABILIDADE LIMITADA;Em Funcionamento Normal;;Fechado;;49681567.33;2026-03-31;ERNST & YOUNG AUDITORES INDEPENDENTES S/S LTDA.;BRL TRUST DISTRIBUIDORA DE TITULOS E VALORES MOBILIARIOS S.A.;;;;;;;;;;;;sem_inf_diario_202605
EGYR;EGYR11;FII ENERGY;ENERGY RESORT FUNDO DE INVESTIMENTO IMOBILIÁRIO;NÃO;classe_exata;1.0;Alta;1213;36.969.658/0001-53;320088;FII;ENERGY RESORT FUNDO DE INVESTIMENTO IMOBILIÁRIO;Em Funcionamento Normal;2020-09-28;;REAG TRUST DISTRIBUIDORA DE TITULOS E VALORES MOBILIARIOS S.A.;WNT GESTORA DE RECURSOS LTDA;113623402.27;2025-05-31;34511;36.969.658/0001-53;8133;Classes de Cotas de Fundos FII;ENERGY RESORT FUNDO DE INVESTIMENTO IMOBILIÁRIO;Em Funcionamento Normal;;Fechado;;100896714.98;2026-04-30;NEXT AUDITORES INDEPENDENTES S/S LTDA.;REAG TRUST DISTRIBUIDORA DE TITULOS E VALORES MOBILIARIOS S.A.;;;;;;;;;;;;sem_inf_diario_202605
EQIR;EQIR11;FII EQI RECE;EQI RECEBÍVEIS IMOBILIÁRIOS FUNDO DE INVESTIMENTO IMOBILIÁRIO RESPONSABILIDADE LIMITADA;NÃO;classe_exata;1.0;Alta;1312;41.076.380/0001-25;321089;FII;EQI RECEBÍVEIS IMOBILIÁRIOS FUNDO DE INVESTIMENTO IMOBILIÁRIO RESPONSABILIDADE LIMITADA;Em Funcionamento Normal;2021-07-22;;BTG PACTUAL SERVIÇOS FINANCEIROS S/A DTVM;EUQUEROINVESTIR GESTÃO DE RECURSOS LTDA;104475253.96;2025-05-31;34572;41.076.380/0001-25;8222;Classes de Cotas de Fundos FII;EQI RECEBÍVEIS IMOBILIÁRIOS FUNDO DE INVESTIMENTO IMOBILIÁRIO RESPONSABILIDADE LIMITADA;Em Funcionamento Normal;;Fechado;;105446458.12;2026-03-31;PRICEWATERHOUSECOOPERS AUDITORES INDEPENDENTES LTDA.;BANCO BTG PACTUAL S/A;;;;;;;;;;;;sem_inf_diario_202605
ERCR;ERCR11;FII ESTOQ RJ;ESTOQUE RESIDENCIAL E COMERCIAL RIO DE JANEIRO FUNDO DE INVESTIMENTO IMOBILIÁRIO - RESP LIMITADA;NÃO;classe_exata;1.0;Alta;1220;37.266.902/0001-84;320090;FII;ESTOQUE RESIDENCIAL E COMERCIAL RIO DE JANEIRO FUNDO DE INVESTIMENTO IMOBILIÁRIO - RESP LIMITADA;Em Funcionamento Normal;2020-09-30;;OLIVEIRA TRUST DTVM S.A.;OLIVEIRA TRUST SERVICER S/A;43432438.44;2025-05-31;34517;37.266.902/0001-84;10715;Classes de Cotas de Fundos FII;ESTOQUE RESIDENCIAL E COMERCIAL RIO DE JANEIRO FUNDO DE INVESTIMENTO IMOBILIÁRIO - RESP LIMITADA;Em Funcionamento Normal;;Fechado;;26019590.41;2026-03-31;PRICEWATERHOUSECOOPERS AUDITORES INDEPENDENTES LTDA.;OLIVEIRA TRUST DTVM S.A.;;;;;;;;;;;;sem_inf_diario_202605
ERPA;ERPA11;FII EUROPA;EUROPA 105  FUNDO DE INVESTIMENTO IMOBILIÁRIO - RESPONSABILIDADE LIMITADA;NÃO;classe_exata;1.0;Alta;1007;31.469.385/0001-64;319011;FII;EUROPA 105  FUNDO DE INVESTIMENTO IMOBILIÁRIO - RESPONSABILIDADE LIMITADA;Em Funcionamento Normal;2019-02-25;;OLIVEIRA TRUST DTVM S.A.;ANGÁ ADMINISTRAÇÃO DE RECURSOS LTDA.;79911068.41;2025-04-30;34371;31.469.385/0001-64;5800;Classes de Cotas de Fundos FII;EUROPA 105  FUNDO DE INVESTIMENTO IMOBILIÁRIO - RESPONSABILIDADE LIMITADA;Em Funcionamento Normal;;Fechado;;82928032.82;2026-03-31;BDO RCS AUDITORES INDEPENDENTES - SOCIEDADE SIMPLES LIMITADA;OLIVEIRA TRUST DTVM S.A.;;;;;;;;;;;;sem_inf_diario_202605
KEVE;KEVE11;FII EVEN II;EVEN II KINEA FUNDO DE INVESTIMENTO IMOBILIÁRIO RESPONSABILIDADE LIMITADA;NÃO;classe_exata;1.0;Alta;1042;32.317.313/0001-64;320009;FII;EVEN II KINEA FUNDO DE INVESTIMENTO IMOBILIÁRIO RESPONSABILIDADE LIMITADA;Em Funcionamento Normal;2020-01-29;;INTRAG DTVM LTDA.;KINEA INVESTIMENTOS LTDA.;101782098.54;2024-09-30;34397;32.317.313/0001-64;2739;Classes de Cotas de Fundos FII;EVEN II KINEA FUNDO DE INVESTIMENTO IMOBILIÁRIO RESPONSABILIDADE LIMITADA;Em Funcionamento Normal;;Fechado;;59541118.91;2026-03-31;ERNST & YOUNG AUDITORES INDEPENDENTES S/S LTDA.;ITAU UNIBANCO S.A.;;;;;;;;;;;;sem_inf_diario_202605
EXES;EXES11;FII EXES;EXES FUNDO DE INVESTIMENTO IMOBILIÁRIO RESPONSABILIDADE LIMITADA;NÃO;classe_exata;1.0;Alta;1321;41.076.851/0001-03;321099;FII;EXES FUNDO DE INVESTIMENTO IMOBILIÁRIO RESPONSABILIDADE LIMITADA;Em Funcionamento Normal;2021-08-02;;BTG PACTUAL SERVIÇOS FINANCEIROS S/A DTVM;EXES GESTORA DE RECURSOS LTDA.;69204149.62;2025-04-30;34577;41.076.851/0001-03;5908;Classes de Cotas de Fundos FII;EXES FUNDO DE INVESTIMENTO IMOBILIÁRIO RESPONSABILIDADE LIMITADA;Em Funcionamento Normal;;Fechado;;139739660.59;2026-03-31;PRICEWATERHOUSECOOPERS AUDITORES INDEPENDENTES LTDA.;BANCO BTG PACTUAL S/A;;;;;;;;;;;;sem_inf_diario_202605
FLCR;FLCR11;FII FL RECEB;FARIA LIMA CAPITAL RECEBÍVEIS IMOBILIÁRIOS I - FUNDO DE INVESTIMENTO IMOBILIÁRIO RESPONSABILIDADE LI;NÃO;classe_exata;1.0;Alta;1078;33.884.145/0001-51;319047;FII;FARIA LIMA CAPITAL RECEBÍVEIS IMOBILIÁRIOS I - FUNDO DE INVESTIMENTO IMOBILIÁRIO RESPONSABILIDADE LI;Em Funcionamento Normal;2019-09-04;;BRL TRUST DISTRIBUIDORA DE TITULOS E VALORES MOBILIARIOS S.A.;FARIA LIMA CAPITAL LTDA.;71430427.78;2025-05-31;34418;33.884.145/0001-51;6343;Classes de Cotas de Fundos FII;FARIA LIMA CAPITAL RECEBÍVEIS IMOBILIÁRIOS I - FUNDO DE INVESTIMENTO IMOBILIÁRIO RESPONSABILIDADE LI;Em Funcionamento Normal;;Fechado;;71103889.43;2026-03-31;KPMG AUDITORES INDEPENDENTES LTDA.;BRL TRUST DISTRIBUIDORA DE TITULOS E VALORES MOBILIARIOS S.A.;nome_fuzzy_0.85;23.648.935/0001-84;CANCELADA;;;;;;;;;sem_inf_diario_202605
VRTA;VRTA11;FII FATOR VE;FATOR VERITA FUNDO DE INVESTIMENTO IMOBILIARIO;NÃO;classe_exata;1.0;Alta;506;11.664.201/0001-00;311003;FII;FATOR VERITA FUNDO DE INVESTIMENTO IMOBILIARIO;Em Funcionamento Normal;2011-01-31;;BANCO FATOR S/A;FAR FATOR ADMINISTRAÇÃO DE RECURSOS LTDA;1355539294.45;2025-01-31;34096;11.664.201/0001-00;4243;Classes de Cotas de Fundos FII;FATOR VERITA FUNDO DE INVESTIMENTO IMOBILIARIO;Em Funcionamento Normal;;Fechado;;1316635896.64;2026-03-31;GRANT THORNTON AUDITORES INDEPENDENTES LTDA.;;;;;;;;;;;;;sem_inf_diario_202605
VRTM;VRTM11;FII VRTM;FATOR VERITÀ MULTIESTRATÉGIA FUNDO DE INVESTIMENTO IMOBILIÁRIO;NÃO;classe_exata;1.0;Alta;1697;51.870.412/0001-13;323101;FII;FATOR VERITÀ MULTIESTRATÉGIA FUNDO DE INVESTIMENTO IMOBILIÁRIO;Em Funcionamento Normal;2023-08-18;;BANCO FATOR S/A;FAR FATOR ADMINISTRAÇÃO DE RECURSOS LTDA;439184084.65;2025-04-30;34823;51.870.412/0001-13;5606;Classes de Cotas de Fundos FII;FATOR VERITÀ MULTIESTRATÉGIA FUNDO DE INVESTIMENTO IMOBILIÁRIO;Em Funcionamento Normal;;Fechado;;445393450.23;2026-03-31;GRANT THORNTON AUDITORES INDEPENDENTES LTDA.;BANCO BRADESCO S.A.;;;;;;;;;;;;sem_inf_diario_202605
FTRE;FTRE11;FII FTRE;FIGTREE RENDA EDUCACIONAL FUNDO DE INVESTIMENTO IMOBILIÁRIO;NÃO;classe_exata;1.0;Alta;1752;52.983.789/0001-41;323158;FII;FIGTREE RENDA EDUCACIONAL FUNDO DE INVESTIMENTO IMOBILIÁRIO;Fase Pré-Operacional;2023-11-23;;VERT DISTRIBUIDORA DE TÍTULOS E VALORES MOBILIÁRIOS LTDA.;FIGTREE CAPITAL ADMINISTRAÇÃO DE RECURSOS LTDA.;;;34863;52.983.789/0001-41;272;Classes de Cotas de Fundos FII;FIGTREE RENDA EDUCACIONAL FUNDO DE INVESTIMENTO IMOBILIÁRIO;Fase Pré-Operacional;;Fechado;;;;KPMG AUDITORES INDEPENDENTES LTDA.;BANCO DAYCOVAL S.A.;nome_fuzzy_0.84;44.798.166/0001-70;CANCELADA;;;;;;;;;sem_inf_diario_202605
FLMA;FLMA11;FII S F LIMA;FII CONTINENTAL SQUARE FARIA LIMA - RESPONSABILIDADE LIMITADA;NÃO;classe_exata;1.0;Alta;424;4141645000103;300006;FII;FII CONTINENTAL SQUARE FARIA LIMA - RESPONSABILIDADE LIMITADA;Em Funcionamento Normal;2000-11-22;;BR-CAPITAL DTVM S.A.;;304451604.15;2025-05-31;34053;4141645000103;9008;Classes de Cotas de Fundos FII;FII CONTINENTAL SQUARE FARIA LIMA - RESPONSABILIDADE LIMITADA;Em Funcionamento Normal;;Fechado;;346091281.91;2026-03-31;RSM BRASIL AUDITORES INDEPENDENTES LTDA.;;;;;;;;;;;;;sem_inf_diario_202605
EGDB;EGDB11;FII EGDB;FII DE DESENVOLVIMENTO DE ESCRITÓRIOS BOUTIQUE RESPONSABILIDADE LIMITADA;NÃO;classe_exata;1.0;Alta;1814;53.866.393/0001-87;324023;FII;FII DE DESENVOLVIMENTO DE ESCRITÓRIOS BOUTIQUE RESPONSABILIDADE LIMITADA;Em Funcionamento Normal;2024-02-08;;BRL TRUST DISTRIBUIDORA DE TITULOS E VALORES MOBILIARIOS S.A.;ENGEFORM GESTÃO DE RECURSOS LTDA.;42667405.99;2024-09-30;34912;53.866.393/0001-87;1015;Classes de Cotas de Fundos FII;FII DE DESENVOLVIMENTO DE ESCRITÓRIOS BOUTIQUE RESPONSABILIDADE LIMITADA;Em Funcionamento Normal;;Fechado;;107810761.42;2026-03-31;;BRL TRUST DISTRIBUIDORA DE TITULOS E VALORES MOBILIARIOS S.A.;;;;;;;;;;;;sem_inf_diario_202605
ELDO;ELDO11;FII ELDORADO;FII ELDORADO FUNDO DE INVESTIMENTO IMOBILIÁRIO - RESPONSABILIDADE LIMITADA;NÃO;classe_exata;1.0;Alta;547;13.022.994/0001-99;310024;FII;FII ELDORADO FUNDO DE INVESTIMENTO IMOBILIÁRIO - RESPONSABILIDADE LIMITADA;Em Funcionamento Normal;2010-11-19;;RIO BRAVO INVESTIMENTOS - DISTRIBUIDORA DE TITULOS E VALORES MOBILIARIOS LTDA;;1308563281.76;2025-05-31;34116;13.022.994/0001-99;9210;Classes de Cotas de Fundos FII;FII ELDORADO FUNDO DE INVESTIMENTO IMOBILIÁRIO - RESPONSABILIDADE LIMITADA;Em Funcionamento Normal;;Fechado;;1354074267.56;2026-03-31;RSM BRASIL AUDITORES INDEPENDENTES LTDA.;;;;;;;;;;;;;sem_inf_diario_202605
EURO;EURO11;FII EUROPAR;FII EUROPAR RESPONSABILIDADE LIMITADA;NÃO;fundo_exato;0.98;Alta;435;5437916000127;302006;FII;FII EUROPAR Responsabilidade Limitada;Em Funcionamento Normal;2002-12-10;;COINVALORES CCVM LTDA;;161358967.16;2026-03-31;;;;;;;;;;;;;;nome_exato;05.437.916/0001-27;EM FUNCIONAMENTO NORMAL;;;;;;;;;sem_inf_diario_202605
HYPI;HYPI11;FII HYPI;FII HIRE PROPERTIES I - FUNDO DE INVESTIMENTO IMOBILIÁRIO;NÃO;classe_exata;1.0;Alta;947;28.899.178/0001-35;317083;FII;FII HIRE PROPERTIES I - FUNDO DE INVESTIMENTO IMOBILIÁRIO;Em Funcionamento Normal;2017-10-26;;VORTX DISTRIBUIDORA DE TITULOS E VALORES MOBILIARIOS LTDA.;HIRE GESTÃO DE RECURSOS LTDA.;3588476.04;2025-12-31;34328;28.899.178/0001-35;9997;Classes de Cotas de Fundos FII;FII HIRE PROPERTIES I - FUNDO DE INVESTIMENTO IMOBILIÁRIO;Em Funcionamento Normal;;Fechado;;2998140.59;2026-03-31;RSM BRASIL AUDITORES INDEPENDENTES LTDA.;;nome_fuzzy_0.87;44.669.614/0001-36;CANCELADA;;;;;;;;;sem_inf_diario_202605
HRES;HRES11;FII HIRE RES;FII HIRE RESIDENCIAL I - FUNDO DE INVESTIMENTO IMOBILIÁRIO;NÃO;classe_exata;1.0;Alta;1416;42.869.853/0001-04;321131;FII;FII HIRE RESIDENCIAL I - FUNDO DE INVESTIMENTO IMOBILIÁRIO;Em Funcionamento Normal;2021-09-10;;VORTX DISTRIBUIDORA DE TITULOS E VALORES MOBILIARIOS LTDA.;HIRE GESTÃO DE RECURSOS LTDA.;68667512.81;2025-12-31;34635;42.869.853/0001-04;11207;Classes de Cotas de Fundos FII;FII HIRE RESIDENCIAL I - FUNDO DE INVESTIMENTO IMOBILIÁRIO;Em Funcionamento Normal;;Fechado;;56698957.19;2026-03-31;ERNST & YOUNG AUDITORES INDEPENDENTES S/S LTDA.;BRL TRUST DISTRIBUIDORA DE TITULOS E VALORES MOBILIARIOS S.A.;;;;;;;;;;;;sem_inf_diario_202605
FIIB;FIIB11;FII INDL BR;FII INDUSTRIAL DO BRASIL RESPONSABILIDADE LIMITADA;NÃO;fundo_exato;0.98;Alta;579;14.217.108/0001-45;310018;FII;FII INDUSTRIAL DO BRASIL RESPONSABILIDADE LIMITADA;Em Funcionamento Normal;2011-11-16;;COINVALORES CCVM LTDA;;404767320.61;2026-03-31;;;;;;;;;;;;;;cnpj;14.217.108/0001-45;EM FUNCIONAMENTO NORMAL;;;;;;;;;sem_inf_diario_202605
FMOF;FMOF11;FII MEMORIAL;FII MEMORIAL OFFICE RESPONSABILIDADE LIMITADA;NÃO;classe_exata;1.0;Alta;390;1633741000172;394001;FII;FII MEMORIAL OFFICE RESPONSABILIDADE LIMITADA;Em Funcionamento Normal;1994-04-15;;HEDGE INVESTMENTS DISTRIBUIDORA DE TÍTULOS E VALORES MOBILIÁRIOS LTDA.;HEDGE INVESTMENTS REAL ESTATE GESTÃO DE RECURSOS LTDA.;58924917.62;2025-06-30;34044;1633741000172;12572;Classes de Cotas de Fundos FII;FII MEMORIAL OFFICE RESPONSABILIDADE LIMITADA;Em Funcionamento Normal;;Fechado;;23831045.85;2026-03-31;CLA - CLIFTON LARSON ALLEN BRASIL AUDITORES INDEPENDENTES LTDA;HEDGE INVESTMENTS DISTRIBUIDORA DE TÍTULOS E VALORES MOBILIÁRIOS LTDA.;;;;;;;;;;;;sem_inf_diario_202605
OPTM;OPTM11;FII PATRI IV;FII PATRIMONIAL IV;NÃO;classe_exata;1.0;Alta;466;9150967000124;307010;FII;FII PATRIMONIAL IV;Em Funcionamento Normal;2007-12-17;;OSLO CAPITAL DISTRIBUIDORA DE TITULOS E VALORES MOBILIARIOS S.A.;OSLO CAPITAL DISTRIBUIDORA DE TITULOS E VALORES MOBILIARIOS S.A.;1041557.94;2025-05-31;34074;9150967000124;9067;Classes de Cotas de Fundos FII;FII PATRIMONIAL IV;Em Funcionamento Normal;;;;5130557.06;2026-03-31;UHY BENDORAYTES & CIA AUDITORES INDEPENDENTES;OSLO CAPITAL DISTRIBUIDORA DE TITULOS E VALORES MOBILIARIOS S.A.;nome_exato;15.163.511/0001-00;CANCELADA;Multimercados Livre;;;;;;;;sem_inf_diario_202605
FRBC;FRBC11;FII FRBC;FII RBC II FUNDO DE FUNDOS - RESPONSABILIDADE LIMITADA;NÃO;classe_exata;1.0;Alta;2221;62.962.772/0001-61;325193;FII;FII RBC II FUNDO DE FUNDOS - RESPONSABILIDADE LIMITADA;Em Funcionamento Normal;2025-09-30;;BRL TRUST DISTRIBUIDORA DE TITULOS E VALORES MOBILIARIOS S.A.;RB ASSET MANAGEMENT LTDA;;;35249;62.962.772/0001-61;13307;Classes de Cotas de Fundos FII;FII RBC II FUNDO DE FUNDOS - RESPONSABILIDADE LIMITADA;Em Funcionamento Normal;;Fechado;;563287.28;2026-03-31;BAKER TILLY 4PARTNERS AUDITORES INDEPENDENTES LTDA.;BRL TRUST DISTRIBUIDORA DE TITULOS E VALORES MOBILIARIOS S.A.;nome_fuzzy_0.94;36.642.356/0001-76;CANCELADA;;;;;;;;;sem_inf_diario_202605
ALMI;ALMI11;FII TORRE AL;FII TORRE ALMIRANTE;NÃO;classe_exata;1.0;Alta;442;7122725000100;304004;FII;FII TORRE ALMIRANTE;Em Funcionamento Normal;2004-11-19;;BTG PACTUAL SERVIÇOS FINANCEIROS S/A DTVM;BTG PACTUAL SERVIÇOS FINANCEIROS S/A DTVM;234123600.37;2025-04-30;34059;7122725000100;5533;Classes de Cotas de Fundos FII;FII TORRE ALMIRANTE;Em Funcionamento Normal;;Fechado;;223708735.66;2026-03-31;ERNST & YOUNG AUDITORES INDEPENDENTES S/S LTDA.;;;;;;;;;;;;;sem_inf_diario_202605
FLNR;FLNR11;FII FLNR;FLORIANO FUNDO DE INVESTIMENTO IMOBILIÁRIO;NÃO;classe_exata;1.0;Alta;1361;41.820.693/0001-46;322139;FII;FLORIANO FUNDO DE INVESTIMENTO IMOBILIÁRIO;Em Funcionamento Normal;2022-11-01;;PLANNER CORRETORA DE VALORES S.A.;MULTIPLICA CAPITAL ASSET MANAGEMENT LTDA.;155973386.02;2024-11-30;34603;41.820.693/0001-46;3603;Classes de Cotas de Fundos FII;FLORIANO FUNDO DE INVESTIMENTO IMOBILIÁRIO;Em Funcionamento Normal;;Fechado;;154522827.53;2026-03-31;NEXT AUDITORES INDEPENDENTES S/S LTDA.;PLANNER CORRETORA DE VALORES S.A.;cnpj;41.820.693/0001-46;CANCELADA;;;;;;;;;sem_inf_diario_202605
HLMB;HLMB11;FII HLMB;FRAM CAPITAL HELMER MULTIATIVOS RENDA PREFERENCIAL FUNDO DE INVESTIMENTO IMOBILIÁRIO;NÃO;classe_exata;1.0;Alta;1309;40.944.707/0001-70;321085;FII;FRAM CAPITAL HELMER MULTIATIVOS RENDA PREFERENCIAL FUNDO DE INVESTIMENTO IMOBILIÁRIO;Em Funcionamento Normal;2021-07-08;;OSLO CAPITAL DISTRIBUIDORA DE TITULOS E VALORES MOBILIARIOS S.A.;FRAM CAPITAL GESTÃO DE ATIVOS LTDA.;63131282.20;2025-05-31;34570;40.944.707/0001-70;11061;Classes de Cotas de Fundos FII;FRAM CAPITAL HELMER MULTIATIVOS RENDA PREFERENCIAL FUNDO DE INVESTIMENTO IMOBILIÁRIO;Em Funcionamento Normal;;;;49282430.55;2026-03-31;UHY BENDORAYTES & CIA AUDITORES INDEPENDENTES;OSLO CAPITAL DISTRIBUIDORA DE TITULOS E VALORES MOBILIARIOS S.A.;;;;;;;;;;;;sem_inf_diario_202605
KFOF;KFOF11;FII KINEAFOF;FUNDO DE FUNDOS DE INVESTIMENTO IMOBILIÁRIO KINEA FII RESPONSABILIDADE LIMITADA;NÃO;classe_exata;1.0;Alta;966;30.091.444/0001-40;318022;FII;FUNDO DE FUNDOS DE INVESTIMENTO IMOBILIÁRIO KINEA FII RESPONSABILIDADE LIMITADA;Em Funcionamento Normal;2018-05-23;;INTRAG DTVM LTDA.;KINEA INVESTIMENTOS LTDA.;636861679.93;2024-09-30;34338;30.091.444/0001-40;2720;Classes de Cotas de Fundos FII;FUNDO DE FUNDOS DE INVESTIMENTO IMOBILIÁRIO KINEA FII RESPONSABILIDADE LIMITADA;Em Funcionamento Normal;;Fechado;;654102112.84;2026-03-31;ERNST & YOUNG AUDITORES INDEPENDENTES S/S LTDA.;ITAU UNIBANCO S.A.;;;;;;;;;;;;sem_inf_diario_202605
DVFF;DVFF11;FII DEVA FOF;FUNDO DE INVESTIMENTO IMOBILIÁRIO - DEVANT FUNDO DE FUNDOS IMOBILIÁRIOS DE RESPONSABILIDADE LIMITADA;NÃO;classe_exata;1.0;Alta;1269;39.863.059/0001-49;321038;FII;FUNDO DE INVESTIMENTO IMOBILIÁRIO - DEVANT FUNDO DE FUNDOS IMOBILIÁRIOS DE RESPONSABILIDADE LIMITADA;Em Funcionamento Normal;2021-04-09;;BRL TRUST DISTRIBUIDORA DE TITULOS E VALORES MOBILIARIOS S.A.;DEVANT ASSET INVESTIMENTOS LTDA;92422998.40;2025-05-31;34545;39.863.059/0001-49;7323;Classes de Cotas de Fundos FII;FUNDO DE INVESTIMENTO IMOBILIÁRIO - DEVANT FUNDO DE FUNDOS IMOBILIÁRIOS DE RESPONSABILIDADE LIMITADA;Em Funcionamento Normal;;Fechado;;95563460.90;2026-03-31;RSM BRASIL AUDITORES INDEPENDENTES LTDA.;BRL TRUST DISTRIBUIDORA DE TITULOS E VALORES MOBILIARIOS S.A.;;;;;;;;;;;;sem_inf_diario_202605
ANCR;ANCR11;FII ANCAR IC;FUNDO DE INVESTIMENTO IMOBILIÁRIO - FII ANCAR IC - RESPONSABILIDADE LIMITADA;NÃO;classe_exata;1.0;Alta;450;7789135000127;306001;FII;FUNDO DE INVESTIMENTO IMOBILIÁRIO - FII ANCAR IC - RESPONSABILIDADE LIMITADA;Em Funcionamento Normal;2006-01-03;;GENIAL INVESTIMENTOS CORRETORA DE VALORES MOBILIÁRIOS S.A.;SCAI GESTORA DE RECURSOS LTDA.;2939825816.64;2025-05-31;34062;7789135000127;9024;Classes de Cotas de Fundos FII;FUNDO DE INVESTIMENTO IMOBILIÁRIO - FII ANCAR IC - RESPONSABILIDADE LIMITADA;Em Funcionamento Normal;;Fechado;;4132586658.37;2026-03-31;KPMG AUDITORES INDEPENDENTES LTDA.;;;;;;;;;;;;;sem_inf_diario_202605
FAED;FAED11;FII ANH EDUC;FUNDO DE INVESTIMENTO IMOBILIÁRIO - FII ANHANGUERA EDUCACIONAL RESPONSABILIDADE LIMITADA;NÃO;classe_exata;1.0;Alta;491;11.179.118/0001-45;309012;FII;FUNDO DE INVESTIMENTO IMOBILIÁRIO - FII ANHANGUERA EDUCACIONAL RESPONSABILIDADE LIMITADA;Em Funcionamento Normal;2009-12-16;;BTG PACTUAL SERVIÇOS FINANCEIROS S/A DTVM;;153716109.34;2025-02-28;34088;11.179.118/0001-45;4375;Classes de Cotas de Fundos FII;FUNDO DE INVESTIMENTO IMOBILIÁRIO - FII ANHANGUERA EDUCACIONAL RESPONSABILIDADE LIMITADA;Em Funcionamento Normal;;Fechado;;157428382.64;2026-03-31;PRICEWATERHOUSECOOPERS AUDITORES INDEPENDENTES LTDA.;;;;;;;;;;;;;sem_inf_diario_202605
FCFL;FCFL11;FII CAMPUSFL;FUNDO DE INVESTIMENTO IMOBILIÁRIO - FII CAMPUS FARIA LIMA RESPONSABILIDADE LIMITADA;NÃO;classe_exata;1.0;Alta;505;11.602.654/0001-01;310008;FII;FUNDO DE INVESTIMENTO IMOBILIÁRIO - FII CAMPUS FARIA LIMA RESPONSABILIDADE LIMITADA;Em Funcionamento Normal;2010-06-08;;BTG PACTUAL SERVIÇOS FINANCEIROS S/A DTVM;BTG PACTUAL SERVIÇOS FINANCEIROS S/A DTVM;427769973.46;2025-02-28;34095;11.602.654/0001-01;4650;Classes de Cotas de Fundos FII;FUNDO DE INVESTIMENTO IMOBILIÁRIO - FII CAMPUS FARIA LIMA RESPONSABILIDADE LIMITADA;Em Funcionamento Normal;;Fechado;;432663406.52;2026-03-31;PRICEWATERHOUSECOOPERS AUDITORES INDEPENDENTES LTDA.;;;;;;;;;;;;;sem_inf_diario_202605
CEOC;CEOC11;FII CEO CCP;FUNDO DE INVESTIMENTO IMOBILIÁRIO - FII CEO CYRELA COMMERCIAL PROPERTIES RESPONSABILIDADE LIMITADA;NÃO;classe_exata;1.0;Alta;622;15.799.397/0001-09;312034;FII;FUNDO DE INVESTIMENTO IMOBILIÁRIO - FII CEO CYRELA COMMERCIAL PROPERTIES RESPONSABILIDADE LIMITADA;Em Funcionamento Normal;2012-11-07;;BTG PACTUAL SERVIÇOS FINANCEIROS S/A DTVM;;132622452.82;2025-02-28;34159;15.799.397/0001-09;4677;Classes de Cotas de Fundos FII;FUNDO DE INVESTIMENTO IMOBILIÁRIO - FII CEO CYRELA COMMERCIAL PROPERTIES RESPONSABILIDADE LIMITADA;Em Funcionamento Normal;;Fechado;;123783458.75;2026-03-31;PRICEWATERHOUSECOOPERS AUDITORES INDEPENDENTES LTDA.;;;;;;;;;;;;;sem_inf_diario_202605
FAMB;FAMB11;FII ALMIRANT;FUNDO DE INVESTIMENTO IMOBILIÁRIO - FII EDIFÍCIO ALMIRANTE BARROSO RESPONSABILIDADE LIMITADA;NÃO;classe_exata;1.0;Alta;437;5562312000102;303002;FII;FUNDO DE INVESTIMENTO IMOBILIÁRIO - FII EDIFÍCIO ALMIRANTE BARROSO RESPONSABILIDADE LIMITADA;Em Funcionamento Normal;2003-03-17;;ACTUAL DISTRIBUIDORA DE TITULOS E VALORES MOBILIARIOS S.A.;ÁFIRA GESTÃO DE RECURSOS LTDA.;252366673.86;2025-02-28;34056;5562312000102;4367;Classes de Cotas de Fundos FII;FUNDO DE INVESTIMENTO IMOBILIÁRIO - FII EDIFÍCIO ALMIRANTE BARROSO RESPONSABILIDADE LIMITADA;Em Funcionamento Normal;;Fechado;;120810136.28;2026-03-31;BGM AUDITORES INDEPENDENTES S/S LTDA;BANCO DAYCOVAL S.A.;;;;;;;;;;;;sem_inf_diario_202605
EDGA;EDGA11;FII GALERIA;FUNDO DE INVESTIMENTO IMOBILIÁRIO - FII EDIFÍCIO GALERIA RESPONSABILIADADE LIMITADA;NÃO;classe_exata;1.0;Alta;607;15.333.306/0001-37;312026;FII;FUNDO DE INVESTIMENTO IMOBILIÁRIO - FII EDIFÍCIO GALERIA RESPONSABILIADADE LIMITADA;Em Funcionamento Normal;2012-08-27;;BTG PACTUAL SERVIÇOS FINANCEIROS S/A DTVM;;247511894.62;2025-02-28;34148;15.333.306/0001-37;4669;Classes de Cotas de Fundos FII;FUNDO DE INVESTIMENTO IMOBILIÁRIO - FII EDIFÍCIO GALERIA RESPONSABILIADADE LIMITADA;Em Funcionamento Normal;;Fechado;;160937100.31;2026-03-31;PRICEWATERHOUSECOOPERS AUDITORES INDEPENDENTES LTDA.;;;;;;;;;;;;;sem_inf_diario_202605
FYTO;FYTO11;FII FYTO;FUNDO DE INVESTIMENTO IMOBILIÁRIO - FII FYTO RECEBÍVEIS IMOBILIÁRIOS RESPONSABILIDADE LIMITADA;NÃO;classe_exata;1.0;Alta;688;18.085.673/0001-57;313043;FII;FUNDO DE INVESTIMENTO IMOBILIÁRIO - FII FYTO RECEBÍVEIS IMOBILIÁRIOS RESPONSABILIDADE LIMITADA;Em Funcionamento Normal;2013-10-10;;BTG PACTUAL SERVIÇOS FINANCEIROS S/A DTVM;FYTO CAPITAL ADMINISTRADORA DE RECURSOS LTDA;148979591.77;2025-02-28;34190;18.085.673/0001-57;4316;Classes de Cotas de Fundos FII;FUNDO DE INVESTIMENTO IMOBILIÁRIO - FII FYTO RECEBÍVEIS IMOBILIÁRIOS RESPONSABILIDADE LIMITADA;Em Funcionamento Normal;;Fechado;;151649553.50;2026-03-31;PRICEWATERHOUSECOOPERS AUDITORES INDEPENDENTES LTDA.;BANCO BTG PACTUAL S/A;;;;;;;;;;;;sem_inf_diario_202605
HCRI;HCRI11;FII CRIANCA;FUNDO DE INVESTIMENTO IMOBILIÁRIO - FII HOSPITAL DA CRIANÇA RESPONSABILIDADE LIMITADA;NÃO;classe_exata;1.0;Alta;423;4066582000160;300005;FII;FUNDO DE INVESTIMENTO IMOBILIÁRIO - FII HOSPITAL DA CRIANÇA RESPONSABILIDADE LIMITADA;Em Funcionamento Normal;2000-10-03;;BTG PACTUAL SERVIÇOS FINANCEIROS S/A DTVM;;65185251.12;2025-02-28;34052;4066582000160;4634;Classes de Cotas de Fundos FII;FUNDO DE INVESTIMENTO IMOBILIÁRIO - FII HOSPITAL DA CRIANÇA RESPONSABILIDADE LIMITADA;Em Funcionamento Normal;;Fechado;;57268020.46;2026-03-31;ERNST & YOUNG AUDITORES INDEPENDENTES S/S LTDA.;;;;;;;;;;;;;sem_inf_diario_202605
NSLU;NSLU11;FII LOURDES;FUNDO DE INVESTIMENTO IMOBILIÁRIO - FII HOSPITAL NOSSA SENHORA DE LOURDES RESPONSABILIDADE LIMITADA;NÃO;classe_exata;1.0;Alta;451;8014513000163;306002;FII;FUNDO DE INVESTIMENTO IMOBILIÁRIO - FII HOSPITAL NOSSA SENHORA DE LOURDES RESPONSABILIDADE LIMITADA;Em Funcionamento Normal;2006-04-20;;BTG PACTUAL SERVIÇOS FINANCEIROS S/A DTVM;BTG PACTUAL SERVIÇOS FINANCEIROS S/A DTVM;271112954.98;2025-02-28;34063;8014513000163;4642;Classes de Cotas de Fundos FII;FUNDO DE INVESTIMENTO IMOBILIÁRIO - FII HOSPITAL NOSSA SENHORA DE LOURDES RESPONSABILIDADE LIMITADA;Em Funcionamento Normal;;Fechado;;224385241.69;2026-03-31;ERNST & YOUNG AUDITORES INDEPENDENTES S/S LTDA.;;;;;;;;;;;;;sem_inf_diario_202605
MAXR;MAXR11;FII MAX RET;FUNDO DE INVESTIMENTO IMOBILIÁRIO - FII MAX RETAIL RESPONSABILIDADE LIMITADA;NÃO;classe_exata;1.0;Alta;498;11.274.415/0001-70;310003;FII;FUNDO DE INVESTIMENTO IMOBILIÁRIO - FII MAX RETAIL RESPONSABILIDADE LIMITADA;Em Funcionamento Normal;2010-04-20;;BTG PACTUAL SERVIÇOS FINANCEIROS S/A DTVM;;117599299.83;2025-03-31;34092;11.274.415/0001-70;4979;Classes de Cotas de Fundos FII;FUNDO DE INVESTIMENTO IMOBILIÁRIO - FII MAX RETAIL RESPONSABILIDADE LIMITADA;Em Funcionamento Normal;;Fechado;;105021185.06;2026-03-31;PRICEWATERHOUSECOOPERS AUDITORES INDEPENDENTES LTDA.;;;;;;;;;;;;;sem_inf_diario_202605
PQDP;PQDP11;FII D PEDRO;FUNDO DE INVESTIMENTO IMOBILIÁRIO - FII PARQUE DOM PEDRO SHOPPING CENTER RESPONSABILIDADE LIMITADA;NÃO;classe_exata;1.0;Alta;484;10.869.155/0001-12;309003;FII;FUNDO DE INVESTIMENTO IMOBILIÁRIO - FII PARQUE DOM PEDRO SHOPPING CENTER RESPONSABILIDADE LIMITADA;Em Funcionamento Normal;2009-06-16;;BTG PACTUAL SERVIÇOS FINANCEIROS S/A DTVM;BTG PACTUAL SERVIÇOS FINANCEIROS S/A DTVM;336217018.56;2025-02-28;34084;10.869.155/0001-12;4782;Classes de Cotas de Fundos FII;FUNDO DE INVESTIMENTO IMOBILIÁRIO - FII PARQUE DOM PEDRO SHOPPING CENTER RESPONSABILIDADE LIMITADA;Em Funcionamento Normal;;Fechado;;571578351.46;2026-03-31;ERNST & YOUNG AUDITORES INDEPENDENTES S/S LTDA.;;;;;;;;;;;;;sem_inf_diario_202605
RBRI;RBRI11;FII RBR III;FUNDO DE INVESTIMENTO IMOBILIÁRIO - FII RBR DESENVOLVIMENTO III RESPONSABILIDADE LIMITADA;NÃO;classe_exata;1.0;Alta;1047;32.441.656/0001-36;319003;FII;FUNDO DE INVESTIMENTO IMOBILIÁRIO - FII RBR DESENVOLVIMENTO III RESPONSABILIDADE LIMITADA;Em Funcionamento Normal;2019-01-17;;BTG PACTUAL SERVIÇOS FINANCEIROS S/A DTVM;RBR PRIVATE EQUITY GESTÃO DE RECURSOS LTDA.;113714489.21;2025-04-30;34400;32.441.656/0001-36;5797;Classes de Cotas de Fundos FII;FUNDO DE INVESTIMENTO IMOBILIÁRIO - FII RBR DESENVOLVIMENTO III RESPONSABILIDADE LIMITADA;Em Funcionamento Normal;;Fechado;;52970325.35;2026-03-31;GRANT THORNTON AUDITORES INDEPENDENTES LTDA.;BANCO BTG PACTUAL S/A;nome_exato;26.314.437/0001-93;CANCELADA;;;;;;;;;sem_inf_diario_202605
RDIV;RDIV11;FII RBRDESIV;FUNDO DE INVESTIMENTO IMOBILIÁRIO - FII RBR DESENVOLVIMENTO IV RESPONSABILIDADE LIMITADA;NÃO;classe_exata;1.0;Alta;1196;36.642.275/0001-76;320093;FII;FUNDO DE INVESTIMENTO IMOBILIÁRIO - FII RBR DESENVOLVIMENTO IV RESPONSABILIDADE LIMITADA;Em Funcionamento Normal;2020-10-07;;BTG PACTUAL SERVIÇOS FINANCEIROS S/A DTVM;RBR PRIVATE EQUITY GESTÃO DE RECURSOS LTDA.;242323473.17;2025-04-30;34496;36.642.275/0001-76;5860;Classes de Cotas de Fundos FII;FUNDO DE INVESTIMENTO IMOBILIÁRIO - FII RBR DESENVOLVIMENTO IV RESPONSABILIDADE LIMITADA;Em Funcionamento Normal;;Fechado;;223657011.21;2026-03-31;GRANT THORNTON AUDITORES INDEPENDENTES LTDA.;BANCO BTG PACTUAL S/A;nome_exato;26.314.437/0001-93;CANCELADA;;;;;;;;;sem_inf_diario_202605
RBRR;RBRR11;FII RBRR PAX;FUNDO DE INVESTIMENTO IMOBILIARIO - FII RBR RENDIMENTO HIGH GRADE RESPONSABILIDADE LIMITADA;NÃO;classe_exata;1.0;Alta;957;29.467.977/0001-03;318004;FII;FUNDO DE INVESTIMENTO IMOBILIARIO - FII RBR RENDIMENTO HIGH GRADE RESPONSABILIDADE LIMITADA;Em Funcionamento Normal;2018-01-30;;BTG PACTUAL SERVIÇOS FINANCEIROS S/A DTVM;RBR GESTÃO DE RECURSOS LTDA;1370338737.70;2025-02-28;34333;29.467.977/0001-03;4707;Classes de Cotas de Fundos FII;FUNDO DE INVESTIMENTO IMOBILIARIO - FII RBR RENDIMENTO HIGH GRADE RESPONSABILIDADE LIMITADA;Em Funcionamento Normal;;Fechado;;1511817994.91;2026-03-31;PRICEWATERHOUSECOOPERS AUDITORES INDEPENDENTES LTDA.;BANCO BTG PACTUAL S/A;;;;;;;;;;;;sem_inf_diario_202605
RECR;RECR11;FII REC RECE;FUNDO DE INVESTIMENTO IMOBILIÁRIO - FII REC RECEBÍVEIS IMOBILIÁRIOS - RESPONSABILIDADE LIMITADA;NÃO;classe_exata;1.0;Alta;925;28.152.272/0001-26;317053;FII;FUNDO DE INVESTIMENTO IMOBILIÁRIO - FII REC RECEBÍVEIS IMOBILIÁRIOS - RESPONSABILIDADE LIMITADA;Em Funcionamento Normal;2017-07-21;;BRL TRUST DISTRIBUIDORA DE TITULOS E VALORES MOBILIARIOS S.A.;BRL TRUST DISTRIBUIDORA DE TITULOS E VALORES MOBILIARIOS S.A.;2359665396.17;2025-05-31;34313;28.152.272/0001-26;9903;Classes de Cotas de Fundos FII;FUNDO DE INVESTIMENTO IMOBILIÁRIO - FII REC RECEBÍVEIS IMOBILIÁRIOS - RESPONSABILIDADE LIMITADA;Em Funcionamento Normal;;Fechado;;2351537277.46;2026-03-31;BAKER TILLY 4PARTNERS AUDITORES INDEPENDENTES LTDA.;BRL TRUST DISTRIBUIDORA DE TITULOS E VALORES MOBILIARIOS S.A.;nome_fuzzy_0.90;40.102.474/0001-69;LIQUIDAÇÃO;;;;;;;;;sem_inf_diario_202605
RECT;RECT11;FII REC REND;FUNDO DE INVESTIMENTO IMOBILIÁRIO - FII REC RENDA IMOBILIÁRIA - RESPONSABILIDADE LIMITADA;NÃO;classe_exata;1.0;Alta;1036;32.274.163/0001-59;318069;FII;FUNDO DE INVESTIMENTO IMOBILIÁRIO - FII REC RENDA IMOBILIÁRIA - RESPONSABILIDADE LIMITADA;Em Funcionamento Normal;2018-12-20;;BRL TRUST DISTRIBUIDORA DE TITULOS E VALORES MOBILIARIOS S.A.;BRL TRUST DISTRIBUIDORA DE TITULOS E VALORES MOBILIARIOS S.A.;776603301.84;2025-05-31;34391;32.274.163/0001-59;7978;Classes de Cotas de Fundos FII;FUNDO DE INVESTIMENTO IMOBILIÁRIO - FII REC RENDA IMOBILIÁRIA - RESPONSABILIDADE LIMITADA;Em Funcionamento Normal;;Fechado;;766838973.45;2026-03-31;BAKER TILLY 4PARTNERS AUDITORES INDEPENDENTES LTDA.;BRL TRUST DISTRIBUIDORA DE TITULOS E VALORES MOBILIARIOS S.A.;;;;;;;;;;;;sem_inf_diario_202605
SHDP;SHDP11;FII SHOP PDP;FUNDO DE INVESTIMENTO IMOBILIÁRIO - FII SHOPPING PARQUE D. PEDRO RESPONSABILIDADE LIMITADA;NÃO;classe_exata;1.0;Alta;443;7224019000160;305001;FII;FUNDO DE INVESTIMENTO IMOBILIÁRIO - FII SHOPPING PARQUE D. PEDRO RESPONSABILIDADE LIMITADA;Em Funcionamento Normal;2005-01-28;;BTG PACTUAL SERVIÇOS FINANCEIROS S/A DTVM;;1658407287.99;2025-04-30;34060;7224019000160;5711;Classes de Cotas de Fundos FII;FUNDO DE INVESTIMENTO IMOBILIÁRIO - FII SHOPPING PARQUE D. PEDRO RESPONSABILIDADE LIMITADA;Em Funcionamento Normal;;;;1234250733.93;2026-03-31;ERNST & YOUNG AUDITORES INDEPENDENTES S/S LTDA.;;;;;;;;;;;;;sem_inf_diario_202605
TRNT;TRNT11;FII TORRE NO;FUNDO DE INVESTIMENTO IMOBILIÁRIO - FII TORRE NORTE;NÃO;classe_exata;1.0;Alta;428;4722883000102;301005;FII;FUNDO DE INVESTIMENTO IMOBILIÁRIO - FII TORRE NORTE;Em Funcionamento Normal;2001-10-10;;BTG PACTUAL SERVIÇOS FINANCEIROS S/A DTVM;PÁTRIA VBI ASSET MANAGEMENT LTDA.;682291776.73;2024-11-30;34055;4722883000102;3379;Classes de Cotas de Fundos FII;FUNDO DE INVESTIMENTO IMOBILIÁRIO - FII TORRE NORTE;Em Funcionamento Normal;;;;652098161.86;2026-03-31;ERNST & YOUNG AUDITORES INDEPENDENTES S/S LTDA.;BANCO BTG PACTUAL S/A;;;;;;;;;;;;sem_inf_diario_202605
APXR;APXR11;FII APXR;FUNDO DE INVESTIMENTO IMOBILIÁRIO APEX REALTY - FII;NÃO;classe_exata;1.0;Alta;1732;52.446.271/0001-79;323136;FII;FUNDO DE INVESTIMENTO IMOBILIÁRIO APEX REALTY - FII;Em Funcionamento Normal;2023-10-05;;BTG PACTUAL SERVIÇOS FINANCEIROS S/A DTVM;BRM CARBYNE GESTÃO DE RECURSOS LTDA.;8763816.05;2024-09-30;34846;52.446.271/0001-79;27;Classes de Cotas de Fundos FII;FUNDO DE INVESTIMENTO IMOBILIÁRIO APEX REALTY - FII;Em Funcionamento Normal;;Fechado;;8413085.62;2026-03-31;;BANCO BTG PACTUAL S/A;;;;;;;;;;;;sem_inf_diario_202605
BRHT;BRHT11;FII BRHOTEIS;FUNDO DE INVESTIMENTO IMOBILIÁRIO BR HOTÉIS;NÃO;classe_exata;1.0;Alta;612;15.461.076/0001-91;312043;FII;FUNDO DE INVESTIMENTO IMOBILIÁRIO BR HOTÉIS;Em Funcionamento Normal;2012-12-18;;RJI CORRETORA DE TÍTULOS E VALORES MOBILIÁRIOS LTDA.;GRAPHEN INVESTIMENTOS LTDA.;117455600.20;2025-05-31;34152;15.461.076/0001-91;6548;Classes de Cotas de Fundos FII;FUNDO DE INVESTIMENTO IMOBILIÁRIO BR HOTÉIS;Em Funcionamento Normal;;Fechado;;112199117.71;2026-04-30;GRANT THORNTON AUDITORES INDEPENDENTES LTDA.;RJI CORRETORA DE TÍTULOS E VALORES MOBILIÁRIOS LTDA.;;;;;;;;;;;;sem_inf_diario_202605
BRCQ;BRCQ11;FII BRCQ;FUNDO DE INVESTIMENTO IMOBILIÁRIO BRC-IV DESENVOLVIMENTO RESPONSABILIDADE LIMITADA;NÃO;classe_exata;1.0;Alta;1958;57.495.006/0001-02;324169;FII;FUNDO DE INVESTIMENTO IMOBILIÁRIO BRC-IV DESENVOLVIMENTO RESPONSABILIDADE LIMITADA;Em Funcionamento Normal;2024-09-30;;BR-CAPITAL DTVM S.A.;BR-CAPITAL DTVM S.A.;;;35022;57.495.006/0001-02;2585;Classes de Cotas de Fundos FII;FUNDO DE INVESTIMENTO IMOBILIÁRIO BRC-IV DESENVOLVIMENTO RESPONSABILIDADE LIMITADA;Em Funcionamento Normal;;Fechado;;14715817.55;2026-03-31;RSM BRASIL AUDITORES INDEPENDENTES LTDA.;BR-CAPITAL DTVM S.A.;nome_fuzzy_0.95;26.314.437/0001-93;CANCELADA;;;;;;;;;sem_inf_diario_202605
CXAG;CXAG11;FII CAIXA AG;FUNDO DE INVESTIMENTO IMOBILIÁRIO CAIXA AGÊNCIAS - RESPONSABILIDADE LIMITADA;NÃO;classe_exata;1.0;Alta;1293;40.189.596/0001-34;321064;FII;FUNDO DE INVESTIMENTO IMOBILIÁRIO CAIXA AGÊNCIAS - RESPONSABILIDADE LIMITADA;Em Funcionamento Normal;2021-06-04;;OLIVEIRA TRUST DTVM S.A.;RB ASSET MANAGEMENT LTDA;242237421.73;2025-04-30;34561;40.189.596/0001-34;5886;Classes de Cotas de Fundos FII;FUNDO DE INVESTIMENTO IMOBILIÁRIO CAIXA AGÊNCIAS - RESPONSABILIDADE LIMITADA;Em Funcionamento Normal;;Fechado;;231296079.72;2026-03-31;GRANT THORNTON AUDITORES INDEPENDENTES LTDA.;;;;;;;;;;;;;sem_inf_diario_202605
CXCI;CXCI11;FII CAIXA CI;FUNDO DE INVESTIMENTO IMOBILIÁRIO CAIXA CARTEIRA IMOBILIÁRIA RESPONSABILIDADE LIMITADA;NÃO;classe_exata;1.0;Alta;1378;42.066.916/0001-94;321111;FII;FUNDO DE INVESTIMENTO IMOBILIÁRIO CAIXA CARTEIRA IMOBILIÁRIA RESPONSABILIDADE LIMITADA;Em Funcionamento Normal;2021-08-18;;CAIXA ECONOMICA FEDERAL;CAIXA DISTRIBUIDORA DE TÍTULOS E VALORES MOBILIÁRIOS S.A.;175172814.49;2025-05-31;34613;42.066.916/0001-94;8273;Classes de Cotas de Fundos FII;FUNDO DE INVESTIMENTO IMOBILIÁRIO CAIXA CARTEIRA IMOBILIÁRIA RESPONSABILIDADE LIMITADA;Em Funcionamento Normal;;Fechado;;177418144.18;2026-03-31;KPMG AUDITORES INDEPENDENTES LTDA.;ITAU UNIBANCO S.A.;;;;;;;;;;;;sem_inf_diario_202605
CXCE;CXCE11;FII CX CEDAE;FUNDO DE INVESTIMENTO IMOBILIÁRIO CAIXA CEDAE RESPONSABILIDADE LIMITADA;NÃO;classe_exata;1.0;Alta;485;10.991.914/0001-15;310002;FII;FUNDO DE INVESTIMENTO IMOBILIÁRIO CAIXA CEDAE RESPONSABILIDADE LIMITADA;Em Funcionamento Normal;2010-02-22;;CAIXA ECONOMICA FEDERAL;CAIXA ECONOMICA FEDERAL;108617907.94;2025-05-31;34085;10.991.914/0001-15;6530;Classes de Cotas de Fundos FII;FUNDO DE INVESTIMENTO IMOBILIÁRIO CAIXA CEDAE RESPONSABILIDADE LIMITADA;Em Funcionamento Normal;;Fechado;;107987804.32;2026-03-31;PRICEWATERHOUSECOOPERS AUDITORES INDEPENDENTES LTDA.;BANVOX DISTRIBUIDORA DE TITULOS E VALORES MOBILIARIOS LTDA;;;;;;;;;;;;sem_inf_diario_202605
CXTL;CXTL11;FII CX TRX;FUNDO DE INVESTIMENTO IMOBILIARIO CAIXA SEQ LOGISTICA RENDA RESPONSABILIDADE LIMITADA;NÃO;classe_exata;1.0;Alta;537;12.887.506/0001-43;311032;FII;FUNDO DE INVESTIMENTO IMOBILIARIO CAIXA SEQ LOGISTICA RENDA RESPONSABILIDADE LIMITADA;Em Funcionamento Normal;2011-11-29;;CAIXA ECONOMICA FEDERAL;CAIXA ECONOMICA FEDERAL;22308895.24;2025-05-31;34110;12.887.506/0001-43;7692;Classes de Cotas de Fundos FII;FUNDO DE INVESTIMENTO IMOBILIARIO CAIXA SEQ LOGISTICA RENDA RESPONSABILIDADE LIMITADA;Em Funcionamento Normal;;Fechado;;22250011.47;2026-03-31;PRICEWATERHOUSECOOPERS AUDITORES INDEPENDENTES LTDA.;;;;;;;;;;;;;sem_inf_diario_202605
IDUA;IDUA11;FII IDUA;FUNDO DE INVESTIMENTO IMOBILIÁRIO DE UNIDADES AUTÔNOMAS IV;NÃO;classe_exata;1.0;Alta;1720;52.324.762/0001-47;323124;FII;FUNDO DE INVESTIMENTO IMOBILIÁRIO DE UNIDADES AUTÔNOMAS IV;Em Funcionamento Normal;2023-09-26;;ID CORRETORA DE TITULOS E VALORES MOBILIARIOS S.A.;GESTORA DE RECURSOS ID - GRID LTDA;26192582.34;2025-09-30;34837;52.324.762/0001-47;13765;Classes de Cotas de Fundos FII;FUNDO DE INVESTIMENTO IMOBILIÁRIO DE UNIDADES AUTÔNOMAS IV;Em Funcionamento Normal;;Fechado;;3251758.67;2026-03-31;NEXT AUDITORES INDEPENDENTES S/S LTDA.;ID CORRETORA DE TITULOS E VALORES MOBILIARIOS S.A.;nome_exato;32.774.914/0001-04;CANCELADA;;;;;;;;;sem_inf_diario_202605
LKDV;LKDV11;FII DEV ONE;FUNDO DE INVESTIMENTO IMOBILIÁRIO DEVELOPMENT V1 RESPONSABILIDADE LIMITADA;NÃO;classe_exata;1.0;Alta;1287;40.102.445/0001-05;321015;FII;FUNDO DE INVESTIMENTO IMOBILIÁRIO DEVELOPMENT V1 RESPONSABILIDADE LIMITADA;Em Funcionamento Normal;2021-02-18;;BTG PACTUAL SERVIÇOS FINANCEIROS S/A DTVM;LAKEWOOD GESTÃO DE RECURSOS LTDA.;72278375.98;2025-04-30;34559;40.102.445/0001-05;6394;Classes de Cotas de Fundos FII;FUNDO DE INVESTIMENTO IMOBILIÁRIO DEVELOPMENT V1 RESPONSABILIDADE LIMITADA;Em Funcionamento Normal;;Fechado;;73487802.74;2026-03-31;PRICEWATERHOUSECOOPERS AUDITORES INDEPENDENTES LTDA.;BANCO BTG PACTUAL S/A;;;;;;;;;;;;sem_inf_diario_202605
EDFO;EDFO11;FII OURINVES;FUNDO DE INVESTIMENTO IMOBILIÁRIO EDIFÍCIO OURINVEST - RESPONSABILIDADE LIMITADA;NÃO;classe_exata;1.0;Alta;439;6175262000173;304001;FII;FUNDO DE INVESTIMENTO IMOBILIÁRIO EDIFÍCIO OURINVEST - RESPONSABILIDADE LIMITADA;Em Funcionamento Normal;2004-05-05;;OLIVEIRA TRUST DTVM S.A.;TELLUS INVESTIMENTOS E  CONSULTORIA LTDA.;49922001.61;2025-05-31;34057;6175262000173;7668;Classes de Cotas de Fundos FII;FUNDO DE INVESTIMENTO IMOBILIÁRIO EDIFÍCIO OURINVEST - RESPONSABILIDADE LIMITADA;Em Funcionamento Normal;;Fechado;;57041266.46;2026-03-31;PRICEWATERHOUSECOOPERS AUDITORES INDEPENDENTES LTDA.;;;;;;;;;;;;;sem_inf_diario_202605
NVHO;NVHO11;FII NOVOHORI;FUNDO DE INVESTIMENTO IMOBILIÁRIO FII NOVO HORIZONTE - RESPONSABILIDADE LIMITADA;NÃO;classe_exata;1.0;Alta;649;17.025.970/0001-44;313037;FII;FUNDO DE INVESTIMENTO IMOBILIÁRIO FII NOVO HORIZONTE - RESPONSABILIDADE LIMITADA;Em Funcionamento Normal;2013-09-10;;BANCO GENIAL S.A.;;688810807.16;2025-05-31;34170;17.025.970/0001-44;7773;Classes de Cotas de Fundos FII;FUNDO DE INVESTIMENTO IMOBILIÁRIO FII NOVO HORIZONTE - RESPONSABILIDADE LIMITADA;Em Funcionamento Normal;;Fechado;;687487146.10;2026-04-30;GRANT THORNTON AUDITORES INDEPENDENTES LTDA.;BANCO GENIAL S.A.;;;;;;;;;;;;sem_inf_diario_202605
GTWR;GTWR11;FII G TOWERS;FUNDO DE INVESTIMENTO IMOBILIÁRIO GREEN TOWERS RESPONSABILIDADE LIMITADA;NÃO;classe_exata;1.0;Alta;809;23.740.527/0001-58;316057;FII;FUNDO DE INVESTIMENTO IMOBILIÁRIO GREEN TOWERS RESPONSABILIDADE LIMITADA;Em Funcionamento Normal;2016-12-14;;BEM - DISTRIBUIDORA DE TITULOS E VALORES MOBILIARIOS LTDA.;TIVIO CAPITAL DISTRIBUIDORA DE TITULOS E VALORES MOBILIARIOS S.A.;1196875265.21;2025-04-30;34265;23.740.527/0001-58;6033;Classes de Cotas de Fundos FII;FUNDO DE INVESTIMENTO IMOBILIÁRIO GREEN TOWERS RESPONSABILIDADE LIMITADA;Em Funcionamento Normal;;Fechado;;1216811756.70;2026-03-31;KPMG AUDITORES INDEPENDENTES LTDA.;BANCO BRADESCO S.A.;;;;;;;;;;;;sem_inf_diario_202605
HBCR;HBCR11;FII HBC REN;FUNDO DE INVESTIMENTO IMOBILIÁRIO HBC RENDA URBANA;NÃO;classe_exata;1.0;Alta;1183;36.501.159/0001-37;320095;FII;FUNDO DE INVESTIMENTO IMOBILIÁRIO HBC RENDA URBANA;Em Funcionamento Normal;2020-10-15;;BTG PACTUAL SERVIÇOS FINANCEIROS S/A DTVM;CAPITÂNIA HBC CONSULTORIA E GESTÃO S.A.;195757615.18;2025-02-28;34487;36.501.159/0001-37;4723;Classes de Cotas de Fundos FII;FUNDO DE INVESTIMENTO IMOBILIÁRIO HBC RENDA URBANA;Em Funcionamento Normal;;Fechado;;183027741.57;2026-03-31;GRANT THORNTON AUDITORES INDEPENDENTES LTDA.;BANCO BTG PACTUAL S/A;;;;;;;;;;;;sem_inf_diario_202605
HUCG;HUCG11;FII UNIMED C;FUNDO DE INVESTIMENTO IMOBILIÁRIO HOSPITAL UNIMED CAMPINA GRANDE RESPONSABILIDADE LIMITADA;NÃO;fundo_exato;0.98;Alta;1254;39.347.413/0001-82;320094;FII;Fundo de Investimento Imobiliário Hospital Unimed Campina Grande Responsabilidade Limitada;Em Funcionamento Normal;2020-10-09;;COINVALORES CCVM LTDA;INVESTCOOP ASSET MANAGEMENT LTDA.;143807884.91;2026-03-31;;;;;;;;;;;;;;cnpj;39.347.413/0001-82;EM FUNCIONAMENTO NORMAL;;;;;;;;;sem_inf_diario_202605
HUSC;HUSC11;FII H UNIMED;FUNDO DE INVESTIMENTO IMOBILIARIO HOSPITAL UNIMED SUL CAPIXABA;NÃO;classe_exata;1.0;Alta;945;28.851.767/0001-43;317085;FII;FUNDO DE INVESTIMENTO IMOBILIARIO HOSPITAL UNIMED SUL CAPIXABA;Em Funcionamento Normal;2017-11-09;;INTER DISTRIBUIDORA DE TÍTULOS E VALORES MOBILIÁRIOS;INVESTCOOP ASSET MANAGEMENT LTDA.;126797949.99;2025-05-31;34326;28.851.767/0001-43;10006;Classes de Cotas de Fundos FII;FUNDO DE INVESTIMENTO IMOBILIARIO HOSPITAL UNIMED SUL CAPIXABA;Em Funcionamento Normal;;Fechado;;129248733.08;2026-03-31;NEXT AUDITORES INDEPENDENTES S/S LTDA.;INTER DISTRIBUIDORA DE TÍTULOS E VALORES MOBILIÁRIOS;;;;;;;;;;;;sem_inf_diario_202605
HOSI;HOSI11;FII HOUSI;FUNDO DE INVESTIMENTO IMOBILIÁRIO HOUSI RESPONSABILIDADE LIMITADA;NÃO;classe_exata;1.0;Alta;1083;34.081.631/0001-02;319051;FII;FUNDO DE INVESTIMENTO IMOBILIÁRIO HOUSI RESPONSABILIDADE LIMITADA;Em Funcionamento Normal;2019-09-10;;VORTX DISTRIBUIDORA DE TITULOS E VALORES MOBILIARIOS LTDA.;VORTX DISTRIBUIDORA DE TITULOS E VALORES MOBILIARIOS LTDA.;51792136.00;2025-05-31;34421;34.081.631/0001-02;10448;Classes de Cotas de Fundos FII;FUNDO DE INVESTIMENTO IMOBILIÁRIO HOUSI RESPONSABILIDADE LIMITADA;Em Funcionamento Normal;;Fechado;;69477364.30;2026-03-31;ECOVIS WFA AUDITORES INDEPENDENTES S/S;VORTX DISTRIBUIDORA DE TITULOS E VALORES MOBILIARIOS LTDA.;;;;;;;;;;;;sem_inf_diario_202605
FINF;FINF11;FII INFRA RE;FUNDO DE INVESTIMENTO IMOBILIÁRIO INFRA REAL ESTATE - FII RESPONSABILIDADE LIMITADA;NÃO;classe_exata;1.0;Alta;698;18.369.510/0001-04;313042;FII;FUNDO DE INVESTIMENTO IMOBILIÁRIO INFRA REAL ESTATE - FII RESPONSABILIDADE LIMITADA;Em Funcionamento Normal;2013-10-04;;TRUSTEE DISTRIBUIDORA DE TITULOS E VALORES MOBILIARIOS LTDA.;INFRA ASSET MANAGEMENT LTDA;32162885.11;2025-05-31;34199;18.369.510/0001-04;9482;Classes de Cotas de Fundos FII;FUNDO DE INVESTIMENTO IMOBILIÁRIO INFRA REAL ESTATE - FII RESPONSABILIDADE LIMITADA;Em Funcionamento Normal;;Fechado;;90750297.04;2026-03-31;RSM BRASIL AUDITORES INDEPENDENTES LTDA.;TRUSTEE DISTRIBUIDORA DE TITULOS E VALORES MOBILIARIOS LTDA.;nome_fuzzy_0.85;36.398.460/0001-67;CANCELADA;;;;;;;;;sem_inf_diario_202605
BLUE;BLUE11;FII BLUE;FUNDO DE INVESTIMENTO IMOBILIÁRIO MACAM SHOPPING RESPONSABILIDADE LIMITADA;NÃO;fundo_exato;0.98;Alta;628;16.685.929/0001-31;323011;FII;FUNDO DE INVESTIMENTO IMOBILIÁRIO MACAM SHOPPING RESPONSABILIDADE LIMITADA;Em Funcionamento Normal;2023-02-13;;MASTER S/A CORRETORA DE CAMBIO, TITULOS E VALORES MOBILIARIOS;BLUEMAC ASSET MANAGEMENT LTDA;470636305.64;2026-03-31;;;;;;;;;;;;;;cnpj;16.685.929/0001-31;EM FUNCIONAMENTO NORMAL;;;;;;;;;sem_inf_diario_202605
MMPD;MMPD11;FII MAUA MPD;FUNDO DE INVESTIMENTO IMOBILIÁRIO MAUÁ CAPITAL MPD DESENVOLVIMENTO RESIDENCIAL RESP LIMITADA;NÃO;classe_exata;1.0;Alta;1322;41.080.968/0001-52;321063;FII;FUNDO DE INVESTIMENTO IMOBILIÁRIO MAUÁ CAPITAL MPD DESENVOLVIMENTO RESIDENCIAL RESP LIMITADA;Em Funcionamento Normal;2021-06-02;;BTG PACTUAL SERVIÇOS FINANCEIROS S/A DTVM;MAUÁ CAPITAL REAL ESTATE LTDA;59663467.82;2025-05-31;34578;41.080.968/0001-52;7110;Classes de Cotas de Fundos FII;FUNDO DE INVESTIMENTO IMOBILIÁRIO MAUÁ CAPITAL MPD DESENVOLVIMENTO RESIDENCIAL RESP LIMITADA;Em Funcionamento Normal;;Fechado;;60236102.09;2026-03-31;ERNST & YOUNG AUDITORES INDEPENDENTES S/S LTDA.;BANCO BTG PACTUAL S/A;;;;;;;;;;;;sem_inf_diario_202605
MCCI;MCCI11;FII MAUA;FUNDO DE INVESTIMENTO IMOBILIÁRIO MAUÁ CAPITAL RECEBÍVEIS IMOBILIÁRIOS - FII RESPONSABILIDADE LIMITA;NÃO;classe_exata;1.0;Alta;808;23.648.935/0001-84;319042;FII;FUNDO DE INVESTIMENTO IMOBILIÁRIO MAUÁ CAPITAL RECEBÍVEIS IMOBILIÁRIOS - FII RESPONSABILIDADE LIMITA;Em Funcionamento Normal;2019-08-21;;BTG PACTUAL SERVIÇOS FINANCEIROS S/A DTVM;MAUÁ CAPITAL REAL ESTATE LTDA;1599614116.26;2025-05-31;34264;23.648.935/0001-84;7072;Classes de Cotas de Fundos FII;FUNDO DE INVESTIMENTO IMOBILIÁRIO MAUÁ CAPITAL RECEBÍVEIS IMOBILIÁRIOS - FII RESPONSABILIDADE LIMITA;Em Funcionamento Normal;;Fechado;;1613492898.72;2026-03-31;PRICEWATERHOUSECOOPERS AUDITORES INDEPENDENTES LTDA.;BANCO BTG PACTUAL S/A;cnpj;23.648.935/0001-84;CANCELADA;;;;;;;;;sem_inf_diario_202605
WTSP;WTSP11;FII WTC SP;FUNDO DE INVESTIMENTO IMOBILIÁRIO OURINVEST RE I - RESPONSABILIDADE LIMITADA;NÃO;classe_exata;1.0;Alta;939;28.693.595/0001-27;317079;FII;FUNDO DE INVESTIMENTO IMOBILIÁRIO OURINVEST RE I - RESPONSABILIDADE LIMITADA;Em Funcionamento Normal;2017-10-13;;OURIBANK S.A. BANCO MULTIPLO;FAR FATOR ADMINISTRAÇÃO DE RECURSOS LTDA;104514250.27;2025-05-31;34321;28.693.595/0001-27;8826;Classes de Cotas de Fundos FII;FUNDO DE INVESTIMENTO IMOBILIÁRIO OURINVEST RE I - RESPONSABILIDADE LIMITADA;Em Funcionamento Normal;;Fechado;;116316592.90;2026-03-31;GRANT THORNTON AUDITORES INDEPENDENTES LTDA.;OURIBANK S.A. BANCO MULTIPLO;;;;;;;;;;;;sem_inf_diario_202605
PABY;PABY11;FII PANAMBY;FUNDO DE INVESTIMENTO IMOBILIÁRIO PANAMBY;NÃO;classe_exata;1.0;Alta;351;613094000174;395003;FII;FUNDO DE INVESTIMENTO IMOBILIÁRIO PANAMBY;Em Funcionamento Normal;1995-03-08;;BANCO GENIAL S.A.;;-21838173.37;2025-04-30;34037;613094000174;6645;Classes de Cotas de Fundos FII;FUNDO DE INVESTIMENTO IMOBILIÁRIO PANAMBY;Em Funcionamento Normal;;Fechado;;-26124980.12;2026-03-31;BAKER TILLY BRASIL RJ AUDITORES INDEPENDENTES LTDA.;BANCO GENIAL S.A.;;;;;;;;;;;;sem_inf_diario_202605
VTPA;VTPA11;FII VOTP V;FUNDO DE INVESTIMENTO IMOBILIÁRIO PATRIMONIAL V RESPONSABILIDADE LIMITADA;NÃO;classe_exata;1.0;Alta;764;21.500.481/0001-74;316049;FII;FUNDO DE INVESTIMENTO IMOBILIÁRIO PATRIMONIAL V RESPONSABILIDADE LIMITADA;Em Funcionamento Normal;2016-11-18;;OLIVEIRA TRUST DTVM S.A.;OLIVEIRA TRUST DTVM S.A.;65715210.08;2025-05-31;34237;21.500.481/0001-74;7048;Classes de Cotas de Fundos FII;FUNDO DE INVESTIMENTO IMOBILIÁRIO PATRIMONIAL V RESPONSABILIDADE LIMITADA;Em Funcionamento Normal;;Fechado;;69338724.46;2026-03-31;KPMG AUDITORES INDEPENDENTES LTDA.;OLIVEIRA TRUST DTVM S.A.;nome_exato;15.163.511/0001-00;CANCELADA;Multimercados Livre;;;;;;;;sem_inf_diario_202605
FPNG;FPNG11;FII P NEGRA;FUNDO DE INVESTIMENTO IMOBILIÁRIO PEDRA NEGRA RENDA IMOBILIÁRIA - RESPONSABILIDADE LIMITADA;NÃO;classe_exata;1.0;Alta;655;17.161.979/0001-82;313001;FII;FUNDO DE INVESTIMENTO IMOBILIÁRIO PEDRA NEGRA RENDA IMOBILIÁRIA - RESPONSABILIDADE LIMITADA;Em Funcionamento Normal;2013-01-16;;BR-CAPITAL DTVM S.A.;;455184814.80;2025-05-31;34174;17.161.979/0001-82;9423;Classes de Cotas de Fundos FII;FUNDO DE INVESTIMENTO IMOBILIÁRIO PEDRA NEGRA RENDA IMOBILIÁRIA - RESPONSABILIDADE LIMITADA;Em Funcionamento Normal;;Fechado;;654422271.18;2026-03-31;ECOVIS WFA AUDITORES INDEPENDENTES S/S;ITAU CORRETORA DE VALORES SA;;;;;;;;;;;;sem_inf_diario_202605
VTPL;VTPL11;FII PLUS;FUNDO DE INVESTIMENTO IMOBILIÁRIO PLUS RESPONSABILIDADE LIMITADA;NÃO;classe_exata;1.0;Alta;603;15.098.422/0001-19;313046;FII;FUNDO DE INVESTIMENTO IMOBILIÁRIO PLUS RESPONSABILIDADE LIMITADA;Em Funcionamento Normal;2013-12-06;;BTG PACTUAL SERVIÇOS FINANCEIROS S/A DTVM;BTG PACTUAL SERVIÇOS FINANCEIROS S/A DTVM;139609071.86;2025-04-30;34147;15.098.422/0001-19;5452;Classes de Cotas de Fundos FII;FUNDO DE INVESTIMENTO IMOBILIÁRIO PLUS RESPONSABILIDADE LIMITADA;Em Funcionamento Normal;;Fechado;;166279124.46;2026-03-31;GRANT THORNTON AUDITORES INDEPENDENTES LTDA.;BANCO BTG PACTUAL S/A;;;;;;;;;;;;sem_inf_diario_202605
ESTQ;ESTQ11;FII POLO II;FUNDO DE INVESTIMENTO IMOBILIARIO POLO ESTOQUE II RESPONSABILIDADE LIMITADA;NÃO;classe_exata;1.0;Alta;699;18.497.672/0001-10;314007;FII;FUNDO DE INVESTIMENTO IMOBILIARIO POLO ESTOQUE II RESPONSABILIDADE LIMITADA;Em Funcionamento Normal;2014-05-08;;OLIVEIRA TRUST DTVM S.A.;POLO CAPITAL GESTÃO DE RECURSOS LTDA;881881.41;2025-05-31;34200;18.497.672/0001-10;9490;Classes de Cotas de Fundos FII;FUNDO DE INVESTIMENTO IMOBILIARIO POLO ESTOQUE II RESPONSABILIDADE LIMITADA;Em Funcionamento Normal;;Fechado;;974528.74;2026-03-31;GRANT THORNTON AUDITORES INDEPENDENTES LTDA.;OLIVEIRA TRUST DTVM S.A.;nome_exato;14.665.312/0001-29;CANCELADA;;;;;;;;;sem_inf_diario_202605
VPSI;VPSI11;FII POLO SHO;FUNDO DE INVESTIMENTO IMOBILIÁRIO POLO SHOPPING INDAIATUBA - RESPONSABILIDADE LIMITADA;NÃO;classe_exata;1.0;Alta;593;14.721.889/0001-00;312045;FII;FUNDO DE INVESTIMENTO IMOBILIÁRIO POLO SHOPPING INDAIATUBA - RESPONSABILIDADE LIMITADA;Em Funcionamento Normal;2012-12-20;;BRL TRUST DISTRIBUIDORA DE TITULOS E VALORES MOBILIARIOS S.A.;BRL TRUST INVESTIMENTOS LTDA.;248152920.23;2025-04-30;34142;14.721.889/0001-00;6190;Classes de Cotas de Fundos FII;FUNDO DE INVESTIMENTO IMOBILIÁRIO POLO SHOPPING INDAIATUBA - RESPONSABILIDADE LIMITADA;Em Funcionamento Normal;;Fechado;;271225069.21;2026-03-31;RSM ACAL AUDITORES INDEPENDENTES S/S;BRL TRUST DISTRIBUIDORA DE TITULOS E VALORES MOBILIARIOS S.A.;;;;;;;;;;;;sem_inf_diario_202605
RBRY;RBRY11;FII RBRY PAX;FUNDO DE INVESTIMENTO IMOBILIÁRIO RBR CRÉDITO IMOBILIÁRIO ESTRUTURADO RESPONSABILIDADE LIMITADA;NÃO;classe_exata;1.0;Alta;969;30.166.700/0001-11;318018;FII;FUNDO DE INVESTIMENTO IMOBILIÁRIO RBR CRÉDITO IMOBILIÁRIO ESTRUTURADO RESPONSABILIDADE LIMITADA;Em Funcionamento Normal;2018-04-17;;BTG PACTUAL SERVIÇOS FINANCEIROS S/A DTVM;RBR GESTÃO DE RECURSOS LTDA;1222200924.54;2025-02-28;34341;30.166.700/0001-11;4790;Classes de Cotas de Fundos FII;FUNDO DE INVESTIMENTO IMOBILIÁRIO RBR CRÉDITO IMOBILIÁRIO ESTRUTURADO RESPONSABILIDADE LIMITADA;Em Funcionamento Normal;;Fechado;;1274439804.35;2026-03-31;PRICEWATERHOUSECOOPERS AUDITORES INDEPENDENTES LTDA.;BANCO BTG PACTUAL S/A;;;;;;;;;;;;sem_inf_diario_202605
RBRP;RBRP11;FII RBRP PAX;FUNDO DE INVESTIMENTO IMOBILIÁRIO RBR PROPERTIES - FII RESPONSABILIDADE LIMITADA;NÃO;classe_exata;1.0;Alta;763;21.408.063/0001-51;314027;FII;FUNDO DE INVESTIMENTO IMOBILIÁRIO RBR PROPERTIES - FII RESPONSABILIDADE LIMITADA;Em Funcionamento Normal;2014-11-11;;BRL TRUST DISTRIBUIDORA DE TITULOS E VALORES MOBILIARIOS S.A.;RBR GESTÃO DE RECURSOS LTDA;929424315.76;2025-05-31;34236;21.408.063/0001-51;7188;Classes de Cotas de Fundos FII;FUNDO DE INVESTIMENTO IMOBILIÁRIO RBR PROPERTIES - FII RESPONSABILIDADE LIMITADA;Em Funcionamento Normal;;Fechado;;994378955.42;2026-03-31;PRICEWATERHOUSECOOPERS AUDITORES INDEPENDENTES LTDA.;BRL TRUST DISTRIBUIDORA DE TITULOS E VALORES MOBILIARIOS S.A.;nome_fuzzy_0.96;39.317.150/0001-69;CANCELADA;;;;;;;;;sem_inf_diario_202605
RELG;RELG11;FII REC LOG;FUNDO DE INVESTIMENTO IMOBILIÁRIO REC LOGÍSTICA - RESPONSABILIDADE  LIMITADA;NÃO;classe_exata;1.0;Alta;1216;37.112.770/0001-36;320035;FII;FUNDO DE INVESTIMENTO IMOBILIÁRIO REC LOGÍSTICA - RESPONSABILIDADE  LIMITADA;Em Funcionamento Normal;2020-05-15;;BRL TRUST DISTRIBUIDORA DE TITULOS E VALORES MOBILIARIOS S.A.;REC GESTÃO DE RECURSOS S.A.;119319975.15;2025-05-31;34513;37.112.770/0001-36;7293;Classes de Cotas de Fundos FII;FUNDO DE INVESTIMENTO IMOBILIÁRIO REC LOGÍSTICA - RESPONSABILIDADE  LIMITADA;Em Funcionamento Normal;;Fechado;;115603252.25;2026-03-31;BAKER TILLY 4PARTNERS AUDITORES INDEPENDENTES LTDA.;BRL TRUST DISTRIBUIDORA DE TITULOS E VALORES MOBILIARIOS S.A.;;;;;;;;;;;;sem_inf_diario_202605
RLGX;RLGX11;FII RLGX;FUNDO DE INVESTIMENTO IMOBILIÁRIO REC LOGÍSTICA II - RESPONSABILIDADE LIMITADA;NÃO;classe_exata;1.0;Alta;1216;37.112.770/0001-36;320035;FII;FUNDO DE INVESTIMENTO IMOBILIÁRIO REC LOGÍSTICA - RESPONSABILIDADE  LIMITADA;Em Funcionamento Normal;2020-05-15;;BRL TRUST DISTRIBUIDORA DE TITULOS E VALORES MOBILIARIOS S.A.;REC GESTÃO DE RECURSOS S.A.;119319975.15;2025-05-31;34513;37.112.770/0001-36;7293;Classes de Cotas de Fundos FII;FUNDO DE INVESTIMENTO IMOBILIÁRIO REC LOGÍSTICA - RESPONSABILIDADE  LIMITADA;Em Funcionamento Normal;;Fechado;;115603252.25;2026-03-31;BAKER TILLY 4PARTNERS AUDITORES INDEPENDENTES LTDA.;BRL TRUST DISTRIBUIDORA DE TITULOS E VALORES MOBILIARIOS S.A.;;;;;;;;;;;;sem_inf_diario_202605
RRES;RRES11;FII RRES;FUNDO DE INVESTIMENTO IMOBILIÁRIO RIVIERA RESIDENCIAL - RESPONSABILIDADE LIMITADA;NÃO;classe_exata;1.0;Alta;2386;65.923.811/0001-00;326061;FII;FUNDO DE INVESTIMENTO IMOBILIÁRIO RIVIERA RESIDENCIAL - RESPONSABILIDADE LIMITADA;Fase Pré-Operacional;2026-03-26;;BRL TRUST DISTRIBUIDORA DE TITULOS E VALORES MOBILIARIOS S.A.;BRL TRUST DISTRIBUIDORA DE TITULOS E VALORES MOBILIARIOS S.A.;;;35412;65.923.811/0001-00;15393;Classes de Cotas de Fundos FII;FUNDO DE INVESTIMENTO IMOBILIÁRIO RIVIERA RESIDENCIAL - RESPONSABILIDADE LIMITADA;Fase Pré-Operacional;;Fechado;;;;RSM ACAL AUDITORES INDEPENDENTES S/S;BRL TRUST DISTRIBUIDORA DE TITULOS E VALORES MOBILIARIOS S.A.;;;;;;;;;;;;sem_inf_diario_202605
RZTR;RZTR11;FII RIZA TX;FUNDO DE INVESTIMENTO IMOBILIÁRIO RIZA TERRAX;NÃO;classe_exata;1.0;Alta;1182;36.501.128/0001-86;320071;FII;FUNDO DE INVESTIMENTO IMOBILIÁRIO RIZA TERRAX;Em Funcionamento Normal;2020-08-26;;BANCO GENIAL S.A.;RIZA AGRONEGÓCIO GESTORA DE RECURSOS LTDA.;1815212788.33;2025-05-31;34486;36.501.128/0001-86;10669;Classes de Cotas de Fundos FII;FUNDO DE INVESTIMENTO IMOBILIÁRIO RIZA TERRAX;Em Funcionamento Normal;;Fechado;;1729501522.37;2026-03-31;GRANT THORNTON AUDITORES INDEPENDENTES LTDA.;BANCO GENIAL S.A.;;;;;;;;;;;;sem_inf_diario_202605
ROOF;ROOF11;FII ROOFTOPI;FUNDO DE INVESTIMENTO IMOBILIÁRIO ROOFTOP I RESPONSABILIDADE LIMITADA;NÃO;classe_exata;1.0;Alta;1245;38.456.598/0001-09;320114;FII;FUNDO DE INVESTIMENTO IMOBILIÁRIO ROOFTOP I RESPONSABILIDADE LIMITADA;Em Funcionamento Normal;2020-11-18;;VORTX DISTRIBUIDORA DE TITULOS E VALORES MOBILIARIOS LTDA.;;32090642.35;2025-05-31;34534;38.456.598/0001-09;10782;Classes de Cotas de Fundos FII;FUNDO DE INVESTIMENTO IMOBILIÁRIO ROOFTOP I RESPONSABILIDADE LIMITADA;Em Funcionamento Normal;;Fechado;;21890935.81;2026-03-31;ECOVIS WFA AUDITORES INDEPENDENTES S/S;VORTX DISTRIBUIDORA DE TITULOS E VALORES MOBILIARIOS LTDA.;;;;;;;;;;;;sem_inf_diario_202605
HOMS;HOMS11;FII HOMS;FUNDO DE INVESTIMENTO IMOBILIÁRIO ROOFTOP III RESPONSABILIDADE LIMITADA;NÃO;classe_exata;1.0;Alta;1898;55.793.516/0001-22;324109;FII;FUNDO DE INVESTIMENTO IMOBILIÁRIO ROOFTOP III RESPONSABILIDADE LIMITADA;Em Funcionamento Normal;2024-07-03;;VORTX DISTRIBUIDORA DE TITULOS E VALORES MOBILIARIOS LTDA.;GALAPAGOS CAPITAL INVESTIMENTOS E PARTICIPAÇÕES LTDA.;2081790.27;2024-09-30;34973;55.793.516/0001-22;1988;Classes de Cotas de Fundos FII;FUNDO DE INVESTIMENTO IMOBILIÁRIO ROOFTOP III RESPONSABILIDADE LIMITADA;Em Funcionamento Normal;;Fechado;;45119691.48;2026-03-31;NEXT AUDITORES INDEPENDENTES S/S LTDA.;VORTX DISTRIBUIDORA DE TITULOS E VALORES MOBILIARIOS LTDA.;;;;;;;;;;;;sem_inf_diario_202605
FISC;FISC11;FII SC 401;FUNDO DE INVESTIMENTO IMOBILIÁRIO SC 401 - RESPONSABILIDADE LIMITADA;NÃO;classe_exata;1.0;Alta;529;12.804.013/0001-00;312017;FII;FUNDO DE INVESTIMENTO IMOBILIÁRIO SC 401 - RESPONSABILIDADE LIMITADA;Em Funcionamento Normal;2012-07-10;;BR-CAPITAL DTVM S.A.;;194113800.82;2025-05-31;34107;12.804.013/0001-00;9164;Classes de Cotas de Fundos FII;FUNDO DE INVESTIMENTO IMOBILIÁRIO SC 401 - RESPONSABILIDADE LIMITADA;Em Funcionamento Normal;;Fechado;;188804811.20;2026-03-31;RSM BRASIL AUDITORES INDEPENDENTES LTDA.;;;;;;;;;;;;;sem_inf_diario_202605
SAIC;SAIC11;FII SIA CORP;FUNDO DE INVESTIMENTO IMOBILIARIO SIA CORPORATE RESPONSABILIDADE LIMITADA;NÃO;classe_exata;1.0;Alta;668;17.311.079/0001-74;314004;FII;FUNDO DE INVESTIMENTO IMOBILIARIO SIA CORPORATE RESPONSABILIDADE LIMITADA;Em Funcionamento Normal;2014-03-12;;BRB DTVM SA;GRAPHEN INVESTIMENTOS LTDA.;79791409.18;2025-05-31;34177;17.311.079/0001-74;9440;Classes de Cotas de Fundos FII;FUNDO DE INVESTIMENTO IMOBILIARIO SIA CORPORATE RESPONSABILIDADE LIMITADA;Em Funcionamento Normal;;Fechado;;56764846.05;2026-04-30;GRANT THORNTON AUDITORES INDEPENDENTES LTDA.;;;;;;;;;;;;;sem_inf_diario_202605
SMRE;SMRE11;FII SMRE;FUNDO DE INVESTIMENTO IMOBILIÁRIO SMART REAL ESTATE - FII RESPONSABILIDADE LIMITADA;NÃO;classe_exata;1.0;Alta;1811;53.730.029/0001-95;324020;FII;FUNDO DE INVESTIMENTO IMOBILIÁRIO SMART REAL ESTATE - FII RESPONSABILIDADE LIMITADA;Em Funcionamento Normal;2024-01-31;;PLANNER CORRETORA DE VALORES S.A.;SH ASSET CAPITAL GESTÃO DE RECURSOS LTDA;49148710.09;2024-09-30;34910;53.730.029/0001-95;965;Classes de Cotas de Fundos FII;FUNDO DE INVESTIMENTO IMOBILIÁRIO SMART REAL ESTATE - FII RESPONSABILIDADE LIMITADA;Em Funcionamento Normal;;Fechado;;105478408.03;2026-03-31;NEXT AUDITORES INDEPENDENTES S/S LTDA.;PLANNER CORRETORA DE VALORES S.A.;;;;;;;;;;;;sem_inf_diario_202605
SOFF;SOFF11;FII SOFF;FUNDO DE INVESTIMENTO IMOBILIÁRIO SOFIA;NÃO;classe_exata;1.0;Alta;1976;57.811.221/0001-67;324186;FII;FUNDO DE INVESTIMENTO IMOBILIÁRIO SOFIA;Em Funcionamento Normal;2024-10-23;;SEFER INVESTIMENTOS DISTRIBUIDORA DE TÍTULOS E VALORES MOBILIÁRIOS LTDA.;ACURA GESTORA DE RECURSOS LTDA;;;35034;57.811.221/0001-67;2852;Classes de Cotas de Fundos FII;FUNDO DE INVESTIMENTO IMOBILIÁRIO SOFIA;Em Funcionamento Normal;;Fechado;;188049492.05;2026-04-30;CLA - CLIFTON LARSON ALLEN BRASIL AUDITORES INDEPENDENTES LTDA;SEFER INVESTIMENTOS DISTRIBUIDORA DE TÍTULOS E VALORES MOBILIÁRIOS LTDA.;;;;;;;;;;;;sem_inf_diario_202605
SPVJ;SPVJ11;FII S VAREJO;FUNDO DE INVESTIMENTO IMOBILIÁRIO SUCCESPAR VAREJO RESPONSABILIDADE LIMITADA;NÃO;classe_exata;1.0;Alta;896;27.538.422/0001-71;317043;FII;FUNDO DE INVESTIMENTO IMOBILIÁRIO SUCCESPAR VAREJO RESPONSABILIDADE LIMITADA;Em Funcionamento Normal;2017-06-21;;VORTX DISTRIBUIDORA DE TITULOS E VALORES MOBILIARIOS LTDA.;PATAGÔNIA CAPITAL GESTORA DE RECURSOS LTDA.;126012178.82;2025-05-31;34303;27.538.422/0001-71;9857;Classes de Cotas de Fundos FII;FUNDO DE INVESTIMENTO IMOBILIÁRIO SUCCESPAR VAREJO RESPONSABILIDADE LIMITADA;Em Funcionamento Normal;;Fechado;;153909868.75;2026-03-31;RSM BRASIL AUDITORES INDEPENDENTES LTDA.;;;;;;;;;;;;;sem_inf_diario_202605
TGAR;TGAR11;FII TG ATIVO;FUNDO DE INVESTIMENTO IMOBILIÁRIO TG ATIVO REAL;NÃO;classe_exata;1.0;Alta;834;25.032.881/0001-53;316029;FII;FUNDO DE INVESTIMENTO IMOBILIÁRIO TG ATIVO REAL;Em Funcionamento Normal;2016-06-28;;VORTX DISTRIBUIDORA DE TITULOS E VALORES MOBILIARIOS LTDA.;TG CORE ASSET LTDA;2642083829.73;2025-05-31;34280;25.032.881/0001-53;9733;Classes de Cotas de Fundos FII;FUNDO DE INVESTIMENTO IMOBILIÁRIO TG ATIVO REAL;Em Funcionamento Normal;;Fechado;;2605248432.44;2026-03-31;KPMG AUDITORES INDEPENDENTES LTDA.;VORTX DISTRIBUIDORA DE TITULOS E VALORES MOBILIARIOS LTDA.;;;;;;;;;;;;sem_inf_diario_202605
TRCO;TRCO11;FII TRCO;FUNDO DE INVESTIMENTO IMOBILIÁRIO TORRE RIO CLARO OFFICES - RESPONSABILIDADE LIMITADA;NÃO;classe_exata;1.0;Alta;2167;62.173.370/0001-88;325139;FII;FUNDO DE INVESTIMENTO IMOBILIÁRIO TORRE RIO CLARO OFFICES - RESPONSABILIDADE LIMITADA;Em Funcionamento Normal;2025-08-11;;OURIBANK S.A. BANCO MULTIPLO;;;;35199;62.173.370/0001-88;12645;Classes de Cotas de Fundos FII;FUNDO DE INVESTIMENTO IMOBILIÁRIO TORRE RIO CLARO OFFICES - RESPONSABILIDADE LIMITADA;Em Funcionamento Normal;;Fechado;;35332792.77;2026-03-31;GRANT THORNTON AUDITORES INDEPENDENTES LTDA.;OURIBANK S.A. BANCO MULTIPLO;;;;;;;;;;;;sem_inf_diario_202605
TRUE;TRUE11;FII TRUEMULT;FUNDO DE INVESTIMENTO IMOBILIÁRIO TRUE MULTIESTRATÉGIA - RESPONSABILIDADE LIMITADA;NÃO;classe_exata;1.0;Alta;570;13.974.819/0001-00;313005;FII;FUNDO DE INVESTIMENTO IMOBILIÁRIO TRUE MULTIESTRATÉGIA - RESPONSABILIDADE LIMITADA;Em Funcionamento Normal;2013-01-23;;OURIBANK S.A. BANCO MULTIPLO;V2 INVESTIMENTOS LTDA;153420544.36;2025-05-31;34130;13.974.819/0001-00;7722;Classes de Cotas de Fundos FII;FUNDO DE INVESTIMENTO IMOBILIÁRIO TRUE MULTIESTRATÉGIA - RESPONSABILIDADE LIMITADA;Em Funcionamento Normal;;Fechado;;70227083.56;2026-03-31;GRANT THORNTON AUDITORES INDEPENDENTES LTDA.;OURIBANK S.A. BANCO MULTIPLO;;;;;;;;;;;;sem_inf_diario_202605
LVBI;LVBI11;FII LVBI VBI;FUNDO DE INVESTIMENTO IMOBILIÁRIO VBI LOGÍSTICO - RESPONSABILIDADE LIMITADA;NÃO;classe_exata;1.0;Alta;986;30.629.603/0001-18;318026;FII;FUNDO DE INVESTIMENTO IMOBILIÁRIO VBI LOGÍSTICO - RESPONSABILIDADE LIMITADA;Em Funcionamento Normal;2018-07-05;;BTG PACTUAL SERVIÇOS FINANCEIROS S/A DTVM;PÁTRIA VBI ASSET MANAGEMENT LTDA.;2011186460.07;2025-05-31;34354;30.629.603/0001-18;7226;Classes de Cotas de Fundos FII;FUNDO DE INVESTIMENTO IMOBILIÁRIO VBI LOGÍSTICO - RESPONSABILIDADE LIMITADA;Em Funcionamento Normal;;Fechado;;1935816398.04;2026-03-31;PRICEWATERHOUSECOOPERS AUDITORES INDEPENDENTES LTDA.;BANCO BTG PACTUAL S/A;;;;;;;;;;;;sem_inf_diario_202605
PVBI;PVBI11;FII PVBI VBI;FUNDO DE INVESTIMENTO IMOBILIÁRIO VBI PRIME PROPERTIES - RESPONSABILIDADE LIMITADA;NÃO;classe_exata;1.0;Alta;1133;35.652.102/0001-76;320022;FII;FUNDO DE INVESTIMENTO IMOBILIÁRIO VBI PRIME PROPERTIES - RESPONSABILIDADE LIMITADA;Em Funcionamento Normal;2020-03-05;;BTG PACTUAL SERVIÇOS FINANCEIROS S/A DTVM;PÁTRIA VBI ASSET MANAGEMENT LTDA.;2852130715.44;2025-05-31;34450;35.652.102/0001-76;7285;Classes de Cotas de Fundos FII;FUNDO DE INVESTIMENTO IMOBILIÁRIO VBI PRIME PROPERTIES - RESPONSABILIDADE LIMITADA;Em Funcionamento Normal;;Fechado;;2925582371.63;2026-03-31;PRICEWATERHOUSECOOPERS AUDITORES INDEPENDENTES LTDA.;BANCO BTG PACTUAL S/A;;;;;;;;;;;;sem_inf_diario_202605
VERE;VERE11;FII VEREDA;FUNDO DE INVESTIMENTO IMOBILIÁRIO VEREDA - FII RESPONSABILIDADE LIMITADA;NÃO;classe_exata;1.0;Alta;457;8693497000182;307005;FII;FUNDO DE INVESTIMENTO IMOBILIÁRIO VEREDA - FII RESPONSABILIDADE LIMITADA;Em Funcionamento Normal;2007-05-31;;VORTX DISTRIBUIDORA DE TITULOS E VALORES MOBILIARIOS LTDA.;Vórtx Capital Gestão de Recursos Ltda;324639789.31;2025-05-31;34067;8693497000182;9059;Classes de Cotas de Fundos FII;FUNDO DE INVESTIMENTO IMOBILIÁRIO VEREDA - FII RESPONSABILIDADE LIMITADA;Em Funcionamento Normal;;Fechado;;340207846.33;2026-03-31;GRANT THORNTON AUDITORES INDEPENDENTES LTDA.;VORTX DISTRIBUIDORA DE TITULOS E VALORES MOBILIARIOS LTDA.;;;;;;;;;;;;sem_inf_diario_202605
FIVN;FIVN11;FII VIDANOVA;FUNDO DE INVESTIMENTO IMOBILIÁRIO VIDA NOVA - FII - RESPONSABILIDADE LIMITADA;NÃO;classe_exata;1.0;Alta;684;17.854.016/0001-64;314011;FII;FUNDO DE INVESTIMENTO IMOBILIÁRIO VIDA NOVA - FII - RESPONSABILIDADE LIMITADA;Em Funcionamento Normal;2014-07-01;;OLIVEIRA TRUST DTVM S.A.;OLIVEIRA TRUST DTVM S.A.;55502934.56;2025-05-31;34188;17.854.016/0001-64;9474;Classes de Cotas de Fundos FII;FUNDO DE INVESTIMENTO IMOBILIÁRIO VIDA NOVA - FII - RESPONSABILIDADE LIMITADA;Em Funcionamento Normal;;Fechado;;56376266.23;2026-03-31;UHY BENDORAYTES & CIA AUDITORES INDEPENDENTES;OLIVEIRA TRUST DTVM S.A.;;;;;;;;;;;;sem_inf_diario_202605
VSHO;VSHO11;FII VOT SHOP;FUNDO DE INVESTIMENTO IMOBILIÁRIO VOTORANTIM SHOPPING;NÃO;classe_exata;1.0;Alta;812;23.740.595/0001-17;318029;FII;FUNDO DE INVESTIMENTO IMOBILIÁRIO VOTORANTIM SHOPPING;Em Funcionamento Normal;2018-07-17;;TIVIO CAPITAL DISTRIBUIDORA DE TITULOS E VALORES MOBILIARIOS S.A.;TIVIO CAPITAL DISTRIBUIDORA DE TITULOS E VALORES MOBILIARIOS S.A.;220032259.71;2025-05-31;34266;23.740.595/0001-17;7943;Classes de Cotas de Fundos FII;FUNDO DE INVESTIMENTO IMOBILIÁRIO VOTORANTIM SHOPPING;Em Funcionamento Normal;;Fechado;;240803801.31;2026-03-31;GRANT THORNTON AUDITORES INDEPENDENTES LTDA.;TIVIO CAPITAL DISTRIBUIDORA DE TITULOS E VALORES MOBILIARIOS S.A.;;;;;;;;;;;;sem_inf_diario_202605
BMLT;BMLT11;FII BMLT;FUNDO DE INVESTIMENTOS  IMOBILIÁRIOS DE PERMUTA FINANCEIRA LOTE5 MEZANINO RESPONSABILIDADE  LIMITADA;NÃO;classe_exata;1.0;Alta;2084;60.480.984/0001-87;325058;FII;FUNDO DE INVESTIMENTOS  IMOBILIÁRIOS DE PERMUTA FINANCEIRA LOTE5 MEZANINO RESPONSABILIDADE  LIMITADA;Em Funcionamento Normal;2025-04-22;;ID CORRETORA DE TITULOS E VALORES MOBILIARIOS S.A.;BLUE3 ASSET GESTORA DE RECURSOS LTDA.;;;35123;60.480.984/0001-87;4880;Classes de Cotas de Fundos FII;FUNDO DE INVESTIMENTOS  IMOBILIÁRIOS DE PERMUTA FINANCEIRA LOTE5 MEZANINO RESPONSABILIDADE  LIMITADA;Em Funcionamento Normal;;Fechado;;32015605.85;2026-03-31;NEXT AUDITORES INDEPENDENTES S/S LTDA.;ID CORRETORA DE TITULOS E VALORES MOBILIARIOS S.A.;;;;;;;;;;;;sem_inf_diario_202605
FIIC;FIIC11;FII FIIC;FUNDO DE INVESTIMENTOS IMOBILIÁRIO DO CAMPREV PARA SUSTENTABILIDADE PREVIDENCIÁRIA DO MUNICÍPIO;NÃO;classe_exata;1.0;Alta;1643;50.716.077/0001-30;323048;FII;FUNDO DE INVESTIMENTOS IMOBILIÁRIO DO CAMPREV PARA SUSTENTABILIDADE PREVIDENCIÁRIA DO MUNICÍPIO;Em Funcionamento Normal;2023-05-17;;BTG PACTUAL SERVIÇOS FINANCEIROS S/A DTVM;Nexus Tech Gestão de Ativos Ltda.;;;34783;50.716.077/0001-30;2747;Classes de Cotas de Fundos FII;FUNDO DE INVESTIMENTOS IMOBILIÁRIO DO CAMPREV PARA SUSTENTABILIDADE PREVIDENCIÁRIA DO MUNICÍPIO;Em Funcionamento Normal;;Fechado;;0.00;2026-03-31;KPMG AUDITORES INDEPENDENTES LTDA.;BANCO BTG PACTUAL S/A;;;;;;;;;;;;sem_inf_diario_202605
BSLT;BSLT11;FII BSLT;FUNDO DE INVESTIMENTOS IMOBILIÁRIOS DE PERMUTA FINANCEIRA LOTE5 (SENIOR) RESPONSABILIDADE LIMITADA;NÃO;classe_exata;1.0;Alta;2079;60.373.688/0001-87;325053;FII;FUNDO DE INVESTIMENTOS IMOBILIÁRIOS DE PERMUTA FINANCEIRA LOTE5 (SENIOR) RESPONSABILIDADE LIMITADA;Em Funcionamento Normal;2025-04-11;;ID CORRETORA DE TITULOS E VALORES MOBILIARIOS S.A.;BLUE3 ASSET GESTORA DE RECURSOS LTDA.;;;35118;60.373.688/0001-87;4758;Classes de Cotas de Fundos FII;FUNDO DE INVESTIMENTOS IMOBILIÁRIOS DE PERMUTA FINANCEIRA LOTE5 (SENIOR) RESPONSABILIDADE LIMITADA;Em Funcionamento Normal;;Fechado;;150188905.48;2026-03-31;NEXT AUDITORES INDEPENDENTES S/S LTDA.;ID CORRETORA DE TITULOS E VALORES MOBILIARIOS S.A.;;;;;;;;;;;;sem_inf_diario_202605
TCIN;TCIN11;FII TOUR V;G5 CIDADE NOVA FUNDO DE INVESTIMENTO IMOBILIÁRIO;NÃO;classe_exata;1.0;Alta;1085;34.197.700/0001-30;319070;FII;G5 CIDADE NOVA FUNDO DE INVESTIMENTO IMOBILIÁRIO;Em Funcionamento Normal;2019-10-30;;QI CORRETORA DE TÍTULOS E VALORES MOBILIÁRIOS S.A.;G5 ADMINISTRADORA DE RECURSOS LTDA.;54815884.31;2025-05-31;34423;34.197.700/0001-30;10499;Classes de Cotas de Fundos FII;G5 CIDADE NOVA FUNDO DE INVESTIMENTO IMOBILIÁRIO;Em Funcionamento Normal;;Fechado;;36733966.97;2026-03-31;NEXT AUDITORES INDEPENDENTES S/S LTDA.;QI CORRETORA DE TÍTULOS E VALORES MOBILIÁRIOS S.A.;nome_fuzzy_0.88;15.862.591/0001-83;CANCELADA;;;;;;;;;sem_inf_diario_202605
GCDL;GCDL11;FII GCDL;GALAPAGOS DESENVOLVIMENTO LOGÍSTICO FUNDO DE INVESTIMENTO IMOBILIÁRIO RESPONSABILIDADE LIMITADA;NÃO;classe_exata;1.0;Alta;1916;56.061.587/0001-01;324127;FII;GALAPAGOS DESENVOLVIMENTO LOGÍSTICO FUNDO DE INVESTIMENTO IMOBILIÁRIO RESPONSABILIDADE LIMITADA;Em Funcionamento Normal;2024-07-24;;VORTX DISTRIBUIDORA DE TITULOS E VALORES MOBILIARIOS LTDA.;GALAPAGOS CAPITAL INVESTIMENTOS E PARTICIPAÇÕES LTDA.;4343021.11;2024-09-30;34985;56.061.587/0001-01;2160;Classes de Cotas de Fundos FII;GALAPAGOS DESENVOLVIMENTO LOGÍSTICO FUNDO DE INVESTIMENTO IMOBILIÁRIO RESPONSABILIDADE LIMITADA;Em Funcionamento Normal;;Fechado;;44688444.76;2026-03-31;NEXT AUDITORES INDEPENDENTES S/S LTDA.;VORTX DISTRIBUIDORA DE TITULOS E VALORES MOBILIARIOS LTDA.;;;;;;;;;;;;sem_inf_diario_202605
GSRF;GSRF11;FII GSRF;GALAPAGOS DESENVOLVIMENTO RESIDENCIAL FUNDO DE INVESTIMENTO IMOBILIÁRIO RESPONSABILIDADE LIMITADA;NÃO;classe_exata;1.0;Alta;2218;62.951.756/0001-73;325190;FII;GALAPAGOS DESENVOLVIMENTO RESIDENCIAL FUNDO DE INVESTIMENTO IMOBILIÁRIO RESPONSABILIDADE LIMITADA;Em Funcionamento Normal;2025-09-29;;VORTX DISTRIBUIDORA DE TITULOS E VALORES MOBILIARIOS LTDA.;GALAPAGOS CAPITAL INVESTIMENTOS E PARTICIPAÇÕES LTDA.;;;35246;62.951.756/0001-73;13260;Classes de Cotas de Fundos FII;GALAPAGOS DESENVOLVIMENTO RESIDENCIAL FUNDO DE INVESTIMENTO IMOBILIÁRIO RESPONSABILIDADE LIMITADA;Em Funcionamento Normal;;;;63486269.50;2026-03-31;RSM BRASIL AUDITORES INDEPENDENTES LTDA.;VORTX DISTRIBUIDORA DE TITULOS E VALORES MOBILIARIOS LTDA.;nome_fuzzy_0.88;41.076.771/0001-40;CANCELADA;;;;;;;;;sem_inf_diario_202605
GFDL;GFDL11;FII GFDL;GALAPAGOS FEEDER DESENVOLVIMENTO LOGÍSTICO FUNDO DE INVESTIMENTO IMOBILIÁRIO RESPONSABILIDADE LIMITA;NÃO;classe_exata;1.0;Alta;2018;58.523.711/0001-20;324230;FII;GALAPAGOS FEEDER DESENVOLVIMENTO LOGÍSTICO FUNDO DE INVESTIMENTO IMOBILIÁRIO RESPONSABILIDADE LIMITA;Em Funcionamento Normal;2024-12-19;;VORTX DISTRIBUIDORA DE TITULOS E VALORES MOBILIARIOS LTDA.;GALAPAGOS CAPITAL INVESTIMENTOS E PARTICIPAÇÕES LTDA.;;;35068;58.523.711/0001-20;3360;Classes de Cotas de Fundos FII;GALAPAGOS FEEDER DESENVOLVIMENTO LOGÍSTICO FUNDO DE INVESTIMENTO IMOBILIÁRIO RESPONSABILIDADE LIMITA;Em Funcionamento Normal;;Fechado;;24159303.17;2026-03-31;NEXT AUDITORES INDEPENDENTES S/S LTDA.;VORTX DISTRIBUIDORA DE TITULOS E VALORES MOBILIARIOS LTDA.;;;;;;;;;;;;sem_inf_diario_202605
GLPF;GLPF11;FII GLPF;GALAPAGOS FEEDER LOGÍSTICO FUNDO DE INVESTIMENTO IMOBILIÁRIO RESPONSABILIDADE LIMITADA;NÃO;classe_exata;1.0;Alta;2007;58.378.463/0001-71;324219;FII;GALAPAGOS FEEDER LOGÍSTICO FUNDO DE INVESTIMENTO IMOBILIÁRIO RESPONSABILIDADE LIMITADA;Em Funcionamento Normal;2024-12-06;;VORTX DISTRIBUIDORA DE TITULOS E VALORES MOBILIARIOS LTDA.;GALAPAGOS CAPITAL INVESTIMENTOS E PARTICIPAÇÕES LTDA.;;;35060;58.378.463/0001-71;3220;Classes de Cotas de Fundos FII;GALAPAGOS FEEDER LOGÍSTICO FUNDO DE INVESTIMENTO IMOBILIÁRIO RESPONSABILIDADE LIMITADA;Em Funcionamento Normal;;Fechado;;153270181.45;2026-03-31;NEXT AUDITORES INDEPENDENTES S/S LTDA.;VORTX DISTRIBUIDORA DE TITULOS E VALORES MOBILIARIOS LTDA.;;;;;;;;;;;;sem_inf_diario_202605
GLCR;GLCR11;FII GLCR;GALAPAGOS HEDGE FUND FUNDO DE INVESTIMENTO IMOBILIÁRIO RESPONSABILIDADE LIMITADA;NÃO;classe_exata;1.0;Alta;2058;59.669.570/0001-11;325031;FII;GALAPAGOS HEDGE FUND FUNDO DE INVESTIMENTO IMOBILIÁRIO RESPONSABILIDADE LIMITADA;Em Funcionamento Normal;2025-02-26;;VORTX DISTRIBUIDORA DE TITULOS E VALORES MOBILIARIOS LTDA.;GALAPAGOS CAPITAL INVESTIMENTOS E PARTICIPAÇÕES LTDA.;;;35099;59.669.570/0001-11;4170;Classes de Cotas de Fundos FII;GALAPAGOS HEDGE FUND FUNDO DE INVESTIMENTO IMOBILIÁRIO RESPONSABILIDADE LIMITADA;Em Funcionamento Normal;;Fechado;;36507249.98;2026-03-31;NEXT AUDITORES INDEPENDENTES S/S LTDA.;VORTX DISTRIBUIDORA DE TITULOS E VALORES MOBILIARIOS LTDA.;;;;;;;;;;;;sem_inf_diario_202605
GCRI;GCRI11;FII GLPG CRI;GALAPAGOS RECEBÍVEIS IMOBILIÁRIOS FUNDO DE INVESTIMENTO IMOBILIÁRIO RESPONSABILIDADE LIMITADA;NÃO;classe_exata;1.0;Alta;1237;38.293.897/0001-61;320121;FII;GALAPAGOS RECEBÍVEIS IMOBILIÁRIOS FUNDO DE INVESTIMENTO IMOBILIÁRIO RESPONSABILIDADE LIMITADA;Em Funcionamento Normal;2020-12-02;;BTG PACTUAL SERVIÇOS FINANCEIROS S/A DTVM;GALAPAGOS CAPITAL INVESTIMENTOS E PARTICIPAÇÕES LTDA.;131425630.48;2025-04-30;34528;38.293.897/0001-61;5479;Classes de Cotas de Fundos FII;GALAPAGOS RECEBÍVEIS IMOBILIÁRIOS FUNDO DE INVESTIMENTO IMOBILIÁRIO RESPONSABILIDADE LIMITADA;Em Funcionamento Normal;;Fechado;;131094927.84;2026-03-31;PRICEWATERHOUSECOOPERS AUDITORES INDEPENDENTES LTDA.;BANCO BTG PACTUAL S/A;;;;;;;;;;;;sem_inf_diario_202605
GCOI;GCOI11;FII GALAP SP;GALAPAGOS SPECIAL OPORTUNITIES FUNDO DE INVESTIMENTO IMOBILIÁRIO;NÃO;classe_exata;1.0;Alta;1548;46.285.299/0001-79;322143;FII;GALAPAGOS SPECIAL OPORTUNITIES FUNDO DE INVESTIMENTO IMOBILIÁRIO;Em Funcionamento Normal;2022-11-18;;QI CORRETORA DE TÍTULOS E VALORES MOBILIÁRIOS S.A.;GALAPAGOS CAPITAL INVESTIMENTOS E PARTICIPAÇÕES LTDA.;10955245.97;2025-05-31;34724;46.285.299/0001-79;7617;Classes de Cotas de Fundos FII;GALAPAGOS SPECIAL OPORTUNITIES FUNDO DE INVESTIMENTO IMOBILIÁRIO;Em Funcionamento Normal;;Fechado;;8374442.18;2026-03-31;BDO RCS AUDITORES INDEPENDENTES - SOCIEDADE SIMPLES LIMITADA;QI CORRETORA DE TÍTULOS E VALORES MOBILIÁRIOS S.A.;;;;;;;;;;;;sem_inf_diario_202605
GZIT;GZIT11;FII GAZIT;GAZIT MALLS FUNDO DE INVESTIMENTO IMOBILIÁRIO RESPONSABILIDADE LIMITADA;NÃO;classe_exata;1.0;Alta;610;15.447.108/0001-02;316054;FII;GAZIT MALLS FUNDO DE INVESTIMENTO IMOBILIÁRIO RESPONSABILIDADE LIMITADA;Em Funcionamento Normal;2016-12-07;;BTG PACTUAL SERVIÇOS FINANCEIROS S/A DTVM;BTG PACTUAL GESTORA DE RECURSOS LTDA;1990017734.65;2025-05-31;34150;15.447.108/0001-02;7510;Classes de Cotas de Fundos FII;GAZIT MALLS FUNDO DE INVESTIMENTO IMOBILIÁRIO RESPONSABILIDADE LIMITADA;Em Funcionamento Normal;;Fechado;;2041138248.83;2026-03-31;ERNST & YOUNG AUDITORES INDEPENDENTES S/S LTDA.;BANCO BTG PACTUAL S/A;;;;;;;;;;;;sem_inf_diario_202605
FIGS;FIGS11;FII GEN SHOP;GENERAL SHOPPING ATIVO E RENDA FUNDO DE INVESTIMENTO IMOBILIÁRIO DE RESPONSABILIDADE LIMITADA;NÃO;classe_exata;1.0;Alta;679;17.590.518/0001-25;313028;FII;GENERAL SHOPPING ATIVO E RENDA FUNDO DE INVESTIMENTO IMOBILIÁRIO DE RESPONSABILIDADE LIMITADA;Em Funcionamento Normal;2013-06-26;;HEDGE INVESTMENTS DISTRIBUIDORA DE TÍTULOS E VALORES MOBILIÁRIOS LTDA.;HEDGE INVESTMENTS REAL ESTATE GESTÃO DE RECURSOS LTDA.;217110468.11;2025-05-31;34183;17.590.518/0001-25;9466;Classes de Cotas de Fundos FII;GENERAL SHOPPING ATIVO E RENDA FUNDO DE INVESTIMENTO IMOBILIÁRIO DE RESPONSABILIDADE LIMITADA;Em Funcionamento Normal;;Fechado;;199563588.97;2026-03-31;GRANT THORNTON AUDITORES INDEPENDENTES LTDA.;HEDGE INVESTMENTS DISTRIBUIDORA DE TÍTULOS E VALORES MOBILIÁRIOS LTDA.;;;;;;;;;;;;sem_inf_diario_202605
GSFI;GSFI11;FII GENERAL;GENERAL SHOPPING E OUTLETS DO BRASIL FUNDO DE INVESTIMENTO IMOBILIÁRIO RESPONSABILIDADE LIMITADA;NÃO;classe_exata;1.0;Alta;511;11.769.604/0001-13;310006;FII;GENERAL SHOPPING E OUTLETS DO BRASIL FUNDO DE INVESTIMENTO IMOBILIÁRIO RESPONSABILIDADE LIMITADA;Em Funcionamento Normal;2010-05-19;;PLANNER CORRETORA DE VALORES S.A.;CAPITANIA CAPITAL S.A.;1250379586.45;2025-05-31;34098;11.769.604/0001-13;9130;Classes de Cotas de Fundos FII;GENERAL SHOPPING E OUTLETS DO BRASIL FUNDO DE INVESTIMENTO IMOBILIÁRIO RESPONSABILIDADE LIMITADA;Em Funcionamento Normal;;Fechado;;1213736471.92;2026-04-30;RSM BRASIL AUDITORES INDEPENDENTES LTDA.;PLANNER CORRETORA DE VALORES S.A.;;;;;;;;;;;;sem_inf_diario_202605
VXXV;VXXV11;FII VX XVI;GENESIS MULTIESTRATÉGIA FUNDO DE INVESTIMENTO IMOBILIÁRIO - FII -  RESPONSABILIDADE LIMITADA;NÃO;classe_exata;1.0;Alta;999;30.982.974/0001-89;319026;FII;GENESIS MULTIESTRATÉGIA FUNDO DE INVESTIMENTO IMOBILIÁRIO - FII -  RESPONSABILIDADE LIMITADA;Em Funcionamento Normal;2019-06-27;;BRL TRUST DISTRIBUIDORA DE TITULOS E VALORES MOBILIARIOS S.A.;GENESIS CAPITAL GESTORA DE RECURSOS LTDA.;169820342.67;2025-04-30;34365;30.982.974/0001-89;5347;Classes de Cotas de Fundos FII;GENESIS MULTIESTRATÉGIA FUNDO DE INVESTIMENTO IMOBILIÁRIO - FII -  RESPONSABILIDADE LIMITADA;Em Funcionamento Normal;;Fechado;;227093276.68;2026-03-31;GRANT THORNTON AUDITORES INDEPENDENTES LTDA.;BRL TRUST DISTRIBUIDORA DE TITULOS E VALORES MOBILIARIOS S.A.;;;;;;;;;;;;sem_inf_diario_202605
GLOG;GLOG11;FII PLURAL L;GENIAL LOGÍSTICA - FUNDO DE INVESTIMENTO IMOBILIÁRIO - RESPONSABILIDADE LIMITADA;NÃO;classe_exata;1.0;Alta;1185;36.501.198/0001-34;320079;FII;GENIAL LOGÍSTICA - FUNDO DE INVESTIMENTO IMOBILIÁRIO - RESPONSABILIDADE LIMITADA;Em Funcionamento Normal;2020-09-18;;BANCO GENIAL S.A.;GENIAL GESTÃO LTDA.;81449272.89;2025-05-31;34489;36.501.198/0001-34;8125;Classes de Cotas de Fundos FII;GENIAL LOGÍSTICA - FUNDO DE INVESTIMENTO IMOBILIÁRIO - RESPONSABILIDADE LIMITADA;Em Funcionamento Normal;;Fechado;;81517819.25;2026-04-30;DELOITTE TOUCHE TOHMATSU AUDITORES INDEPENDENTES LTDA.;BANCO GENIAL S.A.;;;;;;;;;;;;sem_inf_diario_202605
ABCP;ABCP11;FII ABC IMOB;GRAND PLAZA SHOPPING FUNDO DE INVESTIMENTO IMOBILIÁRIO - RESPONSABILIDADE LIMITADA;NÃO;classe_exata;1.0;Alta;365;1201140000190;396001;FII;GRAND PLAZA SHOPPING FUNDO DE INVESTIMENTO IMOBILIÁRIO - RESPONSABILIDADE LIMITADA;Em Funcionamento Normal;1996-02-27;;RIO BRAVO INVESTIMENTOS - DISTRIBUIDORA DE TITULOS E VALORES MOBILIARIOS LTDA;;506249123.04;2025-05-31;34040;1201140000190;8931;Classes de Cotas de Fundos FII;GRAND PLAZA SHOPPING FUNDO DE INVESTIMENTO IMOBILIÁRIO - RESPONSABILIDADE LIMITADA;Em Funcionamento Normal;;Fechado;;521097520.28;2026-03-31;GRANT THORNTON AUDITORES INDEPENDENTES LTDA.;;;;;;;;;;;;;sem_inf_diario_202605
RCFA;RCFA11;FII GP RCFA;GRUPO RCFA FUNDO DE INVESTIMENTO IMOBILIARIO;NÃO;classe_exata;1.0;Alta;910;27.771.586/0001-44;317040;FII;GRUPO RCFA FUNDO DE INVESTIMENTO IMOBILIARIO;Em Funcionamento Normal;2017-06-13;;TERRA INVESTIMENTOS DISTRIBUIDORA DE TITULOS E VALORES MOBILIARIOS LTDA;TERRA INVESTIMENTOS DISTRIBUIDORA DE TITULOS E VALORES MOBILIARIOS LTDA;11078777.66;2025-05-31;34308;27.771.586/0001-44;9881;Classes de Cotas de Fundos FII;GRUPO RCFA FUNDO DE INVESTIMENTO IMOBILIARIO;Em Funcionamento Normal;;Fechado;;10652121.72;2026-04-30;AUDIBANCO - AUDITORES INDEPENDENTES SOCIEDADE SIMPLES;;;;;;;;;;;;;sem_inf_diario_202605
GAME;GAME11;FII GUARD MU;GUARDIAN MULTIESTRATÉGIA IMOBILIÁRIA I FII DE RESPONSABILIDADE LIMITADA;NÃO;classe_exata;1.0;Alta;1342;41.269.052/0001-45;321093;FII;GUARDIAN MULTIESTRATÉGIA IMOBILIÁRIA I FII DE RESPONSABILIDADE LIMITADA;Em Funcionamento Normal;2021-07-29;;BANCO DAYCOVAL S.A.;GUARDIAN GESTORA LTDA.;202710623.97;2025-05-31;34592;41.269.052/0001-45;7560;Classes de Cotas de Fundos FII;GUARDIAN MULTIESTRATÉGIA IMOBILIÁRIA I FII DE RESPONSABILIDADE LIMITADA;Em Funcionamento Normal;;Fechado;;273650417.38;2026-03-31;ERNST & YOUNG AUDITORES INDEPENDENTES S/S LTDA.;BANCO DAYCOVAL S.A.;nome_fuzzy_0.85;34.847.063/0001-08;CANCELADA;;;;;;;;;sem_inf_diario_202605
GARE;GARE11;FII GUARDIAN;GUARDIAN REAL ESTATE FUNDO DE INVESTIMENTO IMOBILIÁRIO DE RESPONSABILIDADE LIMITADA;NÃO;classe_exata;1.0;Alta;1221;37.295.919/0001-60;320055;FII;GUARDIAN REAL ESTATE FUNDO DE INVESTIMENTO IMOBILIÁRIO DE RESPONSABILIDADE LIMITADA;Em Funcionamento Normal;2020-07-20;;BANCO DAYCOVAL S.A.;GUARDIAN GESTORA LTDA.;1330708299.60;2025-05-31;34518;37.295.919/0001-60;7307;Classes de Cotas de Fundos FII;GUARDIAN REAL ESTATE FUNDO DE INVESTIMENTO IMOBILIÁRIO DE RESPONSABILIDADE LIMITADA;Em Funcionamento Normal;;Fechado;;2729208735.45;2026-03-31;GRANT THORNTON AUDITORES INDEPENDENTES LTDA.;BANCO DAYCOVAL S.A.;;;;;;;;;;;;sem_inf_diario_202605
HABT;HABT11;FII HABIT II;HABITAT RECEBÍVEIS PULVERIZADOS FUNDO DE INVESTIMENTO IMOBILIÁRIO RESPONSABILIDADE LIMITADA;NÃO;classe_exata;1.0;Alta;984;30.578.417/0001-05;319020;FII;HABITAT RECEBÍVEIS PULVERIZADOS FUNDO DE INVESTIMENTO IMOBILIÁRIO RESPONSABILIDADE LIMITADA;Em Funcionamento Normal;2019-05-09;;XP INVESTIMENTOS CCTVM S.A.;XP VISTA ASSET MANAGEMENT LTDA.;768014204.69;2025-05-31;34353;30.578.417/0001-05;10375;Classes de Cotas de Fundos FII;HABITAT RECEBÍVEIS PULVERIZADOS FUNDO DE INVESTIMENTO IMOBILIÁRIO RESPONSABILIDADE LIMITADA;Em Funcionamento Normal;;Fechado;;777111485.30;2026-03-31;PRICEWATERHOUSECOOPERS AUDITORES INDEPENDENTES LTDA.;OLIVEIRA TRUST DTVM S.A.;;;;;;;;;;;;sem_inf_diario_202605
ATCR;ATCR11;FII HAZ;HAZ FUNDO DE INVESTIMENTO IMOBILIÁRIO;NÃO;classe_exata;1.0;Alta;591;14.631.148/0001-39;312013;FII;HAZ FUNDO DE INVESTIMENTO IMOBILIÁRIO;Em Liquidação;2012-05-31;;RJI CORRETORA DE TÍTULOS E VALORES MOBILIÁRIOS LTDA.;GRAPHEN INVESTIMENTOS LTDA.;62041575.26;2025-05-31;34141;14.631.148/0001-39;6670;Classes de Cotas de Fundos FII;HAZ FUNDO DE INVESTIMENTO IMOBILIÁRIO;Em Liquidação;;Fechado;;63567586.91;2026-04-30;TAG AUDITORIA E CONSULTORIA EMPRESARIAL S/S;RJI CORRETORA DE TÍTULOS E VALORES MOBILIÁRIOS LTDA.;;;;;;;;;;;;sem_inf_diario_202605
HCTB;HCTB11;FII HCTB;HCO CURITIBA I FUNDO DE INVESTIMENTO IMOBILIÁRIO DE RESPONSABILIDADE LIMITADA;NÃO;classe_exata;1.0;Alta;2173;62.236.181/0001-07;325145;FII;HCO CURITIBA I FUNDO DE INVESTIMENTO IMOBILIÁRIO DE RESPONSABILIDADE LIMITADA;Fase Pré-Operacional;2025-08-14;;VORTX DISTRIBUIDORA DE TITULOS E VALORES MOBILIARIOS LTDA.;HCO GROUP S.A;;;35205;62.236.181/0001-07;12700;Classes de Cotas de Fundos FII;HCO CURITIBA I FUNDO DE INVESTIMENTO IMOBILIÁRIO DE RESPONSABILIDADE LIMITADA;Fase Pré-Operacional;;Fechado;;;;RSM BRASIL AUDITORES INDEPENDENTES LTDA.;VORTX DISTRIBUIDORA DE TITULOS E VALORES MOBILIARIOS LTDA.;;;;;;;;;;;;sem_inf_diario_202605
AERO;AERO11;FII AERO;HCO OPPS AERO I FII DE RESPONSABILIDADE LIMITADA;NÃO;classe_exata;1.0;Alta;1980;57.927.297/0001-52;324191;FII;HCO OPPS AERO I FII DE RESPONSABILIDADE LIMITADA;Em Funcionamento Normal;2024-10-31;;BTG PACTUAL SERVIÇOS FINANCEIROS S/A DTVM;HUMA CAPITAL LTDA.;;;35038;57.927.297/0001-52;2900;Classes de Cotas de Fundos FII;HCO OPPS AERO I FII DE RESPONSABILIDADE LIMITADA;Em Funcionamento Normal;;Fechado;;61307471.31;2026-03-31;ERNST & YOUNG AUDITORES INDEPENDENTES S/S LTDA.;;;;;;;;;;;;;sem_inf_diario_202605
HCTR;HCTR11;FII HECTARE;HECTARE CE FUNDO DE INVESTIMENTO IMOBILIÁRIO RESPONSABILIDADE LIMITADA;NÃO;classe_exata;1.0;Alta;975;30.248.180/0001-96;318050;FII;HECTARE CE FUNDO DE INVESTIMENTO IMOBILIÁRIO RESPONSABILIDADE LIMITADA;Em Funcionamento Normal;2018-09-25;;VORTX DISTRIBUIDORA DE TITULOS E VALORES MOBILIARIOS LTDA.;HECTARE CAPITAL GESTORA DE RECURSOS LTDA.;2280572201.00;2025-05-31;34346;30.248.180/0001-96;10251;Classes de Cotas de Fundos FII;HECTARE CE FUNDO DE INVESTIMENTO IMOBILIÁRIO RESPONSABILIDADE LIMITADA;Em Funcionamento Normal;;Fechado;;2336448804.37;2026-03-31;GRANT THORNTON AUDITORES INDEPENDENTES LTDA.;VORTX DISTRIBUIDORA DE TITULOS E VALORES MOBILIARIOS LTDA.;;;;;;;;;;;;sem_inf_diario_202605
HCST;HCST11;FII HECT DES;HECTARE DESENVOLVIMENTO STUDENT HOUSING - FUNDO DE INVESTIMENTO IMOBILIÁRIO RESPONSABILIDADE LIMITAD;NÃO;classe_exata;1.0;Alta;1003;31.152.015/0001-07;320036;FII;HECTARE DESENVOLVIMENTO STUDENT HOUSING - FUNDO DE INVESTIMENTO IMOBILIÁRIO RESPONSABILIDADE LIMITAD;Em Funcionamento Normal;2020-05-14;;VORTX DISTRIBUIDORA DE TITULOS E VALORES MOBILIARIOS LTDA.;HECTARE CAPITAL GESTORA DE RECURSOS LTDA.;33570030.82;2025-05-31;34368;31.152.015/0001-07;10626;Classes de Cotas de Fundos FII;HECTARE DESENVOLVIMENTO STUDENT HOUSING - FUNDO DE INVESTIMENTO IMOBILIÁRIO RESPONSABILIDADE LIMITAD;Em Funcionamento Normal;;Fechado;;51176530.40;2026-03-31;GRANT THORNTON AUDITORES INDEPENDENTES LTDA.;VORTX DISTRIBUIDORA DE TITULOS E VALORES MOBILIARIOS LTDA.;cnpj;31.152.015/0001-07;CANCELADA;;;;;;;;;sem_inf_diario_202605
HCHG;HCHG11;FII HECT CRI;HECTARE RECEBÍVEIS HIGH GRADE FUNDO DE INVESTIMENTO IMOBILIÁRIO - FII - RESP LIMITADA;NÃO;classe_exata;1.0;Alta;1095;34.508.959/0001-54;321002;FII;HECTARE RECEBÍVEIS HIGH GRADE FUNDO DE INVESTIMENTO IMOBILIÁRIO - FII - RESP LIMITADA;Em Funcionamento Normal;2021-01-06;;VORTX DISTRIBUIDORA DE TITULOS E VALORES MOBILIARIOS LTDA.;HECTARE CAPITAL GESTORA DE RECURSOS LTDA.;114408253.57;2025-05-31;34427;34.508.959/0001-54;10880;Classes de Cotas de Fundos FII;HECTARE RECEBÍVEIS HIGH GRADE FUNDO DE INVESTIMENTO IMOBILIÁRIO - FII - RESP LIMITADA;Em Funcionamento Normal;;Fechado;;106431928.32;2026-03-31;GRANT THORNTON AUDITORES INDEPENDENTES LTDA.;VORTX DISTRIBUIDORA DE TITULOS E VALORES MOBILIARIOS LTDA.;;;;;;;;;;;;sem_inf_diario_202605
HAAA;HAAA11;FII HEDGEAAA;HEDGE AAA FUNDO DE INVESTIMENTO IMOBILIÁRIO DE RESPONSABILIDADE LIMITADA;NÃO;classe_exata;1.0;Alta;885;27.445.482/0001-40;317014;FII;HEDGE AAA FUNDO DE INVESTIMENTO IMOBILIÁRIO DE RESPONSABILIDADE LIMITADA;Em Funcionamento Normal;2017-04-17;;HEDGE INVESTMENTS DISTRIBUIDORA DE TÍTULOS E VALORES MOBILIÁRIOS LTDA.;HEDGE INVESTMENTS REAL ESTATE GESTÃO DE RECURSOS LTDA.;231683993.52;2025-05-31;34300;27.445.482/0001-40;9792;Classes de Cotas de Fundos FII;HEDGE AAA FUNDO DE INVESTIMENTO IMOBILIÁRIO DE RESPONSABILIDADE LIMITADA;Em Funcionamento Normal;;Fechado;;223709206.01;2026-03-31;PRICEWATERHOUSECOOPERS AUDITORES INDEPENDENTES LTDA.;HEDGE INVESTMENTS DISTRIBUIDORA DE TÍTULOS E VALORES MOBILIÁRIOS LTDA.;;;;;;;;;;;;sem_inf_diario_202605
ATSA;ATSA11;FII HATRIUM;HEDGE ATRIUM SHOPPING SANTO ANDRÉ FUNDO DE INVESTIMENTO IMOBILIÁRIO DE RESPONSABILIDADE LIMITADA;NÃO;classe_exata;1.0;Alta;530;12.809.972/0001-00;310023;FII;HEDGE ATRIUM SHOPPING SANTO ANDRÉ FUNDO DE INVESTIMENTO IMOBILIÁRIO DE RESPONSABILIDADE LIMITADA;Em Funcionamento Normal;2010-11-01;;HEDGE INVESTMENTS DISTRIBUIDORA DE TÍTULOS E VALORES MOBILIÁRIOS LTDA.;HEDGE INVESTMENTS REAL ESTATE GESTÃO DE RECURSOS LTDA.;134363358.54;2025-05-31;34108;12.809.972/0001-00;9172;Classes de Cotas de Fundos FII;HEDGE ATRIUM SHOPPING SANTO ANDRÉ FUNDO DE INVESTIMENTO IMOBILIÁRIO DE RESPONSABILIDADE LIMITADA;Em Funcionamento Normal;;Fechado;;129507046.91;2026-03-31;KPMG AUDITORES INDEPENDENTES LTDA.;HEDGE INVESTMENTS DISTRIBUIDORA DE TÍTULOS E VALORES MOBILIÁRIOS LTDA.;cnpj;12.809.972/0001-00;CANCELADA;;;;;;;;;sem_inf_diario_202605
HGBL;HGBL11;FII HGBL;HEDGE BRASIL LOGÍSTICO INDUSTRIAL FUNDO DE INVESTIMENTO IMOBILIÁRIO DE RESPONSABILIDADE LIMITADA;NÃO;classe_exata;1.0;Alta;1800;53.466.467/0001-98;324007;FII;HEDGE BRASIL LOGÍSTICO INDUSTRIAL FUNDO DE INVESTIMENTO IMOBILIÁRIO DE RESPONSABILIDADE LIMITADA;Em Funcionamento Normal;2024-01-11;;HEDGE INVESTMENTS DISTRIBUIDORA DE TÍTULOS E VALORES MOBILIÁRIOS LTDA.;HEDGE INVESTMENTS REAL ESTATE GESTÃO DE RECURSOS LTDA.;119846614.87;2024-09-30;34901;53.466.467/0001-98;841;Classes de Cotas de Fundos FII;HEDGE BRASIL LOGÍSTICO INDUSTRIAL FUNDO DE INVESTIMENTO IMOBILIÁRIO DE RESPONSABILIDADE LIMITADA;Em Funcionamento Normal;;Fechado;;237110190.12;2026-03-31;GRANT THORNTON AUDITORES INDEPENDENTES LTDA.;HEDGE INVESTMENTS DISTRIBUIDORA DE TÍTULOS E VALORES MOBILIÁRIOS LTDA.;;;;;;;;;;;;sem_inf_diario_202605
HGBS;HGBS11;FII HEDGEBS;HEDGE BRASIL SHOPPING FUNDO DE INVESTIMENTO IMOBILIÁRIO DE RESPONSABILIDADE LIMITADA;NÃO;classe_exata;1.0;Alta;454;8431747000106;306006;FII;HEDGE BRASIL SHOPPING FUNDO DE INVESTIMENTO IMOBILIÁRIO DE RESPONSABILIDADE LIMITADA;Em Funcionamento Normal;2006-12-28;;HEDGE INVESTMENTS DISTRIBUIDORA DE TÍTULOS E VALORES MOBILIÁRIOS LTDA.;HEDGE INVESTMENTS REAL ESTATE GESTÃO DE RECURSOS LTDA.;2788017625.59;2025-05-31;34066;8431747000106;9040;Classes de Cotas de Fundos FII;HEDGE BRASIL SHOPPING FUNDO DE INVESTIMENTO IMOBILIÁRIO DE RESPONSABILIDADE LIMITADA;Em Funcionamento Normal;;Fechado;;2671636927.73;2026-03-31;GRANT THORNTON AUDITORES INDEPENDENTES LTDA.;HEDGE INVESTMENTS DISTRIBUIDORA DE TÍTULOS E VALORES MOBILIÁRIOS LTDA.;;;;;;;;;;;;sem_inf_diario_202605
HDEL;HDEL11;FII HEDGE DV;HEDGE DESENVOLVIMENTO LOGÍSTICO FUNDO DE INVESTIMENTO IMOBILIÁRIO DE RESPONSABILIDADE LIMITADA;NÃO;classe_exata;1.0;Alta;1486;44.514.162/0001-13;322009;FII;HEDGE DESENVOLVIMENTO LOGÍSTICO FUNDO DE INVESTIMENTO IMOBILIÁRIO DE RESPONSABILIDADE LIMITADA;Em Funcionamento Normal;2022-02-03;;HEDGE INVESTMENTS DISTRIBUIDORA DE TÍTULOS E VALORES MOBILIÁRIOS LTDA.;HEDGE INVESTMENTS REAL ESTATE GESTÃO DE RECURSOS LTDA.;104206960.99;2025-05-31;34682;44.514.162/0001-13;11410;Classes de Cotas de Fundos FII;HEDGE DESENVOLVIMENTO LOGÍSTICO FUNDO DE INVESTIMENTO IMOBILIÁRIO DE RESPONSABILIDADE LIMITADA;Em Funcionamento Normal;;Fechado;;71166613.58;2026-03-31;GRANT THORNTON AUDITORES INDEPENDENTES LTDA.;HEDGE INVESTMENTS DISTRIBUIDORA DE TÍTULOS E VALORES MOBILIÁRIOS LTDA.;;;;;;;;;;;;sem_inf_diario_202605
FLRP;FLRP11;FII FLORIPA;HEDGE FLORIPA SHOPPING FUNDO DE INVESTIMENTO IMOBILIÁRIO DE RESPONSABILIDADE LIMITADA;NÃO;classe_exata;1.0;Alta;476;10.375.382/0001-91;309005;FII;HEDGE FLORIPA SHOPPING FUNDO DE INVESTIMENTO IMOBILIÁRIO DE RESPONSABILIDADE LIMITADA;Em Funcionamento Normal;2009-09-21;;HEDGE INVESTMENTS DISTRIBUIDORA DE TÍTULOS E VALORES MOBILIÁRIOS LTDA.;HEDGE INVESTMENTS REAL ESTATE GESTÃO DE RECURSOS LTDA.;148245528.43;2025-05-31;34080;10.375.382/0001-91;9105;Classes de Cotas de Fundos FII;HEDGE FLORIPA SHOPPING FUNDO DE INVESTIMENTO IMOBILIÁRIO DE RESPONSABILIDADE LIMITADA;Em Funcionamento Normal;;Fechado;;161035790.49;2026-03-31;PRICEWATERHOUSECOOPERS AUDITORES INDEPENDENTES LTDA.;HEDGE INVESTMENTS DISTRIBUIDORA DE TÍTULOS E VALORES MOBILIÁRIOS LTDA.;;;;;;;;;;;;sem_inf_diario_202605
HJCT;HJCT11;FII HJCT;HEDGE JHSF CAPITAL PRIME OFFICES FUNDO DE INVESTIMENTO IMOBILIÁRIO DE RESPONSABILIDADE LIMITADA;NÃO;classe_exata;1.0;Alta;2162;62.082.124/0001-10;325134;FII;HEDGE JHSF CAPITAL PRIME OFFICES FUNDO DE INVESTIMENTO IMOBILIÁRIO DE RESPONSABILIDADE LIMITADA;Em Funcionamento Normal;2025-08-05;;HEDGE INVESTMENTS DISTRIBUIDORA DE TÍTULOS E VALORES MOBILIÁRIOS LTDA.;JHSF CAPITAL LTDA.;;;35195;62.082.124/0001-10;12590;Classes de Cotas de Fundos FII;HEDGE JHSF CAPITAL PRIME OFFICES FUNDO DE INVESTIMENTO IMOBILIÁRIO DE RESPONSABILIDADE LIMITADA;Em Funcionamento Normal;;Fechado;;86226261.09;2026-03-31;PRICEWATERHOUSECOOPERS AUDITORES INDEPENDENTES LTDA.;HEDGE INVESTMENTS DISTRIBUIDORA DE TÍTULOS E VALORES MOBILIÁRIOS LTDA.;;;;;;;;;;;;sem_inf_diario_202605
HLOG;HLOG11;FII HEDGELOG;HEDGE LOGÍSTICA FUNDO DE INVESTIMENTO IMOBILIÁRIO DE RESPONSABILIDADE LIMITADA;NÃO;classe_exata;1.0;Alta;886;27.486.542/0001-72;317016;FII;HEDGE LOGÍSTICA FUNDO DE INVESTIMENTO IMOBILIÁRIO DE RESPONSABILIDADE LIMITADA;Em Funcionamento Normal;2017-04-27;;HEDGE INVESTMENTS DISTRIBUIDORA DE TÍTULOS E VALORES MOBILIÁRIOS LTDA.;HEDGE INVESTMENTS REAL ESTATE GESTÃO DE RECURSOS LTDA.;467943308.74;2025-05-31;34301;27.486.542/0001-72;9822;Classes de Cotas de Fundos FII;HEDGE LOGÍSTICA FUNDO DE INVESTIMENTO IMOBILIÁRIO DE RESPONSABILIDADE LIMITADA;Em Funcionamento Normal;;Fechado;;508689847.08;2026-03-31;GRANT THORNTON AUDITORES INDEPENDENTES LTDA.;HEDGE INVESTMENTS DISTRIBUIDORA DE TÍTULOS E VALORES MOBILIÁRIOS LTDA.;;;;;;;;;;;;sem_inf_diario_202605
HOFC;HOFC11;FII HOFFICEI;HEDGE OFFICE INCOME FUNDO DE INVESTIMENTO IMOBILIÁRIO DE RESPONSABILIDADE LIMITADA;NÃO;classe_exata;1.0;Alta;1022;31.894.369/0001-19;319025;FII;HEDGE OFFICE INCOME FUNDO DE INVESTIMENTO IMOBILIÁRIO DE RESPONSABILIDADE LIMITADA;Em Funcionamento Normal;2019-06-26;;HEDGE INVESTMENTS DISTRIBUIDORA DE TÍTULOS E VALORES MOBILIÁRIOS LTDA.;HEDGE INVESTMENTS REAL ESTATE GESTÃO DE RECURSOS LTDA.;247522524.42;2025-05-31;34382;31.894.369/0001-19;10383;Classes de Cotas de Fundos FII;HEDGE OFFICE INCOME FUNDO DE INVESTIMENTO IMOBILIÁRIO DE RESPONSABILIDADE LIMITADA;Em Funcionamento Normal;;Fechado;;217276658.92;2026-03-31;CLA - CLIFTON LARSON ALLEN BRASIL AUDITORES INDEPENDENTES LTDA;HEDGE INVESTMENTS DISTRIBUIDORA DE TÍTULOS E VALORES MOBILIÁRIOS LTDA.;;;;;;;;;;;;sem_inf_diario_202605
HDOF;HDOF11;FII HEDGE OF;HEDGE PALADIN DESIGN OFFICES FUNDO DE INVESTIMENTO IMOBILIÁRIO DE RESPONSABILIDADE LIMITADA;NÃO;classe_exata;1.0;Alta;1141;35.688.460/0001-39;320081;FII;HEDGE PALADIN DESIGN OFFICES FUNDO DE INVESTIMENTO IMOBILIÁRIO DE RESPONSABILIDADE LIMITADA;Em Funcionamento Normal;2020-09-22;;HEDGE INVESTMENTS DISTRIBUIDORA DE TÍTULOS E VALORES MOBILIÁRIOS LTDA.;HEDGE INVESTMENTS REAL ESTATE GESTÃO DE RECURSOS LTDA.;291168631.99;2025-05-31;34455;35.688.460/0001-39;10693;Classes de Cotas de Fundos FII;HEDGE PALADIN DESIGN OFFICES FUNDO DE INVESTIMENTO IMOBILIÁRIO DE RESPONSABILIDADE LIMITADA;Em Funcionamento Normal;;Fechado;;312763598.52;2026-03-31;GRANT THORNTON AUDITORES INDEPENDENTES LTDA.;HEDGE INVESTMENTS DISTRIBUIDORA DE TÍTULOS E VALORES MOBILIÁRIOS LTDA.;;;;;;;;;;;;sem_inf_diario_202605
HRDF;HRDF11;FII HREALTY;HEDGE REALTY DEVELOPMENT FUNDO DE INVESTIMENTO IMOBILIÁRIO DE RESPONSABILIDADE LIMITADA;NÃO;classe_exata;1.0;Alta;641;16.929.519/0001-99;317097;FII;HEDGE REALTY DEVELOPMENT FUNDO DE INVESTIMENTO IMOBILIÁRIO DE RESPONSABILIDADE LIMITADA;Em Funcionamento Normal;2017-12-29;;HEDGE INVESTMENTS DISTRIBUIDORA DE TÍTULOS E VALORES MOBILIÁRIOS LTDA.;HEDGE INVESTMENTS REAL ESTATE GESTÃO DE RECURSOS LTDA.;11176223.41;2025-05-31;34168;16.929.519/0001-99;10057;Classes de Cotas de Fundos FII;HEDGE REALTY DEVELOPMENT FUNDO DE INVESTIMENTO IMOBILIÁRIO DE RESPONSABILIDADE LIMITADA;Em Funcionamento Normal;;;;13200650.44;2026-03-31;GRANT THORNTON AUDITORES INDEPENDENTES LTDA.;HEDGE INVESTMENTS DISTRIBUIDORA DE TÍTULOS E VALORES MOBILIÁRIOS LTDA.;cnpj;16.929.519/0001-99;CANCELADA;;;;;;;;;sem_inf_diario_202605
HREC;HREC11;FII HEDGEREC;HEDGE RECEBÍVEIS IMOBILIÁRIOS FUNDO DE INVESTIMENTO IMOBILIÁRIO DE RESPONSABILIDADE LIMITADA;NÃO;classe_exata;1.0;Alta;1124;35.507.262/0001-21;319079;FII;HEDGE RECEBÍVEIS IMOBILIÁRIOS FUNDO DE INVESTIMENTO IMOBILIÁRIO DE RESPONSABILIDADE LIMITADA;Em Funcionamento Normal;2019-11-21;;HEDGE INVESTMENTS DISTRIBUIDORA DE TÍTULOS E VALORES MOBILIÁRIOS LTDA.;HEDGE INVESTMENTS REAL ESTATE GESTÃO DE RECURSOS LTDA.;453162683.31;2025-05-31;34445;35.507.262/0001-21;10510;Classes de Cotas de Fundos FII;HEDGE RECEBÍVEIS IMOBILIÁRIOS FUNDO DE INVESTIMENTO IMOBILIÁRIO DE RESPONSABILIDADE LIMITADA;Em Funcionamento Normal;;Fechado;;459801349.79;2026-03-31;GRANT THORNTON AUDITORES INDEPENDENTES LTDA.;HEDGE INVESTMENTS DISTRIBUIDORA DE TÍTULOS E VALORES MOBILIÁRIOS LTDA.;;;;;;;;;;;;sem_inf_diario_202605
SEED;SEED11;FII HEDGE SD;HEDGE SEED FUNDO DE INVESTIMENTO IMOBILIARIO DE RESPONSABILIDADE LIMITADA;NÃO;classe_exata;1.0;Alta;1142;35.689.497/0001-81;320130;FII;HEDGE SEED FUNDO DE INVESTIMENTO IMOBILIARIO DE RESPONSABILIDADE LIMITADA;Em Funcionamento Normal;2020-12-21;;HEDGE INVESTMENTS DISTRIBUIDORA DE TÍTULOS E VALORES MOBILIÁRIOS LTDA.;HEDGE INVESTMENTS REAL ESTATE GESTÃO DE RECURSOS LTDA.;144467811.48;2025-05-31;34456;35.689.497/0001-81;10855;Classes de Cotas de Fundos FII;HEDGE SEED FUNDO DE INVESTIMENTO IMOBILIARIO DE RESPONSABILIDADE LIMITADA;Em Funcionamento Normal;;Fechado;;150428655.55;2026-03-31;PRICEWATERHOUSECOOPERS AUDITORES INDEPENDENTES LTDA.;HEDGE INVESTMENTS DISTRIBUIDORA DE TÍTULOS E VALORES MOBILIÁRIOS LTDA.;;;;;;;;;;;;sem_inf_diario_202605
HPDP;HPDP11;FII HEDGEPDP;HEDGE SHOPPING PARQUE DOM PEDRO FUNDO DE INVESTIMENTO IMOBILIÁRIO DE RESPONSABILIDADE LIMITADA;NÃO;classe_exata;1.0;Alta;1128;35.586.415/0001-73;319080;FII;HEDGE SHOPPING PARQUE DOM PEDRO FUNDO DE INVESTIMENTO IMOBILIÁRIO DE RESPONSABILIDADE LIMITADA;Em Funcionamento Normal;2019-11-22;;HEDGE INVESTMENTS DISTRIBUIDORA DE TÍTULOS E VALORES MOBILIÁRIOS LTDA.;HEDGE INVESTMENTS REAL ESTATE GESTÃO DE RECURSOS LTDA.;306875808.07;2025-05-31;34448;35.586.415/0001-73;10529;Classes de Cotas de Fundos FII;HEDGE SHOPPING PARQUE DOM PEDRO FUNDO DE INVESTIMENTO IMOBILIÁRIO DE RESPONSABILIDADE LIMITADA;Em Funcionamento Normal;;Fechado;;357490413.93;2026-03-31;GRANT THORNTON AUDITORES INDEPENDENTES LTDA.;HEDGE INVESTMENTS DISTRIBUIDORA DE TÍTULOS E VALORES MOBILIÁRIOS LTDA.;;;;;;;;;;;;sem_inf_diario_202605
HFOF;HFOF11;FII HTOPFOF3;HEDGE TOP FOFII 3 FUNDO DE INVESTIMENTO IMOBILIÁRIO DE RESPONSABILIDADE LIMITADA;NÃO;classe_exata;1.0;Alta;693;18.307.582/0001-19;317080;FII;HEDGE TOP FOFII 3 FUNDO DE INVESTIMENTO IMOBILIÁRIO DE RESPONSABILIDADE LIMITADA;Em Funcionamento Normal;2017-10-19;;HEDGE INVESTMENTS DISTRIBUIDORA DE TÍTULOS E VALORES MOBILIÁRIOS LTDA.;HEDGE INVESTMENTS REAL ESTATE GESTÃO DE RECURSOS LTDA.;1662325869.40;2025-05-31;34194;18.307.582/0001-19;9989;Classes de Cotas de Fundos FII;HEDGE TOP FOFII 3 FUNDO DE INVESTIMENTO IMOBILIÁRIO DE RESPONSABILIDADE LIMITADA;Em Funcionamento Normal;;Fechado;;1778525332.74;2026-03-31;PRICEWATERHOUSECOOPERS AUDITORES INDEPENDENTES LTDA.;HEDGE INVESTMENTS DISTRIBUIDORA DE TÍTULOS E VALORES MOBILIÁRIOS LTDA.;nome_fuzzy_0.94;16.875.388/0001-04;CANCELADA;;;;;;;;;sem_inf_diario_202605
YEES;YEES11;FII YEES;HEDGE YEES HABITAÇÕES ECONÔMICAS FUNDO DE INVESTIMENTO IMOBILIÁRIO DE RESPONSABILIDADE LIMITADA;NÃO;classe_exata;1.0;Alta;1666;51.385.174/0001-50;323070;FII;HEDGE YEES HABITAÇÕES ECONÔMICAS FUNDO DE INVESTIMENTO IMOBILIÁRIO DE RESPONSABILIDADE LIMITADA;Em Funcionamento Normal;2023-07-11;;HEDGE INVESTMENTS DISTRIBUIDORA DE TÍTULOS E VALORES MOBILIÁRIOS LTDA.;HEDGE INVESTMENTS REAL ESTATE GESTÃO DE RECURSOS LTDA.;14263353.07;2025-05-31;34804;51.385.174/0001-50;11983;Classes de Cotas de Fundos FII;HEDGE YEES HABITAÇÕES ECONÔMICAS FUNDO DE INVESTIMENTO IMOBILIÁRIO DE RESPONSABILIDADE LIMITADA;Em Funcionamento Normal;;Fechado;;27060938.69;2026-03-31;GRANT THORNTON AUDITORES INDEPENDENTES LTDA.;HEDGE INVESTMENTS DISTRIBUIDORA DE TÍTULOS E VALORES MOBILIÁRIOS LTDA.;;;;;;;;;;;;sem_inf_diario_202605
HGIC;HGIC11;FII HGI CRI;HGI CRÉDITOS IMOBILIÁRIOS FUNDO DE INVESTIMENTO IMOBILIÁRIO RESPONSABILIDADE LIMITADA;NÃO;classe_exata;1.0;Alta;1244;38.456.508/0001-71;320108;FII;HGI CRÉDITOS IMOBILIÁRIOS FUNDO DE INVESTIMENTO IMOBILIÁRIO RESPONSABILIDADE LIMITADA;Em Funcionamento Normal;2020-11-06;;VORTX DISTRIBUIDORA DE TITULOS E VALORES MOBILIARIOS LTDA.;HIGH GESTÃO E INVESTIMENTOS LTDA;50992351.89;2025-04-30;34533;38.456.508/0001-71;6564;Classes de Cotas de Fundos FII;HGI CRÉDITOS IMOBILIÁRIOS FUNDO DE INVESTIMENTO IMOBILIÁRIO RESPONSABILIDADE LIMITADA;Em Funcionamento Normal;;Fechado;;51132302.83;2026-03-31;RSM BRASIL AUDITORES INDEPENDENTES LTDA.;VORTX DISTRIBUIDORA DE TITULOS E VALORES MOBILIARIOS LTDA.;;;;;;;;;;;;sem_inf_diario_202605
HIRE;HIRE11;FII HIRE;HIRE FUNDO DE INVESTIMENTO IMOBILIÁRIO RESPONSABILIDADE LIMITADA;NÃO;classe_exata;1.0;Alta;2290;63.806.554/0001-09;325262;FII;HIRE FUNDO DE INVESTIMENTO IMOBILIÁRIO RESPONSABILIDADE LIMITADA;Em Funcionamento Normal;2025-11-25;;VORTX DISTRIBUIDORA DE TITULOS E VALORES MOBILIARIOS LTDA.;HIRE GESTÃO DE RECURSOS LTDA.;;;35317;63.806.554/0001-09;14150;Classes de Cotas de Fundos FII;HIRE FUNDO DE INVESTIMENTO IMOBILIÁRIO RESPONSABILIDADE LIMITADA;Em Funcionamento Normal;;Fechado;;274769523.54;2026-03-31;BAKER TILLY 4PARTNERS AUDITORES INDEPENDENTES LTDA.;VORTX DISTRIBUIDORA DE TITULOS E VALORES MOBILIARIOS LTDA.;;;;;;;;;;;;sem_inf_diario_202605
HILG;HILG11;FII HIRE LOG;HIRE LOG I - FUNDO DE INVESTIMENTO IMOBILIÁRIO;NÃO;classe_exata;1.0;Alta;1113;34.867.728/0001-37;321049;FII;HIRE LOG I - FUNDO DE INVESTIMENTO IMOBILIÁRIO;Em Funcionamento Normal;2021-05-03;;VORTX DISTRIBUIDORA DE TITULOS E VALORES MOBILIARIOS LTDA.;HIRE GESTÃO DE RECURSOS LTDA.;106237148.84;2025-05-31;34438;34.867.728/0001-37;11002;Classes de Cotas de Fundos FII;HIRE LOG I - FUNDO DE INVESTIMENTO IMOBILIÁRIO;Em Funcionamento Normal;;;;126932355.63;2026-03-31;DELOITTE TOUCHE TOHMATSU AUDITORES INDEPENDENTES LTDA.;VORTX DISTRIBUIDORA DE TITULOS E VALORES MOBILIARIOS LTDA.;cnpj;34.867.728/0001-37;CANCELADA;;;;;;;;;sem_inf_diario_202605
HTMX;HTMX11;FII HOTEL MX;HOTEL MAXINVEST FUNDO DE INVESTIMENTO IMOBILIÁRIO RESPONSABILIDADE LIMITADA;NÃO;classe_exata;1.0;Alta;459;8706065000169;307003;FII;HOTEL MAXINVEST FUNDO DE INVESTIMENTO IMOBILIÁRIO RESPONSABILIDADE LIMITADA;Em Funcionamento Normal;2007-02-13;;BTG PACTUAL SERVIÇOS FINANCEIROS S/A DTVM;BTG PACTUAL GESTORA DE RECURSOS LTDA;420185174.61;2025-03-31;34069;8706065000169;5126;Classes de Cotas de Fundos FII;HOTEL MAXINVEST FUNDO DE INVESTIMENTO IMOBILIÁRIO RESPONSABILIDADE LIMITADA;Em Funcionamento Normal;;Fechado;;432473152.22;2026-03-31;PRICEWATERHOUSECOOPERS AUDITORES INDEPENDENTES LTDA.;;;;;;;;;;;;;sem_inf_diario_202605
HSAF;HSAF11;FII HSI CRI;HSI ATIVOS FINANCEIROS FUNDO DE INVESTIMENTO IMOBILIÁRIO DE RESP LIMITADA;NÃO;classe_exata;1.0;Alta;1120;35.360.687/0001-50;320042;FII;HSI ATIVOS FINANCEIROS FUNDO DE INVESTIMENTO IMOBILIÁRIO DE RESP LIMITADA;Em Funcionamento Normal;2020-06-15;;BRL TRUST DISTRIBUIDORA DE TITULOS E VALORES MOBILIARIOS S.A.;HSI GESTORA DE ATIVOS FINANCEIROS LTDA.;223307083.63;2025-04-30;34443;35.360.687/0001-50;5339;Classes de Cotas de Fundos FII;HSI ATIVOS FINANCEIROS FUNDO DE INVESTIMENTO IMOBILIÁRIO DE RESP LIMITADA;Em Funcionamento Normal;;Fechado;;225018789.39;2026-03-31;PRICEWATERHOUSECOOPERS AUDITORES INDEPENDENTES LTDA.;BRL TRUST DISTRIBUIDORA DE TITULOS E VALORES MOBILIARIOS S.A.;;;;;;;;;;;;sem_inf_diario_202605
HSLG;HSLG11;FII HSI LOG;HSI LOGÍSTICA FUNDO DE INVESTIMENTO IMOBILIÁRIO DE RESP LIMITADA;NÃO;classe_exata;1.0;Alta;1061;32.903.621/0001-71;319082;FII;HSI LOGÍSTICA FUNDO DE INVESTIMENTO IMOBILIÁRIO DE RESP LIMITADA;Em Funcionamento Normal;2019-11-26;;BRL TRUST DISTRIBUIDORA DE TITULOS E VALORES MOBILIARIOS S.A.;HSI GESTORA DE FUNDOS IMOBILIÁRIOS LTDA.;1307194804.12;2025-04-30;34407;32.903.621/0001-71;5312;Classes de Cotas de Fundos FII;HSI LOGÍSTICA FUNDO DE INVESTIMENTO IMOBILIÁRIO DE RESP LIMITADA;Em Funcionamento Normal;;Fechado;;1389202429.28;2026-03-31;PRICEWATERHOUSECOOPERS AUDITORES INDEPENDENTES LTDA.;BRL TRUST DISTRIBUIDORA DE TITULOS E VALORES MOBILIARIOS S.A.;;;;;;;;;;;;sem_inf_diario_202605
HSML;HSML11;FII HSI MALL;HSI MALLS FUNDO DE INVESTIMENTO IMOBILIÁRIO DE RESPONSABILIDADE LIMITADA;NÃO;classe_exata;1.0;Alta;1059;32.892.018/0001-31;319012;FII;HSI MALLS FUNDO DE INVESTIMENTO IMOBILIÁRIO DE RESPONSABILIDADE LIMITADA;Em Funcionamento Normal;2019-03-07;;S3 CACEIS BRASIL DISTRIBUIDORA DE TITULOS E VALORES MOBILIARIOS S.A;HSI GESTORA DE FUNDOS IMOBILIÁRIOS LTDA.;2270095987.33;2025-03-31;34406;32.892.018/0001-31;5223;Classes de Cotas de Fundos FII;HSI MALLS FUNDO DE INVESTIMENTO IMOBILIÁRIO DE RESPONSABILIDADE LIMITADA;Em Funcionamento Normal;;Fechado;;2216407942.16;2026-03-31;PRICEWATERHOUSECOOPERS AUDITORES INDEPENDENTES LTDA.;S3 CACEIS BRASIL DISTRIBUIDORA DE TITULOS E VALORES MOBILIARIOS S.A;;;;;;;;;;;;sem_inf_diario_202605
HSRE;HSRE11;FII HSIRENDA;HSI RENDA IMOBILIÁRIA FUNDO DE INVESTIMENTO IMOBILIÁRIO DE RESP LIMITADA;NÃO;classe_exata;1.0;Alta;452;8098114000128;306004;FII;HSI RENDA IMOBILIÁRIA FUNDO DE INVESTIMENTO IMOBILIÁRIO DE RESP LIMITADA;Em Funcionamento Normal;2006-06-26;;BRL TRUST DISTRIBUIDORA DE TITULOS E VALORES MOBILIARIOS S.A.;HSI GESTORA DE FUNDOS IMOBILIÁRIOS LTDA.;814542678.76;2025-01-31;34064;8098114000128;4006;Classes de Cotas de Fundos FII;HSI RENDA IMOBILIÁRIA FUNDO DE INVESTIMENTO IMOBILIÁRIO DE RESP LIMITADA;Em Funcionamento Normal;;Fechado;;775670472.21;2026-03-31;PRICEWATERHOUSECOOPERS AUDITORES INDEPENDENTES LTDA.;BRL TRUST DISTRIBUIDORA DE TITULOS E VALORES MOBILIARIOS S.A.;;;;;;;;;;;;sem_inf_diario_202605
HUSI;HUSI11;FII HUSI;HUSI FUNDO DE INVESTIMENTO IMOBILIÁRIO;NÃO;classe_exata;1.0;Alta;963;30.017.492/0001-99;318012;FII;HUSI FUNDO DE INVESTIMENTO IMOBILIÁRIO;Em Funcionamento Normal;2018-03-29;;TRUSTEE DISTRIBUIDORA DE TITULOS E VALORES MOBILIARIOS LTDA.;INVESTCOOP ASSET MANAGEMENT LTDA.;145086152.92;2025-05-31;34336;30.017.492/0001-99;10090;Classes de Cotas de Fundos FII;HUSI FUNDO DE INVESTIMENTO IMOBILIÁRIO;Em Funcionamento Normal;;Fechado;;153058985.53;2026-03-31;BDO RCS AUDITORES INDEPENDENTES - SOCIEDADE SIMPLES LIMITADA;TRUSTEE DISTRIBUIDORA DE TITULOS E VALORES MOBILIARIOS LTDA.;;;;;;;;;;;;sem_inf_diario_202605
IVCI;IVCI11;FII IVCI;ICATU VANGUARDA CRÉDITO IMOBILIÁRIO FUNDO DE INVESTIMENTO IMOBILIÁRIO - RESPONSABILIDADE LIMITADA;NÃO;classe_exata;1.0;Alta;1787;53.305.536/0001-81;323197;FII;ICATU VANGUARDA CRÉDITO IMOBILIÁRIO FUNDO DE INVESTIMENTO IMOBILIÁRIO - RESPONSABILIDADE LIMITADA;Em Funcionamento Normal;2023-12-26;;BANCO DAYCOVAL S.A.;ICATU VANGUARDA GESTÃO DE RECURSOS LTDA;50896662.53;2024-09-30;34892;53.305.536/0001-81;671;Classes de Cotas de Fundos FII;ICATU VANGUARDA CRÉDITO IMOBILIÁRIO FUNDO DE INVESTIMENTO IMOBILIÁRIO - RESPONSABILIDADE LIMITADA;Em Funcionamento Normal;;Fechado;;50382468.19;2026-03-31;MCS MARKUP AUDITORES INDEPENDENTES S/S LTDA;BANCO DAYCOVAL S.A.;;;;;;;;;;;;sem_inf_diario_202605
GRUL;GRUL11;FII GRUL;ICATU VANGUARDA GRU  LOGÍSTICO FUNDO DE INVESTIMENTO IMOBILIÁRIO - RESPONSABILIDADE LIMITADA;NÃO;classe_exata;1.0;Alta;1844;54.483.412/0001-59;324055;FII;ICATU VANGUARDA GRU  LOGÍSTICO FUNDO DE INVESTIMENTO IMOBILIÁRIO - RESPONSABILIDADE LIMITADA;Em Funcionamento Normal;2024-03-26;;BANCO DAYCOVAL S.A.;ICATU VANGUARDA GESTÃO DE RECURSOS LTDA;236651074.27;2024-09-30;34934;54.483.412/0001-59;1341;Classes de Cotas de Fundos FII;ICATU VANGUARDA GRU  LOGÍSTICO FUNDO DE INVESTIMENTO IMOBILIÁRIO - RESPONSABILIDADE LIMITADA;Em Funcionamento Normal;;Fechado;;238147154.06;2026-03-31;KPMG AUDITORES INDEPENDENTES LTDA.;BANCO DAYCOVAL S.A.;;;;;;;;;;;;sem_inf_diario_202605
ICNE;ICNE11;FII ICNE;ÍCONE - FUNDO DE INVESTIMENTO IMOBILIÁRIO RESPONSABILIDADE LIMITADA;NÃO;classe_exata;1.0;Alta;1765;53.137.434/0001-02;323172;FII;ÍCONE - FUNDO DE INVESTIMENTO IMOBILIÁRIO RESPONSABILIDADE LIMITADA;Em Funcionamento Normal;2023-12-07;;OLIVEIRA TRUST DTVM S.A.;RIZA REAL ESTATE GESTORA DE RECURSOS LTDA.;96766916.78;2024-09-30;34875;53.137.434/0001-02;698;Classes de Cotas de Fundos FII;ÍCONE - FUNDO DE INVESTIMENTO IMOBILIÁRIO RESPONSABILIDADE LIMITADA;Em Funcionamento Normal;;Fechado;;84716910.13;2026-03-31;PRICEWATERHOUSECOOPERS AUDITORES INDEPENDENTES LTDA.;OLIVEIRA TRUST DTVM S.A.;;;;;;;;;;;;sem_inf_diario_202605
IMMB;IMMB11;FII IMMB;IMMOBINVEST FUNDO DE INVESTIMENTO IMOBILIÁRIO RESPONSABILIDADE LIMITADA;NÃO;classe_exata;1.0;Alta;1641;50.686.473/0001-62;323046;FII;IMMOBINVEST FUNDO DE INVESTIMENTO IMOBILIÁRIO RESPONSABILIDADE LIMITADA;Em Funcionamento Normal;2023-05-16;;VORTX DISTRIBUIDORA DE TITULOS E VALORES MOBILIARIOS LTDA.;ASTOR GESTÃO DE RECURSOS LTDA;24904161.18;2025-05-31;34781;50.686.473/0001-62;11894;Classes de Cotas de Fundos FII;IMMOBINVEST FUNDO DE INVESTIMENTO IMOBILIÁRIO RESPONSABILIDADE LIMITADA;Em Funcionamento Normal;;Fechado;;34201374.34;2026-03-31;UHY BENDORAYTES & CIA AUDITORES INDEPENDENTES;VORTX DISTRIBUIDORA DE TITULOS E VALORES MOBILIARIOS LTDA.;;;;;;;;;;;;sem_inf_diario_202605
INDE;INDE11;FII INDE;INTER DESENVOLVIMENTO FUNDO DE INVESTIMENTO IMOBILIÁRIO RESPONSABILIDADE LIMITADA;NÃO;classe_exata;1.0;Alta;1739;52.635.194/0001-03;323144;FII;INTER DESENVOLVIMENTO FUNDO DE INVESTIMENTO IMOBILIÁRIO RESPONSABILIDADE LIMITADA;Em Funcionamento Normal;2023-10-23;;INTER DISTRIBUIDORA DE TÍTULOS E VALORES MOBILIÁRIOS;INTER ASSET GESTÃO DE RECURSOS LTDA.;20858020.14;2024-09-30;34853;52.635.194/0001-03;116;Classes de Cotas de Fundos FII;INTER DESENVOLVIMENTO FUNDO DE INVESTIMENTO IMOBILIÁRIO RESPONSABILIDADE LIMITADA;Em Funcionamento Normal;;Fechado;;49879326.14;2026-03-31;GRANT THORNTON AUDITORES INDEPENDENTES LTDA.;INTER DISTRIBUIDORA DE TÍTULOS E VALORES MOBILIÁRIOS;nome_fuzzy_0.85;26.314.437/0001-93;CANCELADA;;;;;;;;;sem_inf_diario_202605
INLG;INLG11;FII INTER LG;INTER LOGÍSTICO FUNDO DE INVESTIMENTO IMOBILIÁRIO FII RESPONSABILIDADE LIMITADA;NÃO;classe_exata;1.0;Alta;1099;34.598.181/0001-11;319049;FII;INTER LOGÍSTICO FUNDO DE INVESTIMENTO IMOBILIÁRIO FII RESPONSABILIDADE LIMITADA;Em Funcionamento Normal;2019-09-05;;INTER DISTRIBUIDORA DE TÍTULOS E VALORES MOBILIÁRIOS;INTER ASSET GESTÃO DE RECURSOS LTDA.;479258368.25;2025-11-30;34430;34.598.181/0001-11;14567;Classes de Cotas de Fundos FII;INTER LOGÍSTICO FUNDO DE INVESTIMENTO IMOBILIÁRIO FII RESPONSABILIDADE LIMITADA;Em Funcionamento Normal;;Fechado;;479814651.54;2026-03-31;GRANT THORNTON AUDITORES INDEPENDENTES LTDA.;INTER DISTRIBUIDORA DE TÍTULOS E VALORES MOBILIÁRIOS;;;;;;;;;;;;sem_inf_diario_202605
INRD;INRD11;FII INTER RD;INTER RESIDENCE FUNDO DE INVESTIMENTO IMOBILIÁRIO FII RESPONSABILIDADE LIMITADA;NÃO;classe_exata;1.0;Alta;1110;34.835.191/0001-23;319058;FII;INTER RESIDENCE FUNDO DE INVESTIMENTO IMOBILIÁRIO FII RESPONSABILIDADE LIMITADA;Em Funcionamento Normal;2019-09-23;;INTER DISTRIBUIDORA DE TÍTULOS E VALORES MOBILIÁRIOS;INTER ASSET GESTÃO DE RECURSOS LTDA.;134326658.81;2025-11-30;34436;34.835.191/0001-23;14575;Classes de Cotas de Fundos FII;INTER RESIDENCE FUNDO DE INVESTIMENTO IMOBILIÁRIO FII RESPONSABILIDADE LIMITADA;Em Funcionamento Normal;;Fechado;;133662600.70;2026-03-31;GRANT THORNTON AUDITORES INDEPENDENTES LTDA.;INTER DISTRIBUIDORA DE TÍTULOS E VALORES MOBILIÁRIOS;;;;;;;;;;;;sem_inf_diario_202605
ITIP;ITIP11;FII INTER IP;INTER TEVA ÍNDICE DE PAPEL FUNDO DE INVESTIMENTO IMOBILIÁRIO FII RESPONSABILIDADE LIMITADA;NÃO;classe_exata;1.0;Alta;1174;36.312.772/0001-06;320017;FII;INTER TEVA ÍNDICE DE PAPEL FUNDO DE INVESTIMENTO IMOBILIÁRIO FII RESPONSABILIDADE LIMITADA;Em Funcionamento Normal;2020-02-18;;INTER DISTRIBUIDORA DE TÍTULOS E VALORES MOBILIÁRIOS;INTER ASSET GESTÃO DE RECURSOS LTDA.;50068883.22;2025-11-30;34481;36.312.772/0001-06;14591;Classes de Cotas de Fundos FII;INTER TEVA ÍNDICE DE PAPEL FUNDO DE INVESTIMENTO IMOBILIÁRIO FII RESPONSABILIDADE LIMITADA;Em Funcionamento Normal;;Fechado;;51387982.52;2026-03-31;DELOITTE TOUCHE TOHMATSU AUDITORES INDEPENDENTES LTDA.;INTER DISTRIBUIDORA DE TÍTULOS E VALORES MOBILIÁRIOS;;;;;;;;;;;;sem_inf_diario_202605
ITIT;ITIT11;FII INTER IT;INTER TEVA ÍNDICE DE TIJOLO FUNDO DE INVESTIMENTO IMOBILIÁRIO FII RESPONSABILIDADE LIMITADA;NÃO;classe_exata;1.0;Alta;1171;36.293.425/0001-83;320018;FII;INTER TEVA ÍNDICE DE TIJOLO FUNDO DE INVESTIMENTO IMOBILIÁRIO FII RESPONSABILIDADE LIMITADA;Em Funcionamento Normal;2020-02-19;;INTER DISTRIBUIDORA DE TÍTULOS E VALORES MOBILIÁRIOS;INTER ASSET GESTÃO DE RECURSOS LTDA.;70946194.01;2025-11-30;34479;36.293.425/0001-83;14605;Classes de Cotas de Fundos FII;INTER TEVA ÍNDICE DE TIJOLO FUNDO DE INVESTIMENTO IMOBILIÁRIO FII RESPONSABILIDADE LIMITADA;Em Funcionamento Normal;;Fechado;;72162304.37;2026-03-31;DELOITTE TOUCHE TOHMATSU AUDITORES INDEPENDENTES LTDA.;INTER DISTRIBUIDORA DE TÍTULOS E VALORES MOBILIÁRIOS;;;;;;;;;;;;sem_inf_diario_202605
IBBP;IBBP11;FII IBBP;INVISTA BRAZILIAN BUSINESS PARK FUNDO DE INVESTIMENTO IMOBILIÁRIO;NÃO;classe_exata;1.0;Alta;1734;52.551.605/0001-74;323139;FII;INVISTA BRAZILIAN BUSINESS PARK FUNDO DE INVESTIMENTO IMOBILIÁRIO;Em Funcionamento Normal;2023-10-17;;VORTX DISTRIBUIDORA DE TITULOS E VALORES MOBILIARIOS LTDA.;INVISTA REAL ESTATE LTDA.;332896524.13;2024-09-30;34848;52.551.605/0001-74;43;Classes de Cotas de Fundos FII;INVISTA BRAZILIAN BUSINESS PARK FUNDO DE INVESTIMENTO IMOBILIÁRIO;Em Funcionamento Normal;;;;526389459.33;2026-03-31;UHY BENDORAYTES & CIA AUDITORES INDEPENDENTES;VORTX DISTRIBUIDORA DE TITULOS E VALORES MOBILIARIOS LTDA.;;;;;;;;;;;;sem_inf_diario_202605
XPIN;XPIN11;FII XP INDL;INVISTA INDUSTRIAL FUNDO DE INVESTIMENTO IMOBILIÁRIO;NÃO;classe_exata;1.0;Alta;936;28.516.325/0001-40;318021;FII;INVISTA INDUSTRIAL FUNDO DE INVESTIMENTO IMOBILIÁRIO;Em Funcionamento Normal;2018-05-21;;VORTX DISTRIBUIDORA DE TITULOS E VALORES MOBILIARIOS LTDA.;INVISTA REAL ESTATE LTDA.;737453432.21;2025-05-31;34319;28.516.325/0001-40;10120;Classes de Cotas de Fundos FII;INVISTA INDUSTRIAL FUNDO DE INVESTIMENTO IMOBILIÁRIO;Em Funcionamento Normal;;Fechado;;751801070.21;2026-03-31;PRICEWATERHOUSECOOPERS AUDITORES INDEPENDENTES LTDA.;VORTX DISTRIBUIDORA DE TITULOS E VALORES MOBILIARIOS LTDA.;;;;;;;;;;;;sem_inf_diario_202605
IRIM;IRIM11;FII IRIM;IRIDIUM FUNDO DE INVESTIMENTO IMOBILIÁRIO RESPONSABILIDADE LIMITADA;NÃO;classe_exata;1.0;Alta;1314;41.076.564/0001-95;321045;FII;IRIDIUM FUNDO DE INVESTIMENTO IMOBILIÁRIO RESPONSABILIDADE LIMITADA;Em Funcionamento Normal;2021-04-29;;BTG PACTUAL SERVIÇOS FINANCEIROS S/A DTVM;IRIDIUM GESTÃO DE RECURSOS LTDA.;165545171.52;2025-05-31;34573;41.076.564/0001-95;8192;Classes de Cotas de Fundos FII;IRIDIUM FUNDO DE INVESTIMENTO IMOBILIÁRIO RESPONSABILIDADE LIMITADA;Em Funcionamento Normal;;Fechado;;2940608782.92;2026-03-31;ERNST & YOUNG AUDITORES INDEPENDENTES S/S LTDA.;BANCO BTG PACTUAL S/A;;;;;;;;;;;;sem_inf_diario_202605
ICDI;ICDI11;FII ICDI;ITAÚ CRÉDITO IMOBILIÁRIO CDI FUNDO DE INVESTIMENTO IMOBILIÁRIO RESPONSABILIDADE LIMITADA;NÃO;classe_exata;1.0;Alta;2329;64.542.109/0001-33;326004;FII;ITAÚ CRÉDITO IMOBILIÁRIO CDI FUNDO DE INVESTIMENTO IMOBILIÁRIO RESPONSABILIDADE LIMITADA;Em Funcionamento Normal;2026-01-16;;INTRAG DTVM LTDA.;ITAU UNIBANCO ASSET MANAGEMENT LTDA.;;;35354;64.542.109/0001-33;14818;Classes de Cotas de Fundos FII;ITAÚ CRÉDITO IMOBILIÁRIO CDI FUNDO DE INVESTIMENTO IMOBILIÁRIO RESPONSABILIDADE LIMITADA;Em Funcionamento Normal;;Fechado;;375798284.33;2026-03-31;PRICEWATERHOUSECOOPERS AUDITORES INDEPENDENTES LTDA.;ITAU UNIBANCO S.A.;;;;;;;;;;;;sem_inf_diario_202605
ICRI;ICRI11;FII CI IPCA;ITAÚ CRÉDITO IMOBILIÁRIO IPCA FUNDO DE INVESTIMENTO IMOBILIÁRIO RESPONSABILIDADE LIMITADA;NÃO;classe_exata;1.0;Alta;1659;51.294.441/0001-84;323063;FII;ITAÚ CRÉDITO IMOBILIÁRIO IPCA FUNDO DE INVESTIMENTO IMOBILIÁRIO RESPONSABILIDADE LIMITADA;Em Funcionamento Normal;2023-07-04;;INTRAG DTVM LTDA.;ITAU UNIBANCO ASSET MANAGEMENT LTDA.;386154787.41;2025-05-31;34797;51.294.441/0001-84;11940;Classes de Cotas de Fundos FII;ITAÚ CRÉDITO IMOBILIÁRIO IPCA FUNDO DE INVESTIMENTO IMOBILIÁRIO RESPONSABILIDADE LIMITADA;Em Funcionamento Normal;;Fechado;;394402675.91;2026-03-31;ERNST & YOUNG AUDITORES INDEPENDENTES S/S LTDA.;ITAU UNIBANCO S.A.;;;;;;;;;;;;sem_inf_diario_202605
ILOG;ILOG11;FII ILOG;ITAÚ RBR DESENVOLVIMENTO LOGÍSTICO - FUNDO DE INVESTIMENTO IMOBILIÁRIO RESPONSABILIDADE LIMITADA;NÃO;classe_exata;1.0;Alta;2235;63.186.685/0001-22;325207;FII;ITAÚ RBR DESENVOLVIMENTO LOGÍSTICO - FUNDO DE INVESTIMENTO IMOBILIÁRIO RESPONSABILIDADE LIMITADA;Em Funcionamento Normal;2025-10-14;;INTRAG DTVM LTDA.;ITAU UNIBANCO ASSET MANAGEMENT LTDA.;;;35263;63.186.685/0001-22;13447;Classes de Cotas de Fundos FII;ITAÚ RBR DESENVOLVIMENTO LOGÍSTICO - FUNDO DE INVESTIMENTO IMOBILIÁRIO RESPONSABILIDADE LIMITADA;Em Funcionamento Normal;;Fechado;;17266578.22;2026-03-31;PRICEWATERHOUSECOOPERS AUDITORES INDEPENDENTES LTDA.;ITAU UNIBANCO S.A.;;;;;;;;;;;;sem_inf_diario_202605
TMPS;TMPS11;FII ITAU TEM;ITAÚ TEMPUS FUNDO DE INVESTIMENTO IMOBILIÁRIO RESPONSABILIDADE LIMITADA;NÃO;classe_exata;1.0;Alta;1412;42.737.077/0001-99;322109;FII;ITAÚ TEMPUS FUNDO DE INVESTIMENTO IMOBILIÁRIO RESPONSABILIDADE LIMITADA;Em Funcionamento Normal;2022-08-24;;INTRAG DTVM LTDA.;ITAU UNIBANCO ASSET MANAGEMENT LTDA.;91879141.04;2025-05-31;34632;42.737.077/0001-99;11622;Classes de Cotas de Fundos FII;ITAÚ TEMPUS FUNDO DE INVESTIMENTO IMOBILIÁRIO RESPONSABILIDADE LIMITADA;Em Funcionamento Normal;;Fechado;;93707587.02;2026-03-31;PRICEWATERHOUSECOOPERS AUDITORES INDEPENDENTES LTDA.;ITAU UNIBANCO S.A.;;;;;;;;;;;;sem_inf_diario_202605
ITRI;ITRI11;FII ITRI;ITAÚ TOTAL RETURN FUNDO DE INVESTIMENTO IMOBILIÁRIO RESPONSABILIDADE LIMITADA;NÃO;classe_exata;1.0;Alta;1715;52.270.671/0001-76;323119;FII;ITAÚ TOTAL RETURN FUNDO DE INVESTIMENTO IMOBILIÁRIO RESPONSABILIDADE LIMITADA;Em Funcionamento Normal;2023-09-21;;INTRAG DTVM LTDA.;ITAU UNIBANCO ASSET MANAGEMENT LTDA.;578022777.91;2025-05-31;34835;52.270.671/0001-76;12190;Classes de Cotas de Fundos FII;ITAÚ TOTAL RETURN FUNDO DE INVESTIMENTO IMOBILIÁRIO RESPONSABILIDADE LIMITADA;Em Funcionamento Normal;;Fechado;;598970230.51;2026-03-31;PRICEWATERHOUSECOOPERS AUDITORES INDEPENDENTES LTDA.;ITAU UNIBANCO S.A.;;;;;;;;;;;;sem_inf_diario_202605
JCDB;JCDB11;FII JCDB 02;JACARANDÁ 02 FUNDO DE INVESTIMENTO IMOBILIÁRIO RESPONSABILIDADE LIMITADA;NÃO;classe_exata;1.0;Alta;1147;35.705.542/0001-44;319096;FII;JACARANDÁ 02 FUNDO DE INVESTIMENTO IMOBILIÁRIO RESPONSABILIDADE LIMITADA;Em Funcionamento Normal;2019-12-30;;BRL TRUST DISTRIBUIDORA DE TITULOS E VALORES MOBILIARIOS S.A.;JACARANDÁ CAPITAL E GESTÃO LTDA.;194307292.30;2025-05-31;34461;35.705.542/0001-44;6718;Classes de Cotas de Fundos FII;JACARANDÁ 02 FUNDO DE INVESTIMENTO IMOBILIÁRIO RESPONSABILIDADE LIMITADA;Em Funcionamento Normal;;Fechado;;248735089.36;2026-03-31;PRICEWATERHOUSECOOPERS AUDITORES INDEPENDENTES LTDA.;BRL TRUST DISTRIBUIDORA DE TITULOS E VALORES MOBILIARIOS S.A.;;;;;;;;;;;;sem_inf_diario_202605
JCDA;JCDA11;FII JCDA I;JACARANDÁ I FUNDO DE INVESTIMENTO IMOBILIÁRIO - RESPONSABILIDADE LIMITADA;NÃO;classe_exata;1.0;Alta;1019;31.772.231/0001-47;318057;FII;JACARANDÁ I FUNDO DE INVESTIMENTO IMOBILIÁRIO - RESPONSABILIDADE LIMITADA;Em Funcionamento Normal;2018-11-05;;BRL TRUST DISTRIBUIDORA DE TITULOS E VALORES MOBILIARIOS S.A.;JACARANDÁ CAPITAL E GESTÃO LTDA.;297000112.97;2025-04-30;34380;31.772.231/0001-47;6319;Classes de Cotas de Fundos FII;JACARANDÁ I FUNDO DE INVESTIMENTO IMOBILIÁRIO - RESPONSABILIDADE LIMITADA;Em Funcionamento Normal;;Fechado;;441463817.02;2026-03-31;PRICEWATERHOUSECOOPERS AUDITORES INDEPENDENTES LTDA.;BRL TRUST DISTRIBUIDORA DE TITULOS E VALORES MOBILIARIOS S.A.;;;;;;;;;;;;sem_inf_diario_202605
JASC;JASC11;FII JASC REN;JASC RENDA VAREJO ESSENCIAL FUNDO DE INVESTIMENTO IMOBILIÁRIO RESPONSABILIDADE LIMITADA;NÃO;classe_exata;1.0;Alta;1305;40.886.241/0001-02;321084;FII;JASC RENDA VAREJO ESSENCIAL FUNDO DE INVESTIMENTO IMOBILIÁRIO RESPONSABILIDADE LIMITADA;Em Funcionamento Normal;2021-07-08;;BTG PACTUAL SERVIÇOS FINANCEIROS S/A DTVM;GENESIS CAPITAL GESTORA DE RECURSOS LTDA.;394897123.55;2025-04-30;34567;40.886.241/0001-02;5894;Classes de Cotas de Fundos FII;JASC RENDA VAREJO ESSENCIAL FUNDO DE INVESTIMENTO IMOBILIÁRIO RESPONSABILIDADE LIMITADA;Em Funcionamento Normal;;Fechado;;441163820.92;2026-03-31;GRANT THORNTON AUDITORES INDEPENDENTES LTDA.;BANCO BTG PACTUAL S/A;;;;;;;;;;;;sem_inf_diario_202605
VJFD;VJFD11;FII JFDCAM;JFDCAM - FUNDO DE INVESTIMENTO IMOBILIÁRIO - FII - RESPONSABILIDADE LIMITADA;NÃO;classe_exata;1.0;Alta;614;15.489.509/0001-17;315007;FII;JFDCAM - FUNDO DE INVESTIMENTO IMOBILIÁRIO - FII - RESPONSABILIDADE LIMITADA;Em Funcionamento Normal;2015-04-27;;QI CORRETORA DE TÍTULOS E VALORES MOBILIÁRIOS S.A.;EXA CAPITAL ASSET LTDA.;799011317.57;2025-05-31;34154;15.489.509/0001-17;9350;Classes de Cotas de Fundos FII;JFDCAM - FUNDO DE INVESTIMENTO IMOBILIÁRIO - FII - RESPONSABILIDADE LIMITADA;Em Funcionamento Normal;;Fechado;;833078070.36;2026-03-31;GRANT THORNTON AUDITORES INDEPENDENTES LTDA.;QI CORRETORA DE TÍTULOS E VALORES MOBILIÁRIOS S.A.;;;;;;;;;;;;sem_inf_diario_202605
JFLL;JFLL11;FII JFL LIV;JFL LIVING FUNDO DE INVESTIMENTO IMOBILIÁRIO RESPONSABILIDADE LIMITADA;NÃO;classe_exata;1.0;Alta;1184;36.501.181/0001-87;320074;FII;JFL LIVING FUNDO DE INVESTIMENTO IMOBILIÁRIO RESPONSABILIDADE LIMITADA;Em Funcionamento Normal;2020-09-11;;VORTX DISTRIBUIDORA DE TITULOS E VALORES MOBILIARIOS LTDA.;;161589556.60;2025-05-31;34488;36.501.181/0001-87;10685;Classes de Cotas de Fundos FII;JFL LIVING FUNDO DE INVESTIMENTO IMOBILIÁRIO RESPONSABILIDADE LIMITADA;Em Funcionamento Normal;;Fechado;;157501114.15;2026-03-31;DELOITTE TOUCHE TOHMATSU AUDITORES INDEPENDENTES LTDA.;VORTX DISTRIBUIDORA DE TITULOS E VALORES MOBILIARIOS LTDA.;;;;;;;;;;;;sem_inf_diario_202605
JFLR;JFLR11;FII JFLR;JFL REAL ESTATE FUNDO DE INVESTIMENTO IMOBILIÁRIO;NÃO;classe_exata;1.0;Alta;1799;53.463.715/0001-47;324006;FII;JFL Real Estate Fundo de Investimento Imobiliário;Em Funcionamento Normal;2024-01-11;;VORTX DISTRIBUIDORA DE TITULOS E VALORES MOBILIARIOS LTDA.;JGP GESTÃO DE CREDITO LTDA;;;34900;53.463.715/0001-47;833;Classes de Cotas de Fundos FII;JFL Real Estate Fundo de Investimento Imobiliário;Em Funcionamento Normal;;Fechado;;156177345.54;2026-03-31;MCS MARKUP AUDITORES INDEPENDENTES S/S LTDA;VORTX DISTRIBUIDORA DE TITULOS E VALORES MOBILIARIOS LTDA.;;;;;;;;;;;;sem_inf_diario_202605
JCCJ;JCCJ11;FII JHSF CJ;JHSF CAPITAL MALLS - FUNDO DE INVESTIMENTO IMOBILIÁRIO RESPONSABILIDADE LIMITADA;NÃO;classe_exata;1.0;Alta;1642;50.701.686/0001-16;323047;FII;JHSF CAPITAL MALLS - FUNDO DE INVESTIMENTO IMOBILIÁRIO RESPONSABILIDADE LIMITADA;Em Funcionamento Normal;2023-05-16;;BTG PACTUAL SERVIÇOS FINANCEIROS S/A DTVM;JHSF CAPITAL LTDA.;315681727.56;2025-03-31;34782;50.701.686/0001-16;5185;Classes de Cotas de Fundos FII;JHSF CAPITAL MALLS - FUNDO DE INVESTIMENTO IMOBILIÁRIO RESPONSABILIDADE LIMITADA;Em Funcionamento Normal;;;;983477026.42;2026-03-31;;BANCO BTG PACTUAL S/A;;;;;;;;;;;;sem_inf_diario_202605
JPPA;JPPA11;FII JPPA CRI;JPP CAPITAL RECEBÍVEIS IMOBILIÁRIOS FUNDO DE INVESTIMENTO IMOBILIÁRIO DE  RESPONSABILIDADE LIMITADA;NÃO;classe_exata;1.0;Alta;997;30.982.880/0001-00;318061;FII;JPP CAPITAL RECEBÍVEIS IMOBILIÁRIOS FUNDO DE INVESTIMENTO IMOBILIÁRIO DE  RESPONSABILIDADE LIMITADA;Em Funcionamento Normal;2018-12-04;;FINAXIS CORRETORA DE TÍTULOS E VALORES MOBILIÁRIOS S.A.;JPP CAPITAL GESTAO DE RECURSOS LTDA;87965864.19;2025-05-31;34363;30.982.880/0001-00;10278;Classes de Cotas de Fundos FII;JPP CAPITAL RECEBÍVEIS IMOBILIÁRIOS FUNDO DE INVESTIMENTO IMOBILIÁRIO DE  RESPONSABILIDADE LIMITADA;Em Funcionamento Normal;;Fechado;;90938972.04;2026-03-31;NEXT AUDITORES INDEPENDENTES S/S LTDA.;BANCO FINAXIS S.A.;;;;;;;;;;;;sem_inf_diario_202605
JSAF;JSAF11;FII JS A FIN;JS ATIVOS FINANCEIROS FUNDO DE INVESTIMENTO IMOBILIÁRIO - RESPONSABILIDADE LIMITADA;NÃO;classe_exata;1.0;Alta;1379;42.085.661/0001-07;321062;FII;JS ATIVOS FINANCEIROS FUNDO DE INVESTIMENTO IMOBILIÁRIO - RESPONSABILIDADE LIMITADA;Em Funcionamento Normal;2021-06-01;;BANCO J. SAFRA S.A.;SAFRA ASSET CORRETORA DE TÍTULOS E VALORES MOBILIÁRIOS S.A.;692902199.31;2025-05-31;34614;42.085.661/0001-07;11029;Classes de Cotas de Fundos FII;JS ATIVOS FINANCEIROS FUNDO DE INVESTIMENTO IMOBILIÁRIO - RESPONSABILIDADE LIMITADA;Em Funcionamento Normal;;Fechado;;725673425.05;2026-03-31;PRICEWATERHOUSECOOPERS AUDITORES INDEPENDENTES LTDA.;BANCO SAFRA S/A;;;;;;;;;;;;sem_inf_diario_202605
JSRE;JSRE11;FII JS REAL;JS REAL ESTATE MULTIGESTÃO FUNDO DE INVESTIMENTO IMOBILIÁRIO - RESPONSABILIDADE LIMITADA;NÃO;classe_exata;1.0;Alta;552;13.371.132/0001-71;311017;FII;JS REAL ESTATE MULTIGESTÃO FUNDO DE INVESTIMENTO IMOBILIÁRIO - RESPONSABILIDADE LIMITADA;Em Funcionamento Normal;2011-06-08;;BANCO J. SAFRA S.A.;SAFRA ASSET CORRETORA DE TÍTULOS E VALORES MOBILIÁRIOS S.A.;2119091418.32;2025-05-31;34119;13.371.132/0001-71;9229;Classes de Cotas de Fundos FII;JS REAL ESTATE MULTIGESTÃO FUNDO DE INVESTIMENTO IMOBILIÁRIO - RESPONSABILIDADE LIMITADA;Em Funcionamento Normal;;Fechado;;2120240825.77;2026-03-31;PRICEWATERHOUSECOOPERS AUDITORES INDEPENDENTES LTDA.;BANCO SAFRA S/A;;;;;;;;;;;;sem_inf_diario_202605
JSCR;JSCR11;FII JSCR;JS RECEBÍVEIS IMOBILIÁRIOS FUNDO DE INVESTIMENTO IMOBILIÁRIO;NÃO;classe_exata;1.0;Alta;1862;54.866.214/0001-74;324072;FII;JS RECEBÍVEIS IMOBILIÁRIOS FUNDO DE INVESTIMENTO IMOBILIÁRIO;Em Funcionamento Normal;2024-04-24;;BANCO J. SAFRA S.A.;SAFRA ASSET CORRETORA DE TÍTULOS E VALORES MOBILIÁRIOS S.A.;211947626.51;2024-09-30;34948;54.866.214/0001-74;1511;Classes de Cotas de Fundos FII;JS RECEBÍVEIS IMOBILIÁRIOS FUNDO DE INVESTIMENTO IMOBILIÁRIO;Em Funcionamento Normal;;Fechado;;209835624.47;2026-03-31;DELOITTE TOUCHE TOHMATSU AUDITORES INDEPENDENTES LTDA.;BANCO SAFRA S/A;nome_fuzzy_0.89;46.323.258/0001-20;CANCELADA;;;;;;;;;sem_inf_diario_202605
JTPR;JTPR11;FII JT PREV;JT PREV FUNDO DE INVESTIMENTO IMOBILIÁRIO D. HAB;NÃO;classe_exata;1.0;Alta;817;23.876.086/0001-16;316011;FII;JT PREV FUNDO DE INVESTIMENTO IMOBILIÁRIO D. HAB;Em Liquidação;2016-03-23;;PLANNER CORRETORA DE VALORES S.A.;PLANNER CORRETORA DE VALORES S.A.;15014344.86;2025-05-31;34269;23.876.086/0001-16;9695;Classes de Cotas de Fundos FII;JT PREV FUNDO DE INVESTIMENTO IMOBILIÁRIO D. HAB;Em Liquidação;;Fechado;;13831753.25;2026-03-31;CONFIANCE AUDITORES INDEPENDENTES;PLANNER CORRETORA DE VALORES S.A.;;;;;;;;;;;;sem_inf_diario_202605
BGS1;BGS111;FII BGS1;JUBARTE BGS LOGÍSTICA DE GRÃOS DESENVOLVIMENTO FII RESPONSABILIDADE LIMITADA;NÃO;classe_exata;1.0;Alta;1997;58.239.657/0001-96;324209;FII;JUBARTE BGS LOGÍSTICA DE GRÃOS DESENVOLVIMENTO FII RESPONSABILIDADE LIMITADA;Em Funcionamento Normal;2024-11-26;;BTG PACTUAL SERVIÇOS FINANCEIROS S/A DTVM;JUBARTE ASSET MANAGEMENT LTDA.;;;35051;58.239.657/0001-96;3107;Classes de Cotas de Fundos FII;JUBARTE BGS LOGÍSTICA DE GRÃOS DESENVOLVIMENTO FII RESPONSABILIDADE LIMITADA;Em Funcionamento Normal;;;;302148.14;2026-03-31;ERNST & YOUNG AUDITORES INDEPENDENTES S/S LTDA.;BANCO BTG PACTUAL S/A;;;;;;;;;;;;sem_inf_diario_202605
KISU;KISU11;FII KILIMA;KILIMA FUNDO DE INVESTIMENTO EM COTAS DE FUNDOS IMOBILIÁRIOS SUNO 30 RESPONSABILIDADE LIMITADA;NÃO;classe_exata;1.0;Alta;1202;36.669.660/0001-07;320077;FII;KILIMA FUNDO DE INVESTIMENTO EM COTAS DE FUNDOS IMOBILIÁRIOS SUNO 30 RESPONSABILIDADE LIMITADA;Em Funcionamento Normal;2020-09-16;;BRL TRUST DISTRIBUIDORA DE TITULOS E VALORES MOBILIARIOS S.A.;MONTE BRAVO ASSET MANAGEMENT LTDA.;358753764.86;2025-05-31;34501;36.669.660/0001-07;8117;Classes de Cotas de Fundos FII;KILIMA FUNDO DE INVESTIMENTO EM COTAS DE FUNDOS IMOBILIÁRIOS SUNO 30 RESPONSABILIDADE LIMITADA;Em Funcionamento Normal;;Fechado;;366211557.89;2026-03-31;PRICEWATERHOUSECOOPERS AUDITORES INDEPENDENTES LTDA.;BRL TRUST DISTRIBUIDORA DE TITULOS E VALORES MOBILIARIOS S.A.;;;;;;;;;;;;sem_inf_diario_202605
KIVO;KIVO11;FII KIVO;KILIMA VOLKANO RECEBÍVEIS IMOBILIÁRIOS FUNDO DE INVESTIMENTO IMOBILIÁRIO - RESPONSABILIDADE LIMITADA;NÃO;classe_exata;1.0;Alta;1382;42.273.325/0001-98;321166;FII;KILIMA VOLKANO RECEBÍVEIS IMOBILIÁRIOS FUNDO DE INVESTIMENTO IMOBILIÁRIO - RESPONSABILIDADE LIMITADA;Em Funcionamento Normal;2021-11-10;;BRL TRUST DISTRIBUIDORA DE TITULOS E VALORES MOBILIARIOS S.A.;MONTE BRAVO ASSET MANAGEMENT LTDA.;189137651.25;2025-05-31;34617;42.273.325/0001-98;8303;Classes de Cotas de Fundos FII;KILIMA VOLKANO RECEBÍVEIS IMOBILIÁRIOS FUNDO DE INVESTIMENTO IMOBILIÁRIO - RESPONSABILIDADE LIMITADA;Em Funcionamento Normal;;Fechado;;190215831.24;2026-03-31;PRICEWATERHOUSECOOPERS AUDITORES INDEPENDENTES LTDA.;BRL TRUST DISTRIBUIDORA DE TITULOS E VALORES MOBILIARIOS S.A.;;;;;;;;;;;;sem_inf_diario_202605
KRES;KRES11;FII KRES;KINEA AQUISIÇÕES RESIDENCIAIS FUNDO DE INVESTIMENTO IMOBILIÁRIO - RESPONSABILIDADE LIMITADA;NÃO;classe_exata;1.0;Alta;1808;53.654.501/0001-58;324015;FII;KINEA AQUISIÇÕES RESIDENCIAIS FUNDO DE INVESTIMENTO IMOBILIÁRIO - RESPONSABILIDADE LIMITADA;Em Funcionamento Normal;2024-01-25;;INTRAG DTVM LTDA.;KINEA INVESTIMENTOS LTDA.;;;34907;53.654.501/0001-58;922;Classes de Cotas de Fundos FII;KINEA AQUISIÇÕES RESIDENCIAIS FUNDO DE INVESTIMENTO IMOBILIÁRIO - RESPONSABILIDADE LIMITADA;Em Funcionamento Normal;;Fechado;;244650894.99;2026-03-31;PRICEWATERHOUSECOOPERS AUDITORES INDEPENDENTES LTDA.;ITAU UNIBANCO S.A.;;;;;;;;;;;;sem_inf_diario_202605
KCRE;KCRE11;FII KINEA CR;KINEA CREDITAS FUNDO DE INVESTIMENTO IMOBILIÁRIO RESPONSABILIDADE LIMITADA;NÃO;classe_exata;1.0;Alta;1389;42.502.802/0001-40;321154;FII;KINEA CREDITAS FUNDO DE INVESTIMENTO IMOBILIÁRIO RESPONSABILIDADE LIMITADA;Em Funcionamento Normal;2021-10-15;;INTRAG DTVM LTDA.;KINEA INVESTIMENTOS LTDA.;342661749.80;2025-05-31;34621;42.502.802/0001-40;11274;Classes de Cotas de Fundos FII;KINEA CREDITAS FUNDO DE INVESTIMENTO IMOBILIÁRIO RESPONSABILIDADE LIMITADA;Em Funcionamento Normal;;Fechado;;340227868.75;2026-03-31;PRICEWATERHOUSECOOPERS AUDITORES INDEPENDENTES LTDA.;ITAU UNIBANCO S.A.;;;;;;;;;;;;sem_inf_diario_202605
KNGR;KNGR11;FII KNGR;KINEA DESENVOLVIMENTO GUARARÁ FUNDO DE INVESTIMENTO IMOBILIÁRIO RESPONSABILIDADE LIMITADA;NÃO;classe_exata;1.0;Alta;2118;61.305.758/0001-22;325090;FII;KINEA DESENVOLVIMENTO GUARARÁ FUNDO DE INVESTIMENTO IMOBILIÁRIO RESPONSABILIDADE LIMITADA;Em Funcionamento Normal;2025-06-13;;BTG PACTUAL SERVIÇOS FINANCEIROS S/A DTVM;KINEA INVESTIMENTOS LTDA.;;;35156;61.305.758/0001-22;6963;Classes de Cotas de Fundos FII;KINEA DESENVOLVIMENTO GUARARÁ FUNDO DE INVESTIMENTO IMOBILIÁRIO RESPONSABILIDADE LIMITADA;Em Funcionamento Normal;;Fechado;;19001404.39;2026-03-31;ERNST & YOUNG AUDITORES INDEPENDENTES S/S LTDA.;BANCO BTG PACTUAL S/A;;;;;;;;;;;;sem_inf_diario_202605
KGUJ;KGUJ11;FII KGUJ;KINEA DESENVOLVIMENTO GUARARÁ JARDINS FUNDO DE INVESTIMENTO IMOBILIÁRIO RESPONSABILIDADE LIMITADA;NÃO;classe_exata;1.0;Alta;2119;61.305.996/0001-38;325091;FII;KINEA DESENVOLVIMENTO GUARARÁ JARDINS FUNDO DE INVESTIMENTO IMOBILIÁRIO RESPONSABILIDADE LIMITADA;Em Funcionamento Normal;2025-06-13;;BTG PACTUAL SERVIÇOS FINANCEIROS S/A DTVM;KINEA INVESTIMENTOS LTDA.;;;35157;61.305.996/0001-38;6971;Classes de Cotas de Fundos FII;KINEA DESENVOLVIMENTO GUARARÁ JARDINS FUNDO DE INVESTIMENTO IMOBILIÁRIO RESPONSABILIDADE LIMITADA;Em Funcionamento Normal;;Fechado;;21046974.09;2026-03-31;ERNST & YOUNG AUDITORES INDEPENDENTES S/S LTDA.;BANCO BTG PACTUAL S/A;;;;;;;;;;;;sem_inf_diario_202605
KLOG;KLOG11;FII KINEA DL;KINEA DESENVOLVIMENTO LOGÍSTICO FUNDO DE INVESTIMENTO IMOBILIÁRIO RESPONSABILIDADE LIMITADA;NÃO;classe_exata;1.0;Alta;1689;51.734.924/0001-52;323093;FII;KINEA DESENVOLVIMENTO LOGÍSTICO FUNDO DE INVESTIMENTO IMOBILIÁRIO RESPONSABILIDADE LIMITADA;Em Funcionamento Normal;2023-08-08;;INTRAG DTVM LTDA.;KINEA INVESTIMENTOS LTDA.;378080906.22;2025-05-31;34817;51.734.924/0001-52;12122;Classes de Cotas de Fundos FII;KINEA DESENVOLVIMENTO LOGÍSTICO FUNDO DE INVESTIMENTO IMOBILIÁRIO RESPONSABILIDADE LIMITADA;Em Funcionamento Normal;;Fechado;;384658413.25;2026-03-31;PRICEWATERHOUSECOOPERS AUDITORES INDEPENDENTES LTDA.;ITAU UNIBANCO S.A.;;;;;;;;;;;;sem_inf_diario_202605
KDLG;KDLG11;FII KDLG;KINEA DESENVOLVIMENTO LOGÍSTICO II FUNDO DE INVESTIMENTO IMOBILIÁRIO RESPONSABILIDADE LIMITADA;NÃO;classe_exata;1.0;Alta;1689;51.734.924/0001-52;323093;FII;KINEA DESENVOLVIMENTO LOGÍSTICO FUNDO DE INVESTIMENTO IMOBILIÁRIO RESPONSABILIDADE LIMITADA;Em Funcionamento Normal;2023-08-08;;INTRAG DTVM LTDA.;KINEA INVESTIMENTOS LTDA.;378080906.22;2025-05-31;34817;51.734.924/0001-52;12122;Classes de Cotas de Fundos FII;KINEA DESENVOLVIMENTO LOGÍSTICO FUNDO DE INVESTIMENTO IMOBILIÁRIO RESPONSABILIDADE LIMITADA;Em Funcionamento Normal;;Fechado;;384658413.25;2026-03-31;PRICEWATERHOUSECOOPERS AUDITORES INDEPENDENTES LTDA.;ITAU UNIBANCO S.A.;;;;;;;;;;;;sem_inf_diario_202605
KFEN;KFEN11;FII KFEN;KINEA FÊNIX FUNDO DE INVESTIMENTO IMOBILIÁRIO - RESPONSABILIDADE LIMITADA;NÃO;classe_exata;1.0;Alta;1895;55.753.193/0001-43;324106;FII;KINEA FÊNIX FUNDO DE INVESTIMENTO IMOBILIÁRIO - RESPONSABILIDADE LIMITADA;Em Funcionamento Normal;2024-07-01;;INTRAG DTVM LTDA.;KINEA INVESTIMENTOS LTDA.;169517801.87;2024-09-30;34971;55.753.193/0001-43;1953;Classes de Cotas de Fundos FII;KINEA FÊNIX FUNDO DE INVESTIMENTO IMOBILIÁRIO - RESPONSABILIDADE LIMITADA;Em Funcionamento Normal;;Fechado;;168600777.22;2026-03-31;PRICEWATERHOUSECOOPERS AUDITORES INDEPENDENTES LTDA.;ITAU UNIBANCO S.A.;;;;;;;;;;;;sem_inf_diario_202605
KNHF;KNHF11;FII KINEA HF;KINEA HEDGE FUND FUNDO DE INVESTIMENTO IMOBILIÁRIO - RESPONSABILIDADE LIMITADA;NÃO;classe_exata;1.0;Alta;1413;42.754.342/0001-47;322133;FII;KINEA HEDGE FUND FUNDO DE INVESTIMENTO IMOBILIÁRIO - RESPONSABILIDADE LIMITADA;Em Funcionamento Normal;2022-10-31;;INTRAG DTVM LTDA.;KINEA INVESTIMENTOS LTDA.;1947912831.06;2024-09-30;34633;42.754.342/0001-47;2690;Classes de Cotas de Fundos FII;KINEA HEDGE FUND FUNDO DE INVESTIMENTO IMOBILIÁRIO - RESPONSABILIDADE LIMITADA;Em Funcionamento Normal;;Fechado;;1986405062.12;2026-03-31;PRICEWATERHOUSECOOPERS AUDITORES INDEPENDENTES LTDA.;ITAU UNIBANCO S.A.;;;;;;;;;;;;sem_inf_diario_202605
KNHY;KNHY11;FII KINEA HY;KINEA HIGH YIELD CRI FUNDO DE INVESTIMENTO IMOBILIÁRIO  RESPONSABILIDADE LIMITADA;NÃO;classe_exata;1.0;Alta;968;30.130.708/0001-28;318017;FII;KINEA HIGH YIELD CRI FUNDO DE INVESTIMENTO IMOBILIÁRIO  RESPONSABILIDADE LIMITADA;Em Funcionamento Normal;2018-04-13;;INTRAG DTVM LTDA.;KINEA INVESTIMENTOS LTDA.;3038831120.34;2025-09-30;34340;30.130.708/0001-28;13480;Classes de Cotas de Fundos FII;KINEA HIGH YIELD CRI FUNDO DE INVESTIMENTO IMOBILIÁRIO  RESPONSABILIDADE LIMITADA;Em Funcionamento Normal;;Fechado;;3091743839.25;2026-03-31;ERNST & YOUNG AUDITORES INDEPENDENTES S/S LTDA.;ITAU UNIBANCO S.A.;;;;;;;;;;;;sem_inf_diario_202605
KNRE;KNRE11;FII KII REAL;KINEA II REAL ESTATE EQUITY FUNDO DE INVESTIMENTO IMOBILIÁRIO RESPONSABILIDADE LIMITADA;NÃO;classe_exata;1.0;Alta;587;14.423.780/0001-97;311034;FII;KINEA II REAL ESTATE EQUITY FUNDO DE INVESTIMENTO IMOBILIÁRIO RESPONSABILIDADE LIMITADA;Em Funcionamento Normal;2011-12-07;;INTRAG DTVM LTDA.;KINEA INVESTIMENTOS LTDA.;12468644.19;2025-05-31;34139;14.423.780/0001-97;9300;Classes de Cotas de Fundos FII;KINEA II REAL ESTATE EQUITY FUNDO DE INVESTIMENTO IMOBILIÁRIO RESPONSABILIDADE LIMITADA;Em Funcionamento Normal;;Fechado;;11952902.39;2026-03-31;PRICEWATERHOUSECOOPERS AUDITORES INDEPENDENTES LTDA.;ITAU UNIBANCO S.A.;;;;;;;;;;;;sem_inf_diario_202605
KNIP;KNIP11;FII KINEA IP;KINEA ÍNDICES DE PREÇOS FUNDO DE INVESTIMENTO IMOBILIÁRIO RESPONSABILIDADE LIMITADA;NÃO;classe_exata;1.0;Alta;832;24.960.430/0001-13;316026;FII;KINEA ÍNDICES DE PREÇOS FUNDO DE INVESTIMENTO IMOBILIÁRIO RESPONSABILIDADE LIMITADA;Em Funcionamento Normal;2016-06-10;;INTRAG DTVM LTDA.;KINEA INVESTIMENTOS LTDA.;7394444153.89;2025-04-30;34278;24.960.430/0001-13;5665;Classes de Cotas de Fundos FII;KINEA ÍNDICES DE PREÇOS FUNDO DE INVESTIMENTO IMOBILIÁRIO RESPONSABILIDADE LIMITADA;Em Funcionamento Normal;;Fechado;;7482701494.70;2026-03-31;ERNST & YOUNG AUDITORES INDEPENDENTES S/S LTDA.;ITAU UNIBANCO S.A.;;;;;;;;;;;;sem_inf_diario_202605
KOIM;KOIM11;FII KOIM;KINEA OPORTUNIDADES IMOBILIÁRIAS FUNDO DE INVESTIMENTO IMOBILIÁRIO RESPONSABILIDADE LIMITADA;NÃO;classe_exata;1.0;Alta;2275;63.643.353/0001-20;325246;FII;KINEA OPORTUNIDADES IMOBILIÁRIAS FUNDO DE INVESTIMENTO IMOBILIÁRIO RESPONSABILIDADE LIMITADA;Fase Pré-Operacional;2025-11-12;;INTRAG DTVM LTDA.;KINEA INVESTIMENTOS LTDA.;;;35301;63.643.353/0001-20;13978;Classes de Cotas de Fundos FII;KINEA OPORTUNIDADES IMOBILIÁRIAS FUNDO DE INVESTIMENTO IMOBILIÁRIO RESPONSABILIDADE LIMITADA;Fase Pré-Operacional;;Fechado;;;;PRICEWATERHOUSECOOPERS AUDITORES INDEPENDENTES LTDA.;ITAU UNIBANCO S.A.;nome_exato;51.869.200/0001-16;CANCELADA;;;;;;;;;sem_inf_diario_202605
KORE;KORE11;FII KORE;KINEA OPORTUNIDADES REAL ESTATE FUNDO DE INVESTIMENTO IMOBILIÁRIO - RESPONSABILIDADE LIMITADA;NÃO;classe_exata;1.0;Alta;1712;52.219.978/0001-42;323116;FII;KINEA OPORTUNIDADES REAL ESTATE FUNDO DE INVESTIMENTO IMOBILIÁRIO - RESPONSABILIDADE LIMITADA;Em Funcionamento Normal;2023-09-18;;INTRAG DTVM LTDA.;KINEA INVESTIMENTOS LTDA.;1020491784.35;2024-09-30;34832;52.219.978/0001-42;2674;Classes de Cotas de Fundos FII;KINEA OPORTUNIDADES REAL ESTATE FUNDO DE INVESTIMENTO IMOBILIÁRIO - RESPONSABILIDADE LIMITADA;Em Funcionamento Normal;;Fechado;;1021523452.80;2026-03-31;PRICEWATERHOUSECOOPERS AUDITORES INDEPENDENTES LTDA.;ITAU UNIBANCO S.A.;;;;;;;;;;;;sem_inf_diario_202605
KNPR;KNPR11;FII KINEA PR;KINEA PREMIUM PROPERTIES FUNDO DE INVESTIMENTO IMOBILIÁRIO - RESPONSABILIDADE LIMITADA;NÃO;classe_exata;1.0;Alta;1411;42.737.059/0001-07;322072;FII;KINEA PREMIUM PROPERTIES FUNDO DE INVESTIMENTO IMOBILIÁRIO - RESPONSABILIDADE LIMITADA;Em Funcionamento Normal;2022-05-23;;INTRAG DTVM LTDA.;KINEA INVESTIMENTOS LTDA.;53457858.29;2024-09-30;34631;42.737.059/0001-07;2682;Classes de Cotas de Fundos FII;KINEA PREMIUM PROPERTIES FUNDO DE INVESTIMENTO IMOBILIÁRIO - RESPONSABILIDADE LIMITADA;Em Funcionamento Normal;;Fechado;;58282842.32;2026-03-31;PRICEWATERHOUSECOOPERS AUDITORES INDEPENDENTES LTDA.;ITAU UNIBANCO S.A.;nome_fuzzy_0.87;17.489.157/0001-25;CANCELADA;;;;;;;;;sem_inf_diario_202605
KPMR;KPMR11;FII KPMR;KINEA PRIME RESIDENCIAL I FUNDO DE INVESTIMENTO IMOBILIÁRIO DE RESPONSABILIDADE LIMITADA;NÃO;classe_exata;1.0;Alta;1970;57.683.576/0001-18;324180;FII;KINEA PRIME RESIDENCIAL I FUNDO DE INVESTIMENTO IMOBILIÁRIO DE RESPONSABILIDADE LIMITADA;Em Funcionamento Normal;2024-10-14;;INTRAG DTVM LTDA.;KINEA INVESTIMENTOS LTDA.;;;35032;57.683.576/0001-18;2780;Classes de Cotas de Fundos FII;KINEA PRIME RESIDENCIAL I FUNDO DE INVESTIMENTO IMOBILIÁRIO DE RESPONSABILIDADE LIMITADA;Em Funcionamento Normal;;Fechado;;92138094.61;2026-03-31;PRICEWATERHOUSECOOPERS AUDITORES INDEPENDENTES LTDA.;ITAU UNIBANCO S.A.;;;;;;;;;;;;sem_inf_diario_202605
KPRP;KPRP11;FII KPRP;KINEA PRIME RESIDENCIAL I PVT FUNDO DE INVESTIMENTO IMOBILIÁRIO DE RESPONSABILIDADE LIMITADA;NÃO;classe_exata;1.0;Alta;1989;58.099.321/0001-75;324200;FII;KINEA PRIME RESIDENCIAL I PVT FUNDO DE INVESTIMENTO IMOBILIÁRIO DE RESPONSABILIDADE LIMITADA;Em Funcionamento Normal;2024-11-13;;INTRAG DTVM LTDA.;KINEA INVESTIMENTOS LTDA.;;;35047;58.099.321/0001-75;2992;Classes de Cotas de Fundos FII;KINEA PRIME RESIDENCIAL I PVT FUNDO DE INVESTIMENTO IMOBILIÁRIO DE RESPONSABILIDADE LIMITADA;Em Funcionamento Normal;;Fechado;;31859586.78;2026-03-31;PRICEWATERHOUSECOOPERS AUDITORES INDEPENDENTES LTDA.;ITAU UNIBANCO S.A.;;;;;;;;;;;;sem_inf_diario_202605
KNRI;KNRI11;FII KINEA;KINEA RENDA IMOBILIÁRIA FUNDO DE INVESTIMENTO IMOBILIÁRIO RESPONSABILIDADE LIMITADA;NÃO;classe_exata;1.0;Alta;515;12.005.956/0001-65;310020;FII;KINEA RENDA IMOBILIÁRIA FUNDO DE INVESTIMENTO IMOBILIÁRIO RESPONSABILIDADE LIMITADA;Em Funcionamento Normal;2010-10-22;;INTRAG DTVM LTDA.;KINEA INVESTIMENTOS LTDA.;4564412998.68;2025-05-31;34102;12.005.956/0001-65;9156;Classes de Cotas de Fundos FII;KINEA RENDA IMOBILIÁRIA FUNDO DE INVESTIMENTO IMOBILIÁRIO RESPONSABILIDADE LIMITADA;Em Funcionamento Normal;;Fechado;;4612260871.67;2026-03-31;PRICEWATERHOUSECOOPERS AUDITORES INDEPENDENTES LTDA.;ITAU UNIBANCO S.A.;;;;;;;;;;;;sem_inf_diario_202605
KNCR;KNCR11;FII KINEA RI;KINEA RENDIMENTOS IMOBILIÁRIOS FUNDO DE INVESTIMENTO IMOBILIÁRIO RESPONSABILIDADE LIMITADA;NÃO;classe_exata;1.0;Alta;629;16.706.958/0001-32;312033;FII;KINEA RENDIMENTOS IMOBILIÁRIOS FUNDO DE INVESTIMENTO IMOBILIÁRIO RESPONSABILIDADE LIMITADA;Em Funcionamento Normal;2012-11-05;;INTRAG DTVM LTDA.;KINEA INVESTIMENTOS LTDA.;7783806997.98;2025-04-30;34162;16.706.958/0001-32;5657;Classes de Cotas de Fundos FII;KINEA RENDIMENTOS IMOBILIÁRIOS FUNDO DE INVESTIMENTO IMOBILIÁRIO RESPONSABILIDADE LIMITADA;Em Funcionamento Normal;;Fechado;;10962220583.14;2026-03-31;PRICEWATERHOUSECOOPERS AUDITORES INDEPENDENTES LTDA.;ITAU UNIBANCO S.A.;;;;;;;;;;;;sem_inf_diario_202605
KNSC;KNSC11;FII KINEA SC;KINEA SECURITIES FUNDO DE INVESTIMENTO IMOBILIÁRIO RESPONSABILIDADE LIMITADA;NÃO;classe_exata;1.0;Alta;1159;35.864.448/0001-38;320067;FII;KINEA SECURITIES FUNDO DE INVESTIMENTO IMOBILIÁRIO RESPONSABILIDADE LIMITADA;Em Funcionamento Normal;2020-08-11;;INTRAG DTVM LTDA.;KINEA INVESTIMENTOS LTDA.;1780166026.45;2025-05-31;34471;35.864.448/0001-38;10642;Classes de Cotas de Fundos FII;KINEA SECURITIES FUNDO DE INVESTIMENTO IMOBILIÁRIO RESPONSABILIDADE LIMITADA;Em Funcionamento Normal;;Fechado;;1777015638.91;2026-03-31;ERNST & YOUNG AUDITORES INDEPENDENTES S/S LTDA.;ITAU UNIBANCO S.A.;;;;;;;;;;;;sem_inf_diario_202605
KNUQ;KNUQ11;FII KINEA UN;KINEA UNIQUE HY CDI FUNDO DE INVESTIMENTO IMOBILIÁRIO RESPONSABILIDADE LIMITADA;NÃO;classe_exata;1.0;Alta;1414;42.754.362/0001-18;322152;FII;KINEA UNIQUE HY CDI FUNDO DE INVESTIMENTO IMOBILIÁRIO RESPONSABILIDADE LIMITADA;Em Funcionamento Normal;2022-12-07;;INTRAG DTVM LTDA.;KINEA INVESTIMENTOS LTDA.;1551729650.00;2025-05-31;34634;42.754.362/0001-18;11720;Classes de Cotas de Fundos FII;KINEA UNIQUE HY CDI FUNDO DE INVESTIMENTO IMOBILIÁRIO RESPONSABILIDADE LIMITADA;Em Funcionamento Normal;;Fechado;;2187085886.47;2026-03-31;PRICEWATERHOUSECOOPERS AUDITORES INDEPENDENTES LTDA.;ITAU UNIBANCO S.A.;;;;;;;;;;;;sem_inf_diario_202605
LMAI;LMAI11;LABINAFII;LABINA MULTI ATIVOS IMOBILIÁRIOS - FUNDO DE INVESTIMENTO IMOBILIÁRIO RESPONSABILIDADE LIMITADA;NÃO;classe_exata;1.0;Alta;674;17.374.696/0001-19;313049;FII;LABINA MULTI ATIVOS IMOBILIÁRIOS - FUNDO DE INVESTIMENTO IMOBILIÁRIO RESPONSABILIDADE LIMITADA;Em Funcionamento Normal;2013-12-13;;PLANNER CORRETORA DE VALORES S.A.;ARANDU GESTÃO DE FUNDOS IMOBILIÁRIOS LTDA.;259743039.05;2025-02-28;34180;17.374.696/0001-19;4685;Classes de Cotas de Fundos FII;LABINA MULTI ATIVOS IMOBILIÁRIOS - FUNDO DE INVESTIMENTO IMOBILIÁRIO RESPONSABILIDADE LIMITADA;Em Funcionamento Normal;;Fechado;;590699542.00;2026-04-30;PRICEWATERHOUSECOOPERS AUDITORES INDEPENDENTES LTDA.;PLANNER CORRETORA DE VALORES S.A.;;;;;;;;;;;;sem_inf_diario_202605
LPLP;LPLP11;FII LAGO PDR;LAGO DA PEDRA - FUNDO DE INVESTIMENTO IMOBILIÁRIO;NÃO;classe_exata;1.0;Alta;1219;37.262.752/0001-30;321094;FII;LAGO DA PEDRA - FUNDO DE INVESTIMENTO IMOBILIÁRIO;Em Funcionamento Normal;2021-07-30;;OLIVEIRA TRUST DTVM S.A.;RIZA REAL ESTATE GESTORA DE RECURSOS LTDA.;146954781.11;2024-11-30;34516;37.262.752/0001-30;3425;Classes de Cotas de Fundos FII;LAGO DA PEDRA - FUNDO DE INVESTIMENTO IMOBILIÁRIO;Em Funcionamento Normal;;;;217378855.97;2026-03-31;ERNST & YOUNG AUDITORES INDEPENDENTES S/S LTDA.;OLIVEIRA TRUST DTVM S.A.;;;;;;;;;;;;sem_inf_diario_202605
SLDZ;SLDZ11;FII LAV SLDZ;LAV SLDZ DESENVOLVIMENTO IMOBILIÁRIO FUNDO DE INVESTIMENTO IMOBILIÁRIO;NÃO;fundo_exato;0.98;Alta;1601;49.361.020/0001-87;323006;FII;LAV SLDZ DESENVOLVIMENTO IMOBILIÁRIO FUNDO DE INVESTIMENTO IMOBILIÁRIO;Em Liquidação;2023-01-27;;VORTX DISTRIBUIDORA DE TITULOS E VALORES MOBILIARIOS LTDA.;AVVERO ASSET GESTAO DE RECURSOS LTDA;-430039.32;2025-05-31;;;;;;;;;;;;;;cnpj;49.361.020/0001-87;LIQUIDAÇÃO;;;;;;;;;sem_inf_diario_202605
LRED;LRED11;FII LRED;LCP REAL ESTATE DEVELOPMENT FUNDO DE INVESTIMENTO IMOBILIÁRIO RESPONSABILIDADE LIMITADA;NÃO;classe_exata;1.0;Alta;1869;55.089.373/0001-72;324079;FII;LCP REAL ESTATE DEVELOPMENT FUNDO DE INVESTIMENTO IMOBILIÁRIO RESPONSABILIDADE LIMITADA;Em Funcionamento Normal;2024-05-10;;VORTX DISTRIBUIDORA DE TITULOS E VALORES MOBILIARIOS LTDA.;LCP GESTORA DE RECURSOS LTDA;6846063.48;2024-09-30;34952;55.089.373/0001-72;1554;Classes de Cotas de Fundos FII;LCP REAL ESTATE DEVELOPMENT FUNDO DE INVESTIMENTO IMOBILIÁRIO RESPONSABILIDADE LIMITADA;Em Funcionamento Normal;;Fechado;;15394764.63;2026-03-31;GRANT THORNTON AUDITORES INDEPENDENTES LTDA.;;;;;;;;;;;;;sem_inf_diario_202605
LSOI;LSOI11;FII LSOI;LCP SPECIAL OPPORTUNITIES I FUNDO DE INVESTIMENTO IMOBILIÁRIO RESPONSABILIDADE LIMITADA;NÃO;classe_exata;1.0;Alta;1761;53.087.126/0001-01;323168;FII;LCP SPECIAL OPPORTUNITIES I FUNDO DE INVESTIMENTO IMOBILIÁRIO RESPONSABILIDADE LIMITADA;Em Funcionamento Normal;2023-12-04;;XP INVESTIMENTOS CCTVM S.A.;LCP GESTORA DE RECURSOS LTDA;11921864.90;2024-09-30;34871;53.087.126/0001-01;396;Classes de Cotas de Fundos FII;LCP SPECIAL OPPORTUNITIES I FUNDO DE INVESTIMENTO IMOBILIÁRIO RESPONSABILIDADE LIMITADA;Em Funcionamento Normal;;Fechado;;70998952.81;2026-03-31;PRICEWATERHOUSECOOPERS AUDITORES INDEPENDENTES LTDA.;OLIVEIRA TRUST DTVM S.A.;;;;;;;;;;;;sem_inf_diario_202605
LSII;LSII11;FII LSII;LCP SPECIAL OPPORTUNITIES II FUNDO DE INVESTIMENTO IMOBILIÁRIO RESPONSABILIDADE LIMITADA;NÃO;classe_exata;1.0;Alta;2240;63.279.000/0001-92;325212;FII;LCP SPECIAL OPPORTUNITIES II FUNDO DE INVESTIMENTO IMOBILIÁRIO RESPONSABILIDADE LIMITADA;Em Funcionamento Normal;2025-10-20;;VORTX DISTRIBUIDORA DE TITULOS E VALORES MOBILIARIOS LTDA.;LCP GESTORA DE RECURSOS LTDA;;;35268;63.279.000/0001-92;13501;Classes de Cotas de Fundos FII;LCP SPECIAL OPPORTUNITIES II FUNDO DE INVESTIMENTO IMOBILIÁRIO RESPONSABILIDADE LIMITADA;Em Funcionamento Normal;;;;48969985.53;2026-03-31;RSM BRASIL AUDITORES INDEPENDENTES LTDA.;VORTX DISTRIBUIDORA DE TITULOS E VALORES MOBILIARIOS LTDA.;;;;;;;;;;;;sem_inf_diario_202605
LSOP;LSOP11;FII LSOP;LCP SPECIAL OPPORTUNITIES III FUNDO DE INVESTIMENTO IMOBILIÁRIO RESPONSABILIDADE LIMITADA;NÃO;classe_exata;1.0;Alta;2254;63.429.256/0001-39;325226;FII;LCP SPECIAL OPPORTUNITIES III FUNDO DE INVESTIMENTO IMOBILIÁRIO RESPONSABILIDADE LIMITADA;Em Funcionamento Normal;2025-10-29;;VORTX DISTRIBUIDORA DE TITULOS E VALORES MOBILIARIOS LTDA.;LCP GESTORA DE RECURSOS LTDA;;;35280;63.429.256/0001-39;13641;Classes de Cotas de Fundos FII;LCP SPECIAL OPPORTUNITIES III FUNDO DE INVESTIMENTO IMOBILIÁRIO RESPONSABILIDADE LIMITADA;Em Funcionamento Normal;;;;30918079.52;2026-03-31;RSM BRASIL AUDITORES INDEPENDENTES LTDA.;VORTX DISTRIBUIDORA DE TITULOS E VALORES MOBILIARIOS LTDA.;;;;;;;;;;;;sem_inf_diario_202605
LRDI;LRDI11;FII LEBLON;LEBLON REALTY DESENVOLVIMENTO I FUNDO DE INVESTIMENTO IMOBILIÁRIO RESPONSABILIDADE LIMITADA;NÃO;classe_exata;1.0;Alta;1329;41.088.534/0001-07;321120;FII;LEBLON REALTY DESENVOLVIMENTO I FUNDO DE INVESTIMENTO IMOBILIÁRIO RESPONSABILIDADE LIMITADA;Em Funcionamento Normal;2021-08-30;;BTG PACTUAL SERVIÇOS FINANCEIROS S/A DTVM;LEBLON EQUITIES GESTAO DE RECURSOS LTDA;35829321.06;2025-04-30;34583;41.088.534/0001-07;5398;Classes de Cotas de Fundos FII;LEBLON REALTY DESENVOLVIMENTO I FUNDO DE INVESTIMENTO IMOBILIÁRIO RESPONSABILIDADE LIMITADA;Em Funcionamento Normal;;Fechado;;28474130.29;2026-03-31;PRICEWATERHOUSECOOPERS AUDITORES INDEPENDENTES LTDA.;BANCO BTG PACTUAL S/A;;;;;;;;;;;;sem_inf_diario_202605
LASC;LASC11;FII LEGATUS;LEGATUS FUNDO DE INVESTIMENTO IMOBILIÁRIO RESPONSABILIDADE LIMITADA;NÃO;classe_exata;1.0;Alta;974;30.248.158/0001-46;319037;FII;LEGATUS FUNDO DE INVESTIMENTO IMOBILIÁRIO RESPONSABILIDADE LIMITADA;Em Funcionamento Normal;2019-07-29;;BTG PACTUAL SERVIÇOS FINANCEIROS S/A DTVM;LEGATUS CAPITAL GESTORA DE RECURSOS LTDA;417464609.86;2025-04-30;34345;30.248.158/0001-46;6335;Classes de Cotas de Fundos FII;LEGATUS FUNDO DE INVESTIMENTO IMOBILIÁRIO RESPONSABILIDADE LIMITADA;Em Funcionamento Normal;;Fechado;;387976761.34;2026-03-31;BDO RCS AUDITORES INDEPENDENTES - SOCIEDADE SIMPLES LIMITADA;BANCO BTG PACTUAL S/A;;;;;;;;;;;;sem_inf_diario_202605
LIFE;LIFE11;FII LIFE;LIFE CAPITAL PARTNERS FUNDO DE INVESTIMENTOS IMOBILIÁRIOS;NÃO;classe_exata;1.0;Alta;1266;39.753.295/0001-02;322013;FII;LIFE CAPITAL PARTNERS FUNDO DE INVESTIMENTOS IMOBILIÁRIOS;Em Funcionamento Normal;2022-02-21;;VORTX DISTRIBUIDORA DE TITULOS E VALORES MOBILIARIOS LTDA.;LCP GESTORA DE RECURSOS LTDA;378914443.31;2025-05-31;34544;39.753.295/0001-02;11347;Classes de Cotas de Fundos FII;LIFE CAPITAL PARTNERS FUNDO DE INVESTIMENTOS IMOBILIÁRIOS;Em Funcionamento Normal;;Fechado;;368109736.05;2026-03-31;GRANT THORNTON AUDITORES INDEPENDENTES LTDA.;VORTX DISTRIBUIDORA DE TITULOS E VALORES MOBILIARIOS LTDA.;;;;;;;;;;;;sem_inf_diario_202605
LOFT;LOFT11;FII LOFT I;LOFT I FUNDO DE INVESTIMENTO IMOBILIÁRIO RESPONSABILIDADE LIMITADA;NÃO;classe_exata;1.0;Alta;726;19.722.048/0001-31;316053;FII;LOFT I FUNDO DE INVESTIMENTO IMOBILIÁRIO RESPONSABILIDADE LIMITADA;Em Funcionamento Normal;2016-12-07;;BTG PACTUAL SERVIÇOS FINANCEIROS S/A DTVM;BTG PACTUAL GESTORA DE INVESTIMENTOS ALTERNATIVOS LTDA.;2041360.89;2025-05-31;34218;19.722.048/0001-31;7196;Classes de Cotas de Fundos FII;LOFT I FUNDO DE INVESTIMENTO IMOBILIÁRIO RESPONSABILIDADE LIMITADA;Em Funcionamento Normal;;Fechado;;34039.25;2026-03-31;ERNST & YOUNG AUDITORES INDEPENDENTES S/S LTDA.;BANCO BTG PACTUAL S/A;;;;;;;;;;;;sem_inf_diario_202605
MAGM;MAGM11;FII MAGM;MAG MULT FII RESPONSABILIDADE LIMITADA;SIM;fundo_exato;0.98;Alta;2080;60.395.755/0001-64;325054;FII;MAG MULT FII RESPONSABILIDADE LIMITADA;Em Funcionamento Normal;2025-04-14;;GENIAL INVESTIMENTOS CORRETORA DE VALORES MOBILIÁRIOS S.A.;MONGERAL AEGON GESTÃO DE FUNDOS IMOBILIÁRIOS LTDA.;;;35119;60.395.756/0001-09;4766;Classes de Cotas de Fundos FII;MAG MULT CLASSE DE FII RESPONSABILIDADE LIMITADA;Fase Pré-Operacional;;Fechado;;;;DELOITTE TOUCHE TOHMATSU AUDITORES INDEPENDENTES LTDA.;BANCO GENIAL S.A.;;;;;;;;;;;;"ticker_duplicado_na_lista_b3; sem_inf_diario_202605"
MAGM;MAGM11;FII MAGM;MAG MULTIESTRATÉGIA CLASSE DE INVESTIMENTO IMOBILIÁRIO RESPONSABILIDADE LIMITADA;SIM;classe_exata;1.0;Alta;2080;60.395.755/0001-64;325054;FII;MAG MULT FII RESPONSABILIDADE LIMITADA;Em Funcionamento Normal;2025-04-14;;GENIAL INVESTIMENTOS CORRETORA DE VALORES MOBILIÁRIOS S.A.;MONGERAL AEGON GESTÃO DE FUNDOS IMOBILIÁRIOS LTDA.;;;35117;60.355.424/0001-09;4626;Classes de Cotas de Fundos FII;MAG MULTIESTRATÉGIA CLASSE DE INVESTIMENTO IMOBILIÁRIO RESPONSABILIDADE LIMITADA;Em Funcionamento Normal;;Fechado;;;;BDO RCS AUDITORES INDEPENDENTES - SOCIEDADE SIMPLES LIMITADA;BANCO GENIAL S.A.;;;;;;;;;;;;"ticker_duplicado_na_lista_b3; sem_inf_diario_202605"
MANA;MANA11;FII MANATI;MANATÍ CAPITAL HEDGE FUND FUNDO DE INVESTIMENTO IMOBILIÁRIO DE RESPONSABILIDADE LIMITADA;NÃO;classe_exata;1.0;Alta;1422;42.888.583/0001-89;322046;FII;MANATÍ CAPITAL HEDGE FUND FUNDO DE INVESTIMENTO IMOBILIÁRIO DE RESPONSABILIDADE LIMITADA;Em Funcionamento Normal;2022-05-02;;BANCO DAYCOVAL S.A.;MANATÍ CAPITAL MANAGEMENT LTDA.;348694936.36;2025-05-31;34639;42.888.583/0001-89;7390;Classes de Cotas de Fundos FII;MANATÍ CAPITAL HEDGE FUND FUNDO DE INVESTIMENTO IMOBILIÁRIO DE RESPONSABILIDADE LIMITADA;Em Funcionamento Normal;;Fechado;;354069711.85;2026-03-31;RSM BRASIL AUDITORES INDEPENDENTES LTDA.;BANCO DAYCOVAL S.A.;nome_fuzzy_0.92;36.642.139/0001-86;CANCELADA;;;;;;;;;sem_inf_diario_202605
MMVE;MMVE11;FII MMVE OP;MARESIAS FUNDO DE INVESTIMENTO IMOBILIÁRIO;NÃO;classe_exata;1.0;Alta;1339;41.251.337/0001-59;321100;FII;MARESIAS FUNDO DE INVESTIMENTO IMOBILIÁRIO;Em Funcionamento Normal;2021-08-03;;QI CORRETORA DE TÍTULOS E VALORES MOBILIÁRIOS S.A.;MORE INVEST GESTORA DE RECURSOS LTDA.;37563207.55;2025-05-31;34589;41.251.337/0001-59;11126;Classes de Cotas de Fundos FII;MARESIAS FUNDO DE INVESTIMENTO IMOBILIÁRIO;Em Funcionamento Normal;;Fechado;;77265735.88;2026-03-31;NEXT AUDITORES INDEPENDENTES S/S LTDA.;QI CORRETORA DE TÍTULOS E VALORES MOBILIÁRIOS S.A.;;;;;;;;;;;;sem_inf_diario_202605
MCLO;MCLO11;FII MCLO;MAUÁ CAPITAL LOGÍSTICA FUNDO DE INVESTIMENTO IMOBILIÁRIO - RESPONSABILIDADE LIMITADA;NÃO;classe_exata;1.0;Alta;1956;57.466.934/0001-30;324167;FII;MAUÁ CAPITAL LOGÍSTICA FUNDO DE INVESTIMENTO IMOBILIÁRIO - RESPONSABILIDADE LIMITADA;Em Funcionamento Normal;2024-09-27;;XP INVESTIMENTOS CCTVM S.A.;MAUÁ CAPITAL REAL ESTATE LTDA;;;35020;57.466.934/0001-30;2577;Classes de Cotas de Fundos FII;MAUÁ CAPITAL LOGÍSTICA FUNDO DE INVESTIMENTO IMOBILIÁRIO - RESPONSABILIDADE LIMITADA;Em Funcionamento Normal;;;;1718722451.29;2026-03-31;KPMG AUDITORES INDEPENDENTES LTDA.;OLIVEIRA TRUST DTVM S.A.;;;;;;;;;;;;sem_inf_diario_202605
MCRE;MCRE11;FII MAUA RE;MAUÁ CAPITAL REAL ESTATE FUNDO DE INVESTIMENTO IMOBILIÁRIO RESPONSABILIDADE LIMITADA;NÃO;classe_exata;1.0;Alta;1200;36.655.973/0001-06;321076;FII;MAUÁ CAPITAL REAL ESTATE FUNDO DE INVESTIMENTO IMOBILIÁRIO RESPONSABILIDADE LIMITADA;Em Funcionamento Normal;2021-06-14;;BTG PACTUAL SERVIÇOS FINANCEIROS S/A DTVM;MAUÁ CAPITAL REAL ESTATE LTDA;1139806104.50;2025-05-31;34499;36.655.973/0001-06;7129;Classes de Cotas de Fundos FII;MAUÁ CAPITAL REAL ESTATE FUNDO DE INVESTIMENTO IMOBILIÁRIO RESPONSABILIDADE LIMITADA;Em Funcionamento Normal;;Fechado;;1140014274.59;2026-03-31;PRICEWATERHOUSECOOPERS AUDITORES INDEPENDENTES LTDA.;BANCO BTG PACTUAL S/A;cnpj;36.655.973/0001-06;CANCELADA;;;;;;;;;sem_inf_diario_202605
MXRF;MXRF11;FII MAXI REN;MAXI RENDA FUNDO DE INVESTIMENTO IMOBILIÁRIO - FII - RESPONSABILIDADE LIMITADA;NÃO;classe_exata;1.0;Alta;2422;97.521.225/0001-25;312009;FII;MAXI RENDA FUNDO DE INVESTIMENTO IMOBILIÁRIO - FII - RESPONSABILIDADE LIMITADA;Em Funcionamento Normal;2012-04-13;;BTG PACTUAL SERVIÇOS FINANCEIROS S/A DTVM;XP VISTA ASSET MANAGEMENT LTDA.;4128474992.08;2025-05-31;35447;97.521.225/0001-25;7501;Classes de Cotas de Fundos FII;MAXI RENDA FUNDO DE INVESTIMENTO IMOBILIÁRIO - FII - RESPONSABILIDADE LIMITADA;Em Funcionamento Normal;;Fechado;;4316720449.78;2026-03-31;PRICEWATERHOUSECOOPERS AUDITORES INDEPENDENTES LTDA.;BANCO BTG PACTUAL S/A;;;;;;;;;;;;sem_inf_diario_202605
MCEM;MCEM11;FII MCEM;MÉRITO CEMITÉRIOS FII - FUNDO DE INVESTIMENTO IMOBILIÁRIO RESPONSABILIDADE LIMITADA;NÃO;classe_exata;1.0;Alta;1546;46.157.247/0001-17;322042;FII;MÉRITO CEMITÉRIOS FII - FUNDO DE INVESTIMENTO IMOBILIÁRIO RESPONSABILIDADE LIMITADA;Em Funcionamento Normal;2022-04-27;;MERITO DISTRIBUIDORA DE TITULOS E VALORES MOBILIARIOS LTDA.;MÉRITO INVESTIMENTOS SA;94790355.26;2025-03-31;34722;46.157.247/0001-17;4855;Classes de Cotas de Fundos FII;MÉRITO CEMITÉRIOS FII - FUNDO DE INVESTIMENTO IMOBILIÁRIO RESPONSABILIDADE LIMITADA;Em Funcionamento Normal;;;;115205919.87;2026-03-31;BDO RCS AUDITORES INDEPENDENTES - SOCIEDADE SIMPLES LIMITADA;MERITO DISTRIBUIDORA DE TITULOS E VALORES MOBILIARIOS LTDA.;;;;;;;;;;;;sem_inf_diario_202605
MFII;MFII11;FII MERITO I;MERITO DESENVOLVIMENTO IMOBILIARIO I FII - FUNDO DE INVESTIMENTO IMOBILIARIO;NÃO;classe_exata;1.0;Alta;639;16.915.968/0001-88;313010;FII;MERITO DESENVOLVIMENTO IMOBILIARIO FII;Em Funcionamento Normal;2013-03-06;;MERITO DISTRIBUIDORA DE TITULOS E VALORES MOBILIARIOS LTDA.;MÉRITO INVESTIMENTOS SA;625320622.25;2025-05-31;34166;16.915.968/0001-88;9407;Classes de Cotas de Fundos FII;MERITO DESENVOLVIMENTO IMOBILIARIO FII;Em Funcionamento Normal;;Fechado;;646542065.48;2026-03-31;BDO RCS AUDITORES INDEPENDENTES - SOCIEDADE SIMPLES LIMITADA;MERITO DISTRIBUIDORA DE TITULOS E VALORES MOBILIARIOS LTDA.;;;;;;;;;;;;sem_inf_diario_202605
MIDW;MIDW11;FII MIDW;MIDWAY MALL FUNDO DE INVESTIMENTO IMOBILIÁRIO RESPONSABILIDADE LIMITADA;NÃO;classe_exata;1.0;Alta;2311;63.992.956/0001-37;325284;FII;MIDWAY MALL FUNDO DE INVESTIMENTO IMOBILIÁRIO RESPONSABILIDADE LIMITADA;Em Funcionamento Normal;2025-12-09;;OLIVEIRA TRUST DTVM S.A.;CAPITANIA CAPITAL S.A.;;;35337;63.992.956/0001-37;14370;Classes de Cotas de Fundos FII;MIDWAY MALL FUNDO DE INVESTIMENTO IMOBILIÁRIO RESPONSABILIDADE LIMITADA;Em Funcionamento Normal;;Fechado;;186142028.27;2026-03-31;PRICEWATERHOUSECOOPERS AUDITORES INDEPENDENTES LTDA.;OLIVEIRA TRUST DTVM S.A.;;;;;;;;;;;;sem_inf_diario_202605
MGRI;MGRI11;FII MGRI;MOGNO PROPERTIES FUNDO DE INVESTIMENTO IMOBILIÁRIO RESPONSABILIDADE LIMITADA;NÃO;classe_exata;1.0;Alta;1346;41.320.997/0001-44;322017;FII;MOGNO PROPERTIES FUNDO DE INVESTIMENTO IMOBILIÁRIO RESPONSABILIDADE LIMITADA;Em Funcionamento Normal;2022-02-24;;QI CORRETORA DE TÍTULOS E VALORES MOBILIÁRIOS S.A.;VALORA RENDA FIXA LTDA.;17302417.28;2025-05-31;34593;41.320.997/0001-44;11436;Classes de Cotas de Fundos FII;MOGNO PROPERTIES FUNDO DE INVESTIMENTO IMOBILIÁRIO RESPONSABILIDADE LIMITADA;Em Funcionamento Normal;;Fechado;;16056745.67;2026-03-31;BDO RCS AUDITORES INDEPENDENTES - SOCIEDADE SIMPLES LIMITADA;QI CORRETORA DE TÍTULOS E VALORES MOBILIÁRIOS S.A.;nome_exato;40.011.210/0001-08;CANCELADA;;;;;;;;;sem_inf_diario_202605
MOSO;MOSO11;FII MOSO;MOSO FUNDO DE INVESTIMENTO IMOBILIÁRIO RESPONSABILIDADE LIMITADA;NÃO;classe_exata;1.0;Alta;1966;57.599.659/0001-23;324176;FII;MOSO FUNDO DE INVESTIMENTO IMOBILIÁRIO RESPONSABILIDADE LIMITADA;Fase Pré-Operacional;2024-10-08;;VORTX DISTRIBUIDORA DE TITULOS E VALORES MOBILIARIOS LTDA.;CPV CAPITAL GESTÃO DE RECURSOS LTDA.;;;35029;57.599.659/0001-23;2658;Classes de Cotas de Fundos FII;MOSO FUNDO DE INVESTIMENTO IMOBILIÁRIO RESPONSABILIDADE LIMITADA;Fase Pré-Operacional;;Fechado;;;;RSM BRASIL AUDITORES INDEPENDENTES LTDA.;VORTX DISTRIBUIDORA DE TITULOS E VALORES MOBILIARIOS LTDA.;;;;;;;;;;;;sem_inf_diario_202605
SHOP;SHOP11;FII MULTSHOP;MULTI SHOPPINGS FUNDO DE INVESTIMENTO IMOBILIÁRIO RESPONSABILIDADE LIMITADA;NÃO;classe_exata;1.0;Alta;786;22.459.737/0001-00;316007;FII;MULTI SHOPPINGS FUNDO DE INVESTIMENTO IMOBILIÁRIO RESPONSABILIDADE LIMITADA;Em Funcionamento Normal;2016-02-23;;RIO BRAVO INVESTIMENTOS - DISTRIBUIDORA DE TITULOS E VALORES MOBILIARIOS LTDA;CAPITANIA CAPITAL S.A.;80112764.03;2025-04-30;34250;22.459.737/0001-00;6238;Classes de Cotas de Fundos FII;MULTI SHOPPINGS FUNDO DE INVESTIMENTO IMOBILIÁRIO RESPONSABILIDADE LIMITADA;Em Funcionamento Normal;;Fechado;;78441044.78;2026-03-31;ERNST & YOUNG AUDITORES INDEPENDENTES S/S LTDA.;;;;;;;;;;;;;sem_inf_diario_202605
MOFF;MOFF11;FII MULT OF2;MULTIOFFICES 2 - FUNDO DE INVESTIMENTO IMOBILIÁRIO - RESPONSABILIDADE LIMITADA;NÃO;classe_exata;1.0;Alta;1008;31.508.219/0001-20;319078;FII;MULTIOFFICES 2 - FUNDO DE INVESTIMENTO IMOBILIÁRIO - RESPONSABILIDADE LIMITADA;Em Funcionamento Normal;2019-11-18;;OLIVEIRA TRUST DTVM S.A.;ALIANZA GESTÃO DE RECURSOS LTDA;79359065.67;2025-05-31;34372;31.508.219/0001-20;7080;Classes de Cotas de Fundos FII;MULTIOFFICES 2 - FUNDO DE INVESTIMENTO IMOBILIÁRIO - RESPONSABILIDADE LIMITADA;Em Funcionamento Normal;;Fechado;;39080771.67;2026-03-31;BDO RCS AUDITORES INDEPENDENTES - SOCIEDADE SIMPLES LIMITADA;OLIVEIRA TRUST DTVM S.A.;;;;;;;;;;;;sem_inf_diario_202605
NCRI;NCRI11;FII NAVI CRI;NAVI CRÉDITO IMOBILIÁRIO FUNDO DE INVESTIMENTO IMOBILIÁRIO - RESPONSABILIDADE LIMITADA;NÃO;classe_exata;1.0;Alta;1279;40.041.603/0001-56;322049;FII;NAVI CRÉDITO IMOBILIÁRIO FUNDO DE INVESTIMENTO IMOBILIÁRIO - RESPONSABILIDADE LIMITADA;Em Funcionamento Normal;2022-05-05;;BRL TRUST DISTRIBUIDORA DE TITULOS E VALORES MOBILIARIOS S.A.;NAVI REAL ESTATE SELECTION - ADMINISTRADORA E GESTORA DE RECURSOS FINANCEIROS LTDA.;39365268.33;2025-05-31;34552;40.041.603/0001-56;8370;Classes de Cotas de Fundos FII;NAVI CRÉDITO IMOBILIÁRIO FUNDO DE INVESTIMENTO IMOBILIÁRIO - RESPONSABILIDADE LIMITADA;Em Funcionamento Normal;;Fechado;;39670324.26;2026-03-31;GRANT THORNTON AUDITORES INDEPENDENTES LTDA.;BRL TRUST DISTRIBUIDORA DE TITULOS E VALORES MOBILIARIOS S.A.;nome_fuzzy_0.87;38.294.221/0001-92;CANCELADA;;;;;;;;;sem_inf_diario_202605
NAVT;NAVT11;FII NAVI TOT;NAVI IMOBILIÁRIO TOTAL RETURN FUNDO DE INVESTIMENTO IMOBILIÁRIO RESPONSABILIDADE LIMITADA;NÃO;classe_exata;1.0;Alta;1138;35.652.252/0001-80;320049;FII;NAVI IMOBILIÁRIO TOTAL RETURN FUNDO DE INVESTIMENTO IMOBILIÁRIO RESPONSABILIDADE LIMITADA;Em Funcionamento Normal;2020-07-08;;BTG PACTUAL SERVIÇOS FINANCEIROS S/A DTVM;NAVI REAL ESTATE SELECTION - ADMINISTRADORA E GESTORA DE RECURSOS FINANCEIROS LTDA.;52033897.89;2025-04-30;34453;35.652.252/0001-80;6726;Classes de Cotas de Fundos FII;NAVI IMOBILIÁRIO TOTAL RETURN FUNDO DE INVESTIMENTO IMOBILIÁRIO RESPONSABILIDADE LIMITADA;Em Funcionamento Normal;;Fechado;;54543324.14;2026-03-31;PRICEWATERHOUSECOOPERS AUDITORES INDEPENDENTES LTDA.;BANCO BTG PACTUAL S/A;nome_fuzzy_0.94;52.372.038/0001-99;CANCELADA;;;;;;;;;sem_inf_diario_202605
APTO;APTO11;FII NAVI RSD;NAVI RESIDENCIAL FUNDO DE INVESTIMENTO IMOBILIÁRIO - RESPONSABILIDADE  LIMITADA;NÃO;classe_exata;1.0;Alta;1385;42.432.327/0001-82;321104;FII;NAVI RESIDENCIAL FUNDO DE INVESTIMENTO IMOBILIÁRIO - RESPONSABILIDADE  LIMITADA;Em Funcionamento Normal;2021-08-10;;BRL TRUST DISTRIBUIDORA DE TITULOS E VALORES MOBILIARIOS S.A.;NAVI REAL ESTATE VENTURES - ADMINISTRADORA E GESTORA DE RECURSOS FINANCEIROS LTDA.;45172206.20;2025-05-31;34619;42.432.327/0001-82;8249;Classes de Cotas de Fundos FII;NAVI RESIDENCIAL FUNDO DE INVESTIMENTO IMOBILIÁRIO - RESPONSABILIDADE  LIMITADA;Em Funcionamento Normal;;Fechado;;45150587.11;2026-03-31;BAKER TILLY 4PARTNERS AUDITORES INDEPENDENTES LTDA.;BRL TRUST DISTRIBUIDORA DE TITULOS E VALORES MOBILIARIOS S.A.;;;;;;;;;;;;sem_inf_diario_202605
EAGL;EAGL11;FII EAGL;NEST EAGLE FUNDO DE INVESTIMENTO IMOBILIÁRIO DE RESPONSABILIDADE LIMITADA;NÃO;classe_exata;1.0;Alta;1840;54.422.883/0001-57;324051;FII;NEST EAGLE FUNDO DE INVESTIMENTO IMOBILIÁRIO DE RESPONSABILIDADE LIMITADA;Em Funcionamento Normal;2024-03-21;;BANCO DAYCOVAL S.A.;NEST INTERNATIONAL ADMINISTRADORA DE CARTEIRA DE VALORES MOBILIÁRIOS LTDA;;;34932;54.422.883/0001-57;1309;Classes de Cotas de Fundos FII;NEST EAGLE FUNDO DE INVESTIMENTO IMOBILIÁRIO DE RESPONSABILIDADE LIMITADA;Em Funcionamento Normal;;Fechado;;194488882.57;2026-03-31;PRICEWATERHOUSECOOPERS AUDITORES INDEPENDENTES LTDA.;BANCO DAYCOVAL S.A.;;;;;;;;;;;;sem_inf_diario_202605
NEWL;NEWL11;FII NEWPORT;NEWPORT LOGÍSTICA FUNDO DE INVESTIMENTO IMOBILIÁRIO RESPONSABILIDADE LIMITADA;NÃO;classe_exata;1.0;Alta;1050;32.527.626/0001-47;319027;FII;NEWPORT LOGÍSTICA FUNDO DE INVESTIMENTO IMOBILIÁRIO RESPONSABILIDADE LIMITADA;Em Funcionamento Normal;2019-06-28;;BANCO GENIAL S.A.;NEWPORT REAL ESTATE GESTORA DE RECURSOS LTDA;369748296.22;2025-05-31;34402;32.527.626/0001-47;10391;Classes de Cotas de Fundos FII;NEWPORT LOGÍSTICA FUNDO DE INVESTIMENTO IMOBILIÁRIO RESPONSABILIDADE LIMITADA;Em Funcionamento Normal;;Fechado;;366566931.05;2026-03-31;KPMG AUDITORES INDEPENDENTES LTDA.;BANCO GENIAL S.A.;;;;;;;;;;;;sem_inf_diario_202605
NEWU;NEWU11;FII NEWRU;NEWPORT RENDA URBANA FUNDO DE INVESTIMENTO IMOBILIÁRIO RESPONSABILIDADE LIMITADA;NÃO;classe_exata;1.0;Alta;599;14.793.782/0001-78;312008;FII;NEWPORT RENDA URBANA FUNDO DE INVESTIMENTO IMOBILIÁRIO RESPONSABILIDADE LIMITADA;Em Funcionamento Normal;2012-04-09;;BANCO GENIAL S.A.;NEWPORT REAL ESTATE GESTORA DE RECURSOS LTDA;57693986.33;2025-05-31;34144;14.793.782/0001-78;9326;Classes de Cotas de Fundos FII;NEWPORT RENDA URBANA FUNDO DE INVESTIMENTO IMOBILIÁRIO RESPONSABILIDADE LIMITADA;Em Funcionamento Normal;;Fechado;;68770804.59;2026-03-31;DELOITTE TOUCHE TOHMATSU AUDITORES INDEPENDENTES LTDA.;BANCO GENIAL S.A.;;;;;;;;;;;;sem_inf_diario_202605
NMKS;NMKS11;FII NMKS;NM KSM LOG FUNDO DE INVESTIMENTO IMOBILIÁRIO RESPONSABILIDADE LIMITADA;NÃO;classe_exata;1.0;Alta;1437;43.011.068/0001-89;321190;FII;NM KSM LOG FUNDO DE INVESTIMENTO IMOBILIÁRIO RESPONSABILIDADE LIMITADA;Em Funcionamento Normal;2021-12-28;;BTG PACTUAL SERVIÇOS FINANCEIROS S/A DTVM;NOVA MILANO INVESTIMENTOS LTDA;236111081.94;2025-05-31;34649;43.011.068/0001-89;8338;Classes de Cotas de Fundos FII;NM KSM LOG FUNDO DE INVESTIMENTO IMOBILIÁRIO RESPONSABILIDADE LIMITADA;Em Funcionamento Normal;;;;302929381.57;2026-03-31;PRICEWATERHOUSECOOPERS AUDITORES INDEPENDENTES LTDA.;BANCO BTG PACTUAL S/A;;;;;;;;;;;;sem_inf_diario_202605
NVIF;NVIF11;FII NOVA I;NOVA I - FUNDO DE INVESTIMENTO IMOBILIÁRIO - RESPONSABILIDADE LIMITADA;NÃO;classe_exata;1.0;Alta;772;22.003.469/0001-17;315030;FII;NOVA I - FUNDO DE INVESTIMENTO IMOBILIÁRIO - RESPONSABILIDADE LIMITADA;Em Funcionamento Normal;2015-12-15;;MAF DISTRIBUIDORA DE TITULOS E VALORES MOBILIARIOS S.A.;PÁTRIA VBI SECURITIES LTDA.;93960223.78;2025-05-31;34243;22.003.469/0001-17;7838;Classes de Cotas de Fundos FII;NOVA I - FUNDO DE INVESTIMENTO IMOBILIÁRIO - RESPONSABILIDADE LIMITADA;Em Funcionamento Normal;;Fechado;;119746430.23;2026-03-31;ERNST & YOUNG AUDITORES INDEPENDENTES S/S LTDA.;BRL TRUST DISTRIBUIDORA DE TITULOS E VALORES MOBILIARIOS S.A.;;;;;;;;;;;;sem_inf_diario_202605
OCRE;OCRE11;FII OCTO;OCTO FUNDO DE INVESTIMENTO IMOBILIÁRIO RESPONSABILIDADE LIMITADA;NÃO;classe_exata;1.0;Alta;1503;44.680.435/0001-08;322122;FII;OCTO FUNDO DE INVESTIMENTO IMOBILIÁRIO RESPONSABILIDADE LIMITADA;Em Funcionamento Normal;2022-09-27;;ID CORRETORA DE TITULOS E VALORES MOBILIARIOS S.A.;VECTOR ADMINISTRAÇÃO DE RECURSOS FINANCEIROS LTDA;64634620.99;2025-09-30;34692;44.680.435/0001-08;13676;Classes de Cotas de Fundos FII;OCTO FUNDO DE INVESTIMENTO IMOBILIÁRIO RESPONSABILIDADE LIMITADA;Em Funcionamento Normal;;Fechado;;67146551.93;2026-03-31;NEXT AUDITORES INDEPENDENTES S/S LTDA.;ID CORRETORA DE TITULOS E VALORES MOBILIARIOS S.A.;;;;;;;;;;;;sem_inf_diario_202605
ONDA;ONDA11;FII ONDA ME;ONDA INVEST MULTIESTRATÉGIA FUNDO DE INVESTIMENTO IMOBILIÁRIO RESPONSABILIDADE LIMITADA;NÃO;classe_exata;1.0;Alta;1751;52.966.340/0001-75;323157;FII;ONDA INVEST MULTIESTRATÉGIA FUNDO DE INVESTIMENTO IMOBILIÁRIO RESPONSABILIDADE LIMITADA;Em Funcionamento Normal;2023-11-22;;QI CORRETORA DE TÍTULOS E VALORES MOBILIÁRIOS S.A.;IGUANA INVESTIMENTOS LTDA.;9695355.16;2024-09-30;34862;52.966.340/0001-75;264;Classes de Cotas de Fundos FII;ONDA INVEST MULTIESTRATÉGIA FUNDO DE INVESTIMENTO IMOBILIÁRIO RESPONSABILIDADE LIMITADA;Em Funcionamento Normal;;Fechado;;95319243.03;2026-03-31;CONFIANCE AUDITORES INDEPENDENTES;QI CORRETORA DE TÍTULOS E VALORES MOBILIÁRIOS S.A.;;;;;;;;;;;;sem_inf_diario_202605
ARRI;ARRI11;FII ATRIO;OPEN K ATIVOS E RECEBIVEIS IMOBILIARIOS - FUNDO DE INVESTIMENTO IMOBILIARIO;NÃO;classe_exata;1.0;Alta;1027;32.006.821/0001-21;319028;FII;OPEN K ATIVOS E RECEBIVEIS IMOBILIARIOS - FUNDO DE INVESTIMENTO IMOBILIARIO;Em Funcionamento Normal;2019-07-01;;OLIVEIRA TRUST DTVM S.A.;OPEN CAPITAL GESTÃO DE ATIVOS LTDA.;168402861.21;2024-09-30;34386;32.006.821/0001-21;663;Classes de Cotas de Fundos FII;OPEN K ATIVOS E RECEBIVEIS IMOBILIARIOS - FUNDO DE INVESTIMENTO IMOBILIARIO;Em Funcionamento Normal;;Fechado;;173646449.18;2026-03-31;PRICEWATERHOUSECOOPERS AUDITORES INDEPENDENTES LTDA.;OLIVEIRA TRUST DTVM S.A.;;;;;;;;;;;;sem_inf_diario_202605
OBAL;OBAL11;FII OPPBAL;OPPORTUNITY BALASSIANO FUNDO DE INVESTIMENTO IMOBILIÁRIO -  RESPONSABILIDADE LIMITADA;NÃO;classe_exata;1.0;Alta;1381;42.273.290/0001-97;321112;FII;OPPORTUNITY BALASSIANO FUNDO DE INVESTIMENTO IMOBILIÁRIO -  RESPONSABILIDADE LIMITADA;Em Funcionamento Normal;2021-08-18;;BRL TRUST DISTRIBUIDORA DE TITULOS E VALORES MOBILIARIOS S.A.;BRL TRUST DISTRIBUIDORA DE TITULOS E VALORES MOBILIARIOS S.A.;186687020.78;2025-05-31;34616;42.273.290/0001-97;8281;Classes de Cotas de Fundos FII;OPPORTUNITY BALASSIANO FUNDO DE INVESTIMENTO IMOBILIÁRIO -  RESPONSABILIDADE LIMITADA;Em Funcionamento Normal;;Fechado;;233781563.11;2026-03-31;KPMG AUDITORES INDEPENDENTES LTDA.;BRL TRUST DISTRIBUIDORA DE TITULOS E VALORES MOBILIARIOS S.A.;;;;;;;;;;;;sem_inf_diario_202605
FTCE;FTCE11;FII OPPORTUN;OPPORTUNITY FUNDO DE INVESTIMENTO IMOBILIÁRIO -  RESPONSABILIDADE LIMITADA;NÃO;classe_exata;1.0;Alta;368;1235622000161;396007;FII;OPPORTUNITY FUNDO DE INVESTIMENTO IMOBILIÁRIO -  RESPONSABILIDADE LIMITADA;Em Funcionamento Normal;1996-03-25;;BRL TRUST DISTRIBUIDORA DE TITULOS E VALORES MOBILIARIOS S.A.;BRL TRUST DISTRIBUIDORA DE TITULOS E VALORES MOBILIARIOS S.A.;3606224865.84;2025-04-30;34041;1235622000161;6653;Classes de Cotas de Fundos FII;OPPORTUNITY FUNDO DE INVESTIMENTO IMOBILIÁRIO -  RESPONSABILIDADE LIMITADA;Em Funcionamento Normal;;Fechado;;3902408380.42;2026-03-31;KPMG AUDITORES INDEPENDENTES LTDA.;BRL TRUST DISTRIBUIDORA DE TITULOS E VALORES MOBILIARIOS S.A.;;;;;;;;;;;;sem_inf_diario_202605
OUJP;OUJP11;FII OURI JPP;OURINVEST JPP FUNDO DE INVESTIMENTO IMOBILIÁRIO DE  RESPONSABILIDADE LIMITADA;NÃO;classe_exata;1.0;Alta;838;26.091.656/0001-50;316051;FII;OURINVEST JPP FUNDO DE INVESTIMENTO IMOBILIÁRIO DE  RESPONSABILIDADE LIMITADA;Em Funcionamento Normal;2016-11-30;;FINAXIS CORRETORA DE TÍTULOS E VALORES MOBILIÁRIOS S.A.;JPP CAPITAL GESTAO DE RECURSOS LTDA;326069858.31;2025-05-31;34281;26.091.656/0001-50;9741;Classes de Cotas de Fundos FII;OURINVEST JPP FUNDO DE INVESTIMENTO IMOBILIÁRIO DE  RESPONSABILIDADE LIMITADA;Em Funcionamento Normal;;Fechado;;327860485.69;2026-03-31;GRANT THORNTON AUDITORES INDEPENDENTES LTDA.;BANCO FINAXIS S.A.;;;;;;;;;;;;sem_inf_diario_202605
OXRL;OXRL11;FII OXRL;OXIGÊNIO 2 FUNDO DE INVESTIMENTO IMOBILIÁRIO - RESPONSABILIDADE LIMITADA;NÃO;classe_exata;1.0;Alta;2023;58.561.237/0001-21;324234;FII;OXIGÊNIO 2 FUNDO DE INVESTIMENTO IMOBILIÁRIO - RESPONSABILIDADE LIMITADA;Em Funcionamento Normal;2024-12-26;;BR-CAPITAL DTVM S.A.;STRATA CAPITAL GESTÃO DE RECURSOS LTDA;;;35072;58.561.237/0001-21;3450;Classes de Cotas de Fundos FII;OXIGÊNIO 2 FUNDO DE INVESTIMENTO IMOBILIÁRIO - RESPONSABILIDADE LIMITADA;Em Funcionamento Normal;;;;41099635.86;2026-03-31;ECOVIS WFA AUDITORES INDEPENDENTES S/S;BR-CAPITAL DTVM S.A.;;;;;;;;;;;;sem_inf_diario_202605
PNDL;PNDL11;FII PANORAMA;PANORAMA DESENVOLVIMENTO LOGÍSTICO - FUNDO DE INVESTIMENTO IMOBILIÁRIO - RESPONSABILIDADE LIMITADA;NÃO;classe_exata;1.0;Alta;1229;37.899.400/0001-90;320062;FII;PANORAMA DESENVOLVIMENTO LOGÍSTICO - FUNDO DE INVESTIMENTO IMOBILIÁRIO - RESPONSABILIDADE LIMITADA;Em Funcionamento Normal;2020-08-03;;BRL TRUST DISTRIBUIDORA DE TITULOS E VALORES MOBILIARIOS S.A.;AZ QUEST PANORAMA LTDA.;153234658.68;2025-01-31;34522;37.899.400/0001-90;4065;Classes de Cotas de Fundos FII;PANORAMA DESENVOLVIMENTO LOGÍSTICO - FUNDO DE INVESTIMENTO IMOBILIÁRIO - RESPONSABILIDADE LIMITADA;Em Funcionamento Normal;;Fechado;;77072432.33;2026-03-31;GRANT THORNTON AUDITORES INDEPENDENTES LTDA.;BRL TRUST DISTRIBUIDORA DE TITULOS E VALORES MOBILIARIOS S.A.;;;;;;;;;;;;sem_inf_diario_202605
PNLM;PNLM11;FII LASTMILE;PANORAMA LAST MILE SBC - FUNDO DE INVESTIMENTO IMOBILIÁRIO RESPONSABILIDADE LIMITADA;NÃO;classe_exata;1.0;Alta;1307;40.887.170/0001-54;321107;FII;PANORAMA LAST MILE SBC - FUNDO DE INVESTIMENTO IMOBILIÁRIO RESPONSABILIDADE LIMITADA;Em Funcionamento Normal;2021-08-12;;BRL TRUST DISTRIBUIDORA DE TITULOS E VALORES MOBILIARIOS S.A.;AZ QUEST PANORAMA LTDA.;21500358.73;2025-05-31;34569;40.887.170/0001-54;8257;Classes de Cotas de Fundos FII;PANORAMA LAST MILE SBC - FUNDO DE INVESTIMENTO IMOBILIÁRIO RESPONSABILIDADE LIMITADA;Em Funcionamento Normal;;Fechado;;21794017.27;2026-03-31;RSM ACAL AUDITORES INDEPENDENTES S/S;BRL TRUST DISTRIBUIDORA DE TITULOS E VALORES MOBILIARIOS S.A.;;;;;;;;;;;;sem_inf_diario_202605
PNPR;PNPR11;FII PAN PROP;PANORAMA PROPERTIES FUNDO DE INVESTIMENTO IMOBILIÁRIO;NÃO;classe_exata;1.0;Alta;868;26.813.118/0001-22;321011;FII;PANORAMA PROPERTIES FUNDO DE INVESTIMENTO IMOBILIÁRIO;Em Funcionamento Normal;2021-02-02;;BRL TRUST DISTRIBUIDORA DE TITULOS E VALORES MOBILIARIOS S.A.;GENESIS CAPITAL GESTORA DE RECURSOS LTDA.;34302475.19;2025-05-31;34294;26.813.118/0001-22;7552;Classes de Cotas de Fundos FII;PANORAMA PROPERTIES FUNDO DE INVESTIMENTO IMOBILIÁRIO;Em Funcionamento Normal;;Fechado;;36702298.61;2026-03-31;COTRIM & ASSOCIADOS AUDITORES INDEPENDENTES - SOCIEDADE SIMPLES;BRL TRUST DISTRIBUIDORA DE TITULOS E VALORES MOBILIARIOS S.A.;;;;;;;;;;;;sem_inf_diario_202605
PNRC;PNRC11;FII PNRC;PANORAMA REAL ESTATE CRÉDITO FUNDO DE INVESTIMENTO IMOBILIÁRIO RESPONSABILIDADE LIMITADA;NÃO;classe_exata;1.0;Alta;1547;46.157.348/0001-98;322117;FII;PANORAMA REAL ESTATE CRÉDITO FUNDO DE INVESTIMENTO IMOBILIÁRIO RESPONSABILIDADE LIMITADA;Em Funcionamento Normal;2022-09-19;;BRL TRUST DISTRIBUIDORA DE TITULOS E VALORES MOBILIARIOS S.A.;AZ QUEST PANORAMA LTDA.;31136803.06;2025-01-31;34723;46.157.348/0001-98;4081;Classes de Cotas de Fundos FII;PANORAMA REAL ESTATE CRÉDITO FUNDO DE INVESTIMENTO IMOBILIÁRIO RESPONSABILIDADE LIMITADA;Em Funcionamento Normal;;Fechado;;4192346.38;2026-03-31;RSM ACAL AUDITORES INDEPENDENTES S/S;BRL TRUST DISTRIBUIDORA DE TITULOS E VALORES MOBILIARIOS S.A.;;;;;;;;;;;;sem_inf_diario_202605
PMIS;PMIS11;FII PMIS;PARAMIS HEDGE FUND FUNDO DE INVESTIMENTO IMOBILIÁRIO - FII RESPONSABILIDADE LIMITADA;NÃO;classe_exata;1.0;Alta;1695;51.868.778/0001-58;323099;FII;PARAMIS HEDGE FUND FUNDO DE INVESTIMENTO IMOBILIÁRIO - FII RESPONSABILIDADE LIMITADA;Em Funcionamento Normal;2023-08-18;;XP INVESTIMENTOS CCTVM S.A.;PARAMIS BR INVESTIMENTOS LTDA;137646291.53;2025-05-31;34822;51.868.778/0001-58;12149;Classes de Cotas de Fundos FII;PARAMIS HEDGE FUND FUNDO DE INVESTIMENTO IMOBILIÁRIO - FII RESPONSABILIDADE LIMITADA;Em Funcionamento Normal;;Fechado;;139295209.99;2026-03-31;PRICEWATERHOUSECOOPERS AUDITORES INDEPENDENTES LTDA.;OLIVEIRA TRUST DTVM S.A.;;;;;;;;;;;;sem_inf_diario_202605
VTVI;VTVI11;FII PARK PAR;PARKING PARTNERS FUNDO DE INVESTIMENTO IMOBILIÁRIO - FII - RESP LIMITADA;NÃO;classe_exata;1.0;Alta;766;21.500.514/0001-86;316019;FII;PARKING PARTNERS FUNDO DE INVESTIMENTO IMOBILIÁRIO - FII - RESP LIMITADA;Em Funcionamento Normal;2016-05-13;;BEM - DISTRIBUIDORA DE TITULOS E VALORES MOBILIARIOS LTDA.;TIVIO CAPITAL DISTRIBUIDORA DE TITULOS E VALORES MOBILIARIOS S.A.;54223834.98;2025-05-31;34239;21.500.514/0001-86;7021;Classes de Cotas de Fundos FII;PARKING PARTNERS FUNDO DE INVESTIMENTO IMOBILIÁRIO - FII - RESP LIMITADA;Em Funcionamento Normal;;Fechado;;39098990.46;2026-03-31;GRANT THORNTON AUDITORES INDEPENDENTES LTDA.;BANCO BRADESCO S.A.;;;;;;;;;;;;sem_inf_diario_202605
PQAG;PQAG11;FII PARQ ANH;PARQUE ANHANGUERA FUNDO DE INVESTIMENTO IMOBILIÁRIO DE RESPONSABILIDADE LIMITADA;NÃO;classe_exata;1.0;Alta;541;12.978.943/0001-72;311012;FII;PARQUE ANHANGUERA FUNDO DE INVESTIMENTO IMOBILIÁRIO DE RESPONSABILIDADE LIMITADA;Em Funcionamento Normal;2011-03-31;;HEDGE INVESTMENTS DISTRIBUIDORA DE TÍTULOS E VALORES MOBILIÁRIOS LTDA.;HEDGE INVESTMENTS REAL ESTATE GESTÃO DE RECURSOS LTDA.;775551897.57;2025-05-31;34112;12.978.943/0001-72;9202;Classes de Cotas de Fundos FII;PARQUE ANHANGUERA FUNDO DE INVESTIMENTO IMOBILIÁRIO DE RESPONSABILIDADE LIMITADA;Em Funcionamento Normal;;Fechado;;777092808.44;2026-03-31;GRANT THORNTON AUDITORES INDEPENDENTES LTDA.;HEDGE INVESTMENTS DISTRIBUIDORA DE TÍTULOS E VALORES MOBILIÁRIOS LTDA.;;;;;;;;;;;;sem_inf_diario_202605
PATA;PATA11;FII PATA;PATAGÔNIA CAPITAL MULTIESTRATÉGIA FUNDO DE INVESTIMENTO IMOBILIÁRIO;NÃO;classe_exata;1.0;Alta;1812;53.764.894/0001-52;324021;FII;PATAGÔNIA CAPITAL MULTIESTRATÉGIA FUNDO DE INVESTIMENTO IMOBILIÁRIO;Em Funcionamento Normal;2024-02-02;;BANCO GENIAL S.A.;PATAGÔNIA CAPITAL GESTORA DE RECURSOS LTDA.;16948763.58;2024-09-30;34911;53.764.894/0001-52;990;Classes de Cotas de Fundos FII;PATAGÔNIA CAPITAL MULTIESTRATÉGIA FUNDO DE INVESTIMENTO IMOBILIÁRIO;Em Funcionamento Normal;;Fechado;;17208032.05;2026-03-31;DELOITTE TOUCHE TOHMATSU AUDITORES INDEPENDENTES LTDA.;BANCO GENIAL S.A.;;;;;;;;;;;;sem_inf_diario_202605
PATB;PATB11;FII PTO BAND;PATEO BANDEIRANTES - FUNDO DE INVESTIMENTO IMOBILIÁRIO RESPONSABILIDADE LIMITADA;NÃO;classe_exata;1.0;Alta;598;14.788.492/0001-36;313003;FII;PATEO BANDEIRANTES - FUNDO DE INVESTIMENTO IMOBILIÁRIO RESPONSABILIDADE LIMITADA;Em Funcionamento Normal;2013-01-21;;BTG PACTUAL SERVIÇOS FINANCEIROS S/A DTVM;;799501308.27;2025-02-28;34143;14.788.492/0001-36;4405;Classes de Cotas de Fundos FII;PATEO BANDEIRANTES - FUNDO DE INVESTIMENTO IMOBILIÁRIO RESPONSABILIDADE LIMITADA;Em Funcionamento Normal;;Fechado;;847835713.24;2026-03-31;ERNST & YOUNG AUDITORES INDEPENDENTES S/S LTDA.;;;;;;;;;;;;;sem_inf_diario_202605
PCIP;PCIP11;FII PCIP PAX;PATRIA CRÉDITO IMOBILIÁRIO ÍNDICE DE PREÇOS FII - RESPONSABILIDADE LIMITADA;NÃO;classe_exata;1.0;Alta;941;28.729.197/0001-13;317078;FII;PATRIA CRÉDITO IMOBILIÁRIO ÍNDICE DE PREÇOS FII - RESPONSABILIDADE LIMITADA;Em Funcionamento Normal;2017-10-11;;BRL TRUST DISTRIBUIDORA DE TITULOS E VALORES MOBILIARIOS S.A.;PÁTRIA VBI SECURITIES LTDA.;1015164163.85;2025-05-31;34322;28.729.197/0001-13;7200;Classes de Cotas de Fundos FII;PATRIA CRÉDITO IMOBILIÁRIO ÍNDICE DE PREÇOS FII - RESPONSABILIDADE LIMITADA;Em Funcionamento Normal;;Fechado;;1584874648.70;2026-03-31;KPMG AUDITORES INDEPENDENTES LTDA.;BRL TRUST DISTRIBUIDORA DE TITULOS E VALORES MOBILIARIOS S.A.;;;;;;;;;;;;sem_inf_diario_202605
PATC;PATC11;FII PATC VBI;PÁTRIA EDIFÍCIOS CORPORATIVOS - FUNDO DE INVESTIMENTO IMOBILIÁRIO - RESPONSABILIDADE LIMITADA;NÃO;classe_exata;1.0;Alta;964;30.048.651/0001-12;318014;FII;PÁTRIA EDIFÍCIOS CORPORATIVOS - FUNDO DE INVESTIMENTO IMOBILIÁRIO - RESPONSABILIDADE LIMITADA;Em Funcionamento Normal;2018-04-06;;MAF DISTRIBUIDORA DE TITULOS E VALORES MOBILIARIOS S.A.;PÁTRIA VBI ASSET MANAGEMENT LTDA.;143209513.02;2025-04-30;34337;30.048.651/0001-12;6700;Classes de Cotas de Fundos FII;PÁTRIA EDIFÍCIOS CORPORATIVOS - FUNDO DE INVESTIMENTO IMOBILIÁRIO - RESPONSABILIDADE LIMITADA;Em Funcionamento Normal;;Fechado;;119317501.73;2026-03-31;KPMG AUDITORES INDEPENDENTES LTDA.;MAF DISTRIBUIDORA DE TITULOS E VALORES MOBILIARIOS S.A.;;;;;;;;;;;;sem_inf_diario_202605
HGRE;HGRE11;FII HGRE PAX;PATRIA ESCRITÓRIOS - FUNDO DE INVESTIMENTO IMOBILIÁRIO - RESPONSABILIDADE LIMITADA;NÃO;classe_exata;1.0;Alta;465;9072017000129;308004;FII;PATRIA ESCRITÓRIOS - FUNDO DE INVESTIMENTO IMOBILIÁRIO - RESPONSABILIDADE LIMITADA;Em Funcionamento Normal;2008-05-06;;BANCO GENIAL S.A.;PÁTRIA INVESTIMENTOS LTDA.;1798913854.46;2024-09-30;34073;9072017000129;1643;Classes de Cotas de Fundos FII;PATRIA ESCRITÓRIOS - FUNDO DE INVESTIMENTO IMOBILIÁRIO - RESPONSABILIDADE LIMITADA;Em Funcionamento Normal;;Fechado;;1744036723.16;2026-03-31;ERNST & YOUNG AUDITORES INDEPENDENTES S/S LTDA.;BANCO GENIAL S.A.;;;;;;;;;;;;sem_inf_diario_202605
HGLG;HGLG11;FII HGLG PAX;PÁTRIA LOG - FUNDO DE INVESTIMENTO IMOBILIÁRIO - RESPONSABILIDADE LIMITADA;NÃO;classe_exata;1.0;Alta;510;11.728.688/0001-47;310005;FII;PÁTRIA LOG - FUNDO DE INVESTIMENTO IMOBILIÁRIO - RESPONSABILIDADE LIMITADA;Em Funcionamento Normal;2010-05-06;;BANCO GENIAL S.A.;PÁTRIA INVESTIMENTOS LTDA.;5317675430.12;2024-09-30;34097;11.728.688/0001-47;1678;Classes de Cotas de Fundos FII;PÁTRIA LOG - FUNDO DE INVESTIMENTO IMOBILIÁRIO - RESPONSABILIDADE LIMITADA;Em Funcionamento Normal;;Fechado;;7026989403.76;2026-03-31;ERNST & YOUNG AUDITORES INDEPENDENTES S/S LTDA.;BANCO GENIAL S.A.;;;;;;;;;;;;sem_inf_diario_202605
PLAG;PLAG11;FII PLAG;PATRIA LOGÍSTICA AGRO - FUNDO DE INVESTIMENTO IMOBILIÁRIO - RESPONSABILIDADE LIMITADA;NÃO;classe_exata;1.0;Alta;1056;32.754.734/0001-52;319031;FII;PATRIA LOGÍSTICA AGRO - FUNDO DE INVESTIMENTO IMOBILIÁRIO - RESPONSABILIDADE LIMITADA;Em Funcionamento Normal;2019-07-05;;BTG PACTUAL SERVIÇOS FINANCEIROS S/A DTVM;PÁTRIA VBI ASSET MANAGEMENT LTDA.;317252491.95;2025-05-31;34404;32.754.734/0001-52;7242;Classes de Cotas de Fundos FII;PATRIA LOGÍSTICA AGRO - FUNDO DE INVESTIMENTO IMOBILIÁRIO - RESPONSABILIDADE LIMITADA;Em Funcionamento Normal;;Fechado;;360476925.50;2026-03-31;PRICEWATERHOUSECOOPERS AUDITORES INDEPENDENTES LTDA.;BANCO BTG PACTUAL S/A;;;;;;;;;;;;sem_inf_diario_202605
PATL;PATL11;FII PATL VBI;PÁTRIA LOGÍSTICA FUNDO DE INVESTIMENTO IMOBILIÁRIO;NÃO;classe_exata;1.0;Alta;1151;35.754.164/0001-99;320003;FII;PÁTRIA LOGÍSTICA FUNDO DE INVESTIMENTO IMOBILIÁRIO;Em Funcionamento Normal;2020-01-15;;VORTX DISTRIBUIDORA DE TITULOS E VALORES MOBILIARIOS LTDA.;PÁTRIA INVESTIMENTOS LTDA.;482622867.05;2025-05-31;34463;35.754.164/0001-99;10561;Classes de Cotas de Fundos FII;PÁTRIA LOGÍSTICA FUNDO DE INVESTIMENTO IMOBILIÁRIO;Em Funcionamento Normal;;Fechado;;444517237.28;2026-03-31;GRANT THORNTON AUDITORES INDEPENDENTES LTDA.;VORTX DISTRIBUIDORA DE TITULOS E VALORES MOBILIARIOS LTDA.;;;;;;;;;;;;sem_inf_diario_202605
RBRL;RBRL11;FII RBRL PAX;PATRIA LOGÍSTICA II FUNDO DE INVESTIMENTO IMOBILIÁRIO;NÃO;classe_exata;1.0;Alta;1146;35.705.463/0001-33;319095;FII;PATRIA LOGÍSTICA II FUNDO DE INVESTIMENTO IMOBILIÁRIO;Em Funcionamento Normal;2019-12-27;;BRL TRUST DISTRIBUIDORA DE TITULOS E VALORES MOBILIARIOS S.A.;RBR GESTÃO DE RECURSOS LTDA;702328033.71;2025-05-31;34460;35.705.463/0001-33;8036;Classes de Cotas de Fundos FII;PATRIA LOGÍSTICA II FUNDO DE INVESTIMENTO IMOBILIÁRIO;Em Funcionamento Normal;;Fechado;;677483809.92;2026-03-31;KPMG AUDITORES INDEPENDENTES LTDA.;BRL TRUST DISTRIBUIDORA DE TITULOS E VALORES MOBILIARIOS S.A.;;;;;;;;;;;;sem_inf_diario_202605
PMLL;PMLL11;FII PMLL PAX;PATRIA MALLS FUNDO DE INVESTIMENTO IMOBILIÁRIO - RESPONSABILIDADE LIMITADA;NÃO;classe_exata;1.0;Alta;856;26.499.833/0001-32;316048;FII;Patria Malls Fundo de Investimento Imobiliário - Responsabilidade Limitada;Em Funcionamento Normal;2016-11-18;;BANCO GENIAL S.A.;PÁTRIA VBI ASSET MANAGEMENT LTDA.;1692254043.69;2025-05-31;34286;26.499.833/0001-32;7889;Classes de Cotas de Fundos FII;Patria Malls Fundo de Investimento Imobiliário - Responsabilidade Limitada;Em Funcionamento Normal;;Fechado;;1639149889.86;2026-03-31;DELOITTE TOUCHE TOHMATSU AUDITORES INDEPENDENTES LTDA.;BANCO GENIAL S.A.;;;;;;;;;;;;sem_inf_diario_202605
HGPO;HGPO11;FII HGPO PAX;PATRIA PRIME OFFICES - FUNDO DE INVESTIMENTO IMOBILIÁRIO - RESPONSABILIDADE LIMITADA;NÃO;classe_exata;1.0;Alta;496;11.260.134/0001-68;310021;FII;PATRIA PRIME OFFICES - FUNDO DE INVESTIMENTO IMOBILIÁRIO - RESPONSABILIDADE LIMITADA;Em Funcionamento Normal;2010-10-26;;BANCO GENIAL S.A.;PÁTRIA INVESTIMENTOS LTDA.;604409957.59;2024-09-30;34090;11.260.134/0001-68;1660;Classes de Cotas de Fundos FII;PATRIA PRIME OFFICES - FUNDO DE INVESTIMENTO IMOBILIÁRIO - RESPONSABILIDADE LIMITADA;Em Funcionamento Normal;;Fechado;;270338702.25;2026-03-31;GRANT THORNTON AUDITORES INDEPENDENTES LTDA.;BANCO GENIAL S.A.;;;;;;;;;;;;sem_inf_diario_202605
HGCR;HGCR11;FII HGCR PAX;PÁTRIA RECEBÍVEIS IMOBILIÁRIOS - FUNDO DE INVESTIMENTO IMOBILIÁRIO - RESPONSABILIDADE LIMITADA;NÃO;classe_exata;1.0;Alta;490;11.160.521/0001-22;309014;FII;PÁTRIA RECEBÍVEIS IMOBILIÁRIOS - FUNDO DE INVESTIMENTO IMOBILIÁRIO - RESPONSABILIDADE LIMITADA;Em Funcionamento Normal;2009-12-23;;BANCO GENIAL S.A.;PÁTRIA INVESTIMENTOS LTDA.;1536385882.07;2024-09-30;34087;11.160.521/0001-22;1651;Classes de Cotas de Fundos FII;PÁTRIA RECEBÍVEIS IMOBILIÁRIOS - FUNDO DE INVESTIMENTO IMOBILIÁRIO - RESPONSABILIDADE LIMITADA;Em Funcionamento Normal;;Fechado;;1521024690.45;2026-03-31;GRANT THORNTON AUDITORES INDEPENDENTES LTDA.;BANCO GENIAL S.A.;;;;;;;;;;;;sem_inf_diario_202605
VCRR;VCRR11;FII VECT REN;PATRIA RENDA RESIDENCIAL FUNDO DE  INVESTIMENTO IMOBILIÁRIO - RESPONSABILIDADE LIMITADA I FII;NÃO;classe_exata;1.0;Alta;1281;40.041.723/0001-53;321005;FII;PATRIA RENDA RESIDENCIAL FUNDO DE  INVESTIMENTO IMOBILIÁRIO - RESPONSABILIDADE LIMITADA I FII;Em Funcionamento Normal;2021-01-15;;BRL TRUST DISTRIBUIDORA DE TITULOS E VALORES MOBILIARIOS S.A.;PÁTRIA VBI SECURITIES LTDA.;254243737.18;2025-05-31;34554;40.041.723/0001-53;8168;Classes de Cotas de Fundos FII;PATRIA RENDA RESIDENCIAL FUNDO DE  INVESTIMENTO IMOBILIÁRIO - RESPONSABILIDADE LIMITADA I FII;Em Funcionamento Normal;;Fechado;;208157480.43;2026-03-31;KPMG AUDITORES INDEPENDENTES LTDA.;BRL TRUST DISTRIBUIDORA DE TITULOS E VALORES MOBILIARIOS S.A.;nome_fuzzy_0.87;35.950.032/0001-32;CANCELADA;;;;;;;;;sem_inf_diario_202605
HGRU;HGRU11;FII HGRU PAX;PÁTRIA RENDA URBANA - FUNDO DE INVESTIMENTO IMOBILIÁRIO - RESPONSABILIDADE LIMITADA;NÃO;classe_exata;1.0;Alta;959;29.641.226/0001-53;318006;FII;PÁTRIA RENDA URBANA - FUNDO DE INVESTIMENTO IMOBILIÁRIO - RESPONSABILIDADE LIMITADA;Em Funcionamento Normal;2018-02-14;;BANCO GENIAL S.A.;PÁTRIA INVESTIMENTOS LTDA.;2307516174.68;2024-09-30;34334;29.641.226/0001-53;1708;Classes de Cotas de Fundos FII;PÁTRIA RENDA URBANA - FUNDO DE INVESTIMENTO IMOBILIÁRIO - RESPONSABILIDADE LIMITADA;Em Funcionamento Normal;;Fechado;;2995554185.93;2026-03-31;GRANT THORNTON AUDITORES INDEPENDENTES LTDA.;BANCO GENIAL S.A.;nome_fuzzy_0.86;47.240.652/0001-67;CANCELADA;;;;;;;;;sem_inf_diario_202605
PSEC;PSEC11;FII PSEC PAX;PATRIA SECURITIES FUNDO DE INVESTIMENTO IMOBILIÁRIO - RESPONSABILIDADE  LIMITADA;NÃO;classe_exata;1.0;Alta;1125;35.507.457/0001-71;319081;FII;PATRIA SECURITIES FUNDO DE INVESTIMENTO IMOBILIÁRIO - RESPONSABILIDADE  LIMITADA;Em Funcionamento Normal;2019-11-26;;BRL TRUST DISTRIBUIDORA DE TITULOS E VALORES MOBILIARIOS S.A.;PÁTRIA VBI SECURITIES LTDA.;778215688.83;2025-05-31;34446;35.507.457/0001-71;7250;Classes de Cotas de Fundos FII;PATRIA SECURITIES FUNDO DE INVESTIMENTO IMOBILIÁRIO - RESPONSABILIDADE  LIMITADA;Em Funcionamento Normal;;Fechado;;1379408634.30;2026-03-31;KPMG AUDITORES INDEPENDENTES LTDA.;BRL TRUST DISTRIBUIDORA DE TITULOS E VALORES MOBILIARIOS S.A.;;;;;;;;;;;;sem_inf_diario_202605
PEMA;PEMA11;FII PERFORMA;PERFORMA REAL ESTATE FUNDO DE INVESTIMENTO IMOBILIÁRIO - RESPONSABILIDADE LIMITADA;NÃO;classe_exata;1.0;Alta;1109;34.736.510/0001-43;319068;FII;PERFORMA REAL ESTATE FUNDO DE INVESTIMENTO IMOBILIÁRIO - RESPONSABILIDADE LIMITADA;Em Funcionamento Normal;2019-10-30;;BRL TRUST DISTRIBUIDORA DE TITULOS E VALORES MOBILIARIOS S.A.;BRL TRUST DISTRIBUIDORA DE TITULOS E VALORES MOBILIARIOS S.A.;34312985.54;2025-05-31;34435;34.736.510/0001-43;8001;Classes de Cotas de Fundos FII;PERFORMA REAL ESTATE FUNDO DE INVESTIMENTO IMOBILIÁRIO - RESPONSABILIDADE LIMITADA;Em Funcionamento Normal;;Fechado;;31023574.04;2026-03-31;BAKER TILLY 4PARTNERS AUDITORES INDEPENDENTES LTDA.;BRL TRUST DISTRIBUIDORA DE TITULOS E VALORES MOBILIARIOS S.A.;;;;;;;;;;;;sem_inf_diario_202605
PMRL;PMRL11;FII PMRL;PERMUTA RESIDENCIAL FUNDO DE INVESTIMENTO IMOBILIÁRIO RESPONSABILIDADE LIMITADA;NÃO;classe_exata;1.0;Alta;2259;63.492.653/0001-55;325230;FII;PERMUTA RESIDENCIAL FUNDO DE INVESTIMENTO IMOBILIÁRIO RESPONSABILIDADE LIMITADA;Em Funcionamento Normal;2025-11-03;;VORTX DISTRIBUIDORA DE TITULOS E VALORES MOBILIARIOS LTDA.;GALAPAGOS CAPITAL INVESTIMENTOS E PARTICIPAÇÕES LTDA.;;;35285;63.492.653/0001-55;13803;Classes de Cotas de Fundos FII;PERMUTA RESIDENCIAL FUNDO DE INVESTIMENTO IMOBILIÁRIO RESPONSABILIDADE LIMITADA;Em Funcionamento Normal;;Fechado;;33811025.10;2026-03-31;RSM BRASIL AUDITORES INDEPENDENTES LTDA.;VORTX DISTRIBUIDORA DE TITULOS E VALORES MOBILIARIOS LTDA.;;;;;;;;;;;;sem_inf_diario_202605
PRSN;PRSN11;FII PERSONAL;PERSONALE I FUNDO DE INVESTIMENTO IMOBILIÁRIO RESPONSABILIDADE LIMITADA;NÃO;classe_exata;1.0;Alta;571;14.056.001/0001-62;311026;FII;PERSONALE I FUNDO DE INVESTIMENTO IMOBILIÁRIO RESPONSABILIDADE LIMITADA;Em Funcionamento Normal;2011-09-27;;OLIVEIRA TRUST DTVM S.A.;NIKOS GESTAO DE RECURSOS LTDA.;10718356.41;2025-04-30;34131;14.056.001/0001-62;5738;Classes de Cotas de Fundos FII;PERSONALE I FUNDO DE INVESTIMENTO IMOBILIÁRIO RESPONSABILIDADE LIMITADA;Em Funcionamento Normal;;Fechado;;8454733.38;2026-03-31;BKR - LOPES, MACHADO AUDITORES;OLIVEIRA TRUST DTVM S.A.;;;;;;;;;;;;sem_inf_diario_202605
PORD;PORD11;FII POLO CRI;POLO CRÉDITO IMOBILIÁRIO - FUNDO DE INVESTIMENTO IMOBILIÁRIO - RESPONSABILIDADE LIMITADA;NÃO;classe_exata;1.0;Alta;654;17.156.502/0001-09;312040;FII;POLO CRÉDITO IMOBILIÁRIO - FUNDO DE INVESTIMENTO IMOBILIÁRIO - RESPONSABILIDADE LIMITADA;Em Funcionamento Normal;2012-12-12;;OLIVEIRA TRUST DTVM S.A.;POLO CAPITAL GESTÃO DE RECURSOS LTDA;358401858.64;2025-05-31;34173;17.156.502/0001-09;7714;Classes de Cotas de Fundos FII;POLO CRÉDITO IMOBILIÁRIO - FUNDO DE INVESTIMENTO IMOBILIÁRIO - RESPONSABILIDADE LIMITADA;Em Funcionamento Normal;;Fechado;;355592524.15;2026-03-31;KPMG AUDITORES INDEPENDENTES LTDA.;OLIVEIRA TRUST DTVM S.A.;;;;;;;;;;;;sem_inf_diario_202605
PLRI;PLRI11;FII POLO I;POLO FII - FII RECEBÍVEIS IMOBILIÁRIOS I - RESPONSABILIDADE LIMITADA;NÃO;classe_exata;1.0;Alta;575;14.080.689/0001-16;311029;FII;POLO FII - FII RECEBÍVEIS IMOBILIÁRIOS I - RESPONSABILIDADE LIMITADA;Em Funcionamento Normal;2011-10-31;;OLIVEIRA TRUST DTVM S.A.;POLO CAPITAL GESTÃO DE RECURSOS LTDA;17392180.17;2025-05-31;34133;14.080.689/0001-16;7706;Classes de Cotas de Fundos FII;POLO FII - FII RECEBÍVEIS IMOBILIÁRIOS I - RESPONSABILIDADE LIMITADA;Em Funcionamento Normal;;Fechado;;13949403.50;2026-03-31;GRANT THORNTON AUDITORES INDEPENDENTES LTDA.;OLIVEIRA TRUST DTVM S.A.;nome_fuzzy_0.86;13.811.400/0001-29;CANCELADA;;;;;;;;;sem_inf_diario_202605
PCAS;PCAS11;FII PRAIA CS;PRAIA DO CASTELO FUNDO DE INVESTIMENTO IMOBILIÁRIO;NÃO;classe_exata;1.0;Alta;823;24.514.406/0001-50;317021;FII;PRAIA DO CASTELO FUNDO DE INVESTIMENTO IMOBILIÁRIO;Em Funcionamento Normal;2017-05-12;;PLANNER CORRETORA DE VALORES S.A.;EXANTE ASSET MANAGEMENT LTDA.;269750112.60;2025-05-31;34273;24.514.406/0001-50;9806;Classes de Cotas de Fundos FII;PRAIA DO CASTELO FUNDO DE INVESTIMENTO IMOBILIÁRIO;Em Funcionamento Normal;;Fechado;;246852481.93;2026-03-31;CONFIANCE AUDITORES INDEPENDENTES;PLANNER CORRETORA DE VALORES S.A.;;;;;;;;;;;;sem_inf_diario_202605
PRSV;PRSV11;FII P VARGAS;PRESIDENTE VARGAS FUNDO DE INVESTIMENTO IMOBILIÁRIO DE RESPONSABILIDADE LIMITADA;NÃO;classe_exata;1.0;Alta;499;11.281.322/0001-72;310004;FII;PRESIDENTE VARGAS FUNDO DE INVESTIMENTO IMOBILIÁRIO DE RESPONSABILIDADE LIMITADA;Em Funcionamento Normal;2010-04-30;;HEDGE INVESTMENTS DISTRIBUIDORA DE TÍTULOS E VALORES MOBILIÁRIOS LTDA.;HEDGE INVESTMENTS REAL ESTATE GESTÃO DE RECURSOS LTDA.;31973685.25;2025-05-31;34093;11.281.322/0001-72;9121;Classes de Cotas de Fundos FII;PRESIDENTE VARGAS FUNDO DE INVESTIMENTO IMOBILIÁRIO DE RESPONSABILIDADE LIMITADA;Em Funcionamento Normal;;Fechado;;29540474.69;2026-03-31;GRANT THORNTON AUDITORES INDEPENDENTES LTDA.;HEDGE INVESTMENTS DISTRIBUIDORA DE TÍTULOS E VALORES MOBILIÁRIOS LTDA.;;;;;;;;;;;;sem_inf_diario_202605
TSER;TSER11;FII TISHMAN;PRIME OFFICES FUNDO DE  INVESTIMENTO IMOBILIÁRIO - RESPONSABILIDADE LIMITADA;NÃO;classe_exata;1.0;Alta;1111;34.847.042/0001-84;320102;FII;PRIME OFFICES FUNDO DE  INVESTIMENTO IMOBILIÁRIO - RESPONSABILIDADE LIMITADA;Em Funcionamento Normal;2020-10-26;;BRL TRUST DISTRIBUIDORA DE TITULOS E VALORES MOBILIARIOS S.A.;BRL TRUST DISTRIBUIDORA DE TITULOS E VALORES MOBILIARIOS S.A.;136671120.47;2025-04-30;34437;34.847.042/0001-84;5584;Classes de Cotas de Fundos FII;PRIME OFFICES FUNDO DE  INVESTIMENTO IMOBILIÁRIO - RESPONSABILIDADE LIMITADA;Em Funcionamento Normal;;Fechado;;142487182.87;2026-03-31;KPMG AUDITORES INDEPENDENTES LTDA.;BRL TRUST DISTRIBUIDORA DE TITULOS E VALORES MOBILIARIOS S.A.;;;;;;;;;;;;sem_inf_diario_202605
FPAB;FPAB11;FII A BRANCA;PROJETO ÁGUA BRANCA FUNDO DE INVESTIMENTO IMOBILIÁRIO RESPONSABILIDADE LIMITADA;NÃO;classe_exata;1.0;Alta;415;3251720000118;399002;FII;PROJETO ÁGUA BRANCA FUNDO DE INVESTIMENTO IMOBILIÁRIO RESPONSABILIDADE LIMITADA;Em Funcionamento Normal;1999-06-30;;BTG PACTUAL SERVIÇOS FINANCEIROS S/A DTVM;;265824110.63;2025-05-31;34048;3251720000118;7650;Classes de Cotas de Fundos FII;PROJETO ÁGUA BRANCA FUNDO DE INVESTIMENTO IMOBILIÁRIO RESPONSABILIDADE LIMITADA;Em Funcionamento Normal;;Fechado;;268912168.80;2026-03-31;PRICEWATERHOUSECOOPERS AUDITORES INDEPENDENTES LTDA.;BANCO BTG PACTUAL S/A;;;;;;;;;;;;sem_inf_diario_202605
PBLV;PBLV11;FII PROLOGIS;PROLOGIS BRAZIL LOGISTICS VENTURE FUNDO DE INVESTIMENTO IMOBILIÁRIO DE RESPONSABILIDADE LIMITADA;NÃO;classe_exata;1.0;Alta;1024;31.962.875/0001-06;318062;FII;PROLOGIS BRAZIL LOGISTICS VENTURE FUNDO DE INVESTIMENTO IMOBILIÁRIO DE RESPONSABILIDADE LIMITADA;Em Funcionamento Normal;2018-12-06;;BRL TRUST DISTRIBUIDORA DE TITULOS E VALORES MOBILIARIOS S.A.;BRL TRUST DISTRIBUIDORA DE TITULOS E VALORES MOBILIARIOS S.A.;7066301195.32;2025-04-30;34384;31.962.875/0001-06;5550;Classes de Cotas de Fundos FII;PROLOGIS BRAZIL LOGISTICS VENTURE FUNDO DE INVESTIMENTO IMOBILIÁRIO DE RESPONSABILIDADE LIMITADA;Em Funcionamento Normal;;Fechado;;7992871901.28;2026-03-31;KPMG AUDITORES INDEPENDENTES LTDA.;BRL TRUST DISTRIBUIDORA DE TITULOS E VALORES MOBILIARIOS S.A.;;;;;;;;;;;;sem_inf_diario_202605
QTZD;QTZD11;FII QTZD;QUARTZO REAL ESTATE DEVELOPMENT MULTIESTRATÉGIA FUNDO DE INVESTIMENTO IMOBILIÁRIO RESPONSABILIDADE L;NÃO;classe_exata;1.0;Alta;1870;55.115.058/0001-72;324080;FII;QUARTZO REAL ESTATE DEVELOPMENT MULTIESTRATÉGIA FUNDO DE INVESTIMENTO IMOBILIÁRIO RESPONSABILIDADE L;Em Funcionamento Normal;2024-05-14;;VORTX DISTRIBUIDORA DE TITULOS E VALORES MOBILIARIOS LTDA.;QUARTZO INVEST LTDA.;4184546.80;2024-09-30;34953;55.115.058/0001-72;1562;Classes de Cotas de Fundos FII;QUARTZO REAL ESTATE DEVELOPMENT MULTIESTRATÉGIA FUNDO DE INVESTIMENTO IMOBILIÁRIO RESPONSABILIDADE L;Em Funcionamento Normal;;Fechado;;5097166.73;2026-03-31;ECOVIS WFA AUDITORES INDEPENDENTES S/S;VORTX DISTRIBUIDORA DE TITULOS E VALORES MOBILIARIOS LTDA.;;;;;;;;;;;;sem_inf_diario_202605
RZZV;RZZV11;FII RZZV;RAIZZ DESENVOLVIMENTO I FUNDO DE INVESTIMENTO IMOBILIÁRIO - FII RESPONSABILIDADE LIMITADA;NÃO;classe_exata;1.0;Alta;1691;51.786.271/0001-55;323095;FII;RAIZZ DESENVOLVIMENTO I FUNDO DE INVESTIMENTO IMOBILIÁRIO - FII RESPONSABILIDADE LIMITADA;Em Funcionamento Normal;2023-08-11;;BTG PACTUAL SERVIÇOS FINANCEIROS S/A DTVM;;105252725.46;2025-03-31;34819;51.786.271/0001-55;5207;Classes de Cotas de Fundos FII;RAIZZ DESENVOLVIMENTO I FUNDO DE INVESTIMENTO IMOBILIÁRIO - FII RESPONSABILIDADE LIMITADA;Em Funcionamento Normal;;Fechado;;207079870.27;2026-03-31;;BANCO BTG PACTUAL S/A;nome_fuzzy_0.88;41.758.759/0001-15;CANCELADA;;;;;;;;;sem_inf_diario_202605
RZZI;RZZI11;FII RZZI;RAIZZ DESENVOLVIMENTO II FUNDO DE INVESTIMENTO IMOBILIÁRIO RESPONSABILIDADE LIMITADA;NÃO;classe_exata;1.0;Alta;1823;54.134.474/0001-55;324033;FII;RAIZZ DESENVOLVIMENTO II FUNDO DE INVESTIMENTO IMOBILIÁRIO RESPONSABILIDADE LIMITADA;Em Funcionamento Normal;2024-02-29;;BTG PACTUAL SERVIÇOS FINANCEIROS S/A DTVM;BTG PACTUAL SERVIÇOS FINANCEIROS S/A DTVM;47098083.04;2024-09-30;34921;54.134.474/0001-55;1112;Classes de Cotas de Fundos FII;RAIZZ DESENVOLVIMENTO II FUNDO DE INVESTIMENTO IMOBILIÁRIO RESPONSABILIDADE LIMITADA;Em Funcionamento Normal;;Fechado;;145380583.21;2026-03-31;;BANCO BTG PACTUAL S/A;nome_fuzzy_0.88;41.758.759/0001-15;CANCELADA;;;;;;;;;sem_inf_diario_202605
RZZR;RZZR11;FII RZZR;RAIZZ RENDA LOGÍSTICA FUNDO DE INVESTIMENTO IMOBILIÁRIO RESPONSABILIDADE LIMITADA;NÃO;classe_exata;1.0;Alta;1139;35.652.278/0001-28;320057;FII;RAIZZ RENDA LOGÍSTICA FUNDO DE INVESTIMENTO IMOBILIÁRIO RESPONSABILIDADE LIMITADA;Em Funcionamento Normal;2020-07-24;;BTG PACTUAL SERVIÇOS FINANCEIROS S/A DTVM;BTG PACTUAL SERVIÇOS FINANCEIROS S/A DTVM;832317141.11;2025-03-31;34454;35.652.278/0001-28;5061;Classes de Cotas de Fundos FII;RAIZZ RENDA LOGÍSTICA FUNDO DE INVESTIMENTO IMOBILIÁRIO RESPONSABILIDADE LIMITADA;Em Funcionamento Normal;;Fechado;;980280591.13;2026-03-31;GRANT THORNTON AUDITORES INDEPENDENTES LTDA.;BANCO BTG PACTUAL S/A;;;;;;;;;;;;sem_inf_diario_202605
RBDS;RBDS11;FII RBRESID2;RB CAPITAL DESENV. RESIDENCIAL II FUNDO DE INVESTIMENTO IMOBILIARIO - RESPONSABILIDADE LIMITADA;NÃO;classe_exata;1.0;Alta;514;11.945.604/0001-27;310019;FII;RB CAPITAL DESENV. RESIDENCIAL II FUNDO DE INVESTIMENTO IMOBILIARIO - RESPONSABILIDADE LIMITADA;Em Liquidação;2010-10-18;;OLIVEIRA TRUST DTVM S.A.;RB ASSET MANAGEMENT LTDA;2304447.12;2025-05-31;34101;11.945.604/0001-27;9148;Classes de Cotas de Fundos FII;RB CAPITAL DESENV. RESIDENCIAL II FUNDO DE INVESTIMENTO IMOBILIARIO - RESPONSABILIDADE LIMITADA;Em Liquidação;;Fechado;;2341125.24;2026-03-31;DELOITTE TOUCHE TOHMATSU AUDITORES INDEPENDENTES LTDA.;OLIVEIRA TRUST DTVM S.A.;;;;;;;;;;;;sem_inf_diario_202605
RSPD;RSPD11;FII RBRESID3;RB CAPITAL DESENVOLVIMENTO RESIDENCIAL III FII - RESPONSABILIDADE LIMITADA;NÃO;classe_exata;1.0;Alta;719;19.249.989/0001-08;317090;FII;RB CAPITAL DESENVOLVIMENTO RESIDENCIAL III FII - RESPONSABILIDADE LIMITADA;Em Funcionamento Normal;2017-12-14;;OLIVEIRA TRUST DTVM S.A.;RB ASSET MANAGEMENT LTDA;143919763.61;2025-05-31;34214;19.249.989/0001-08;7935;Classes de Cotas de Fundos FII;RB CAPITAL DESENVOLVIMENTO RESIDENCIAL III FII - RESPONSABILIDADE LIMITADA;Em Funcionamento Normal;;Fechado;;113788791.35;2026-03-31;KPMG AUDITORES INDEPENDENTES LTDA.;OLIVEIRA TRUST DTVM S.A.;nome_fuzzy_0.84;41.076.771/0001-40;CANCELADA;;;;;;;;;sem_inf_diario_202605
RBIR;RBIR11;FII RBRES IV;RB CAPITAL DESENVOLVIMENTO RESIDENCIAL IV FUNDO DE INVESTIMENTO IMOBILIÁRIO - FII - RESP. LTDA.;NÃO;classe_exata;1.0;Alta;1004;31.161.410/0001-48;319065;FII;RB CAPITAL DESENVOLVIMENTO RESIDENCIAL IV FUNDO DE INVESTIMENTO IMOBILIÁRIO - FII - RESP. LTDA.;Em Funcionamento Normal;2019-10-11;;OLIVEIRA TRUST DTVM S.A.;RB ASSET MANAGEMENT LTDA;140340061.28;2025-05-31;34369;31.161.410/0001-48;10480;Classes de Cotas de Fundos FII;RB CAPITAL DESENVOLVIMENTO RESIDENCIAL IV FUNDO DE INVESTIMENTO IMOBILIÁRIO - FII - RESP. LTDA.;Em Funcionamento Normal;;Fechado;;121964032.21;2026-03-31;GRANT THORNTON AUDITORES INDEPENDENTES LTDA.;OLIVEIRA TRUST DTVM S.A.;nome_fuzzy_0.84;41.076.771/0001-40;CANCELADA;;;;;;;;;sem_inf_diario_202605
RFOF;RFOF11;FII RB CFOF;RB CAPITAL I FUNDO DE FUNDOS -RESPONSABILIDADE LIMITADA;NÃO;classe_exata;1.0;Alta;1081;34.027.774/0001-28;319063;FII;RB CAPITAL I FUNDO DE FUNDOS -RESPONSABILIDADE LIMITADA;Em Funcionamento Normal;2019-09-30;;BRL TRUST DISTRIBUIDORA DE TITULOS E VALORES MOBILIARIOS S.A.;RB ASSET MANAGEMENT LTDA;76201058.96;2025-05-31;34420;34.027.774/0001-28;7994;Classes de Cotas de Fundos FII;RB CAPITAL I FUNDO DE FUNDOS -RESPONSABILIDADE LIMITADA;Em Funcionamento Normal;;Fechado;;55274836.23;2026-03-31;BAKER TILLY 4PARTNERS AUDITORES INDEPENDENTES LTDA.;BRL TRUST DISTRIBUIDORA DE TITULOS E VALORES MOBILIARIOS S.A.;nome_fuzzy_0.92;41.199.986/0001-58;CANCELADA;;;;;;;;;sem_inf_diario_202605
RBLG;RBLG11;FII RBCAP LG;RB CAPITAL LOGÍSTICO FUNDO DE INVESTIMENTO IMOBILIÁRIO  FII RESPONSABILIDADE LIMITADA;NÃO;classe_exata;1.0;Alta;1137;35.652.227/0001-04;320047;FII;RB CAPITAL LOGÍSTICO FUNDO DE INVESTIMENTO IMOBILIÁRIO  FII RESPONSABILIDADE LIMITADA;Em Funcionamento Normal;2020-07-06;;BTG PACTUAL SERVIÇOS FINANCEIROS S/A DTVM;RB ASSET MANAGEMENT LTDA;42821528.27;2025-04-30;34452;35.652.227/0001-04;6386;Classes de Cotas de Fundos FII;RB CAPITAL LOGÍSTICO FUNDO DE INVESTIMENTO IMOBILIÁRIO  FII RESPONSABILIDADE LIMITADA;Em Funcionamento Normal;;Fechado;;42262813.02;2026-03-31;ERNST & YOUNG AUDITORES INDEPENDENTES S/S LTDA.;BANCO BTG PACTUAL S/A;;;;;;;;;;;;sem_inf_diario_202605
FIIP;FIIP11;FII RB CAP I;RB CAPITAL RENDA I FUNDO DE INVESTIMENTO IMOBILIARIO - FII - RESPONSABILIDADE LIMITADA;NÃO;classe_exata;1.0;Alta;458;8696175000197;307004;FII;RB CAPITAL RENDA I FUNDO DE INVESTIMENTO IMOBILIARIO - FII - RESPONSABILIDADE LIMITADA;Em Funcionamento Normal;2007-03-28;;OLIVEIRA TRUST DTVM S.A.;;184574735.24;2025-05-31;34068;8696175000197;7676;Classes de Cotas de Fundos FII;RB CAPITAL RENDA I FUNDO DE INVESTIMENTO IMOBILIARIO - FII - RESPONSABILIDADE LIMITADA;Em Funcionamento Normal;;Fechado;;185190325.60;2026-03-31;DELOITTE TOUCHE TOHMATSU AUDITORES INDEPENDENTES LTDA.;OLIVEIRA TRUST DTVM S.A.;nome_fuzzy_0.86;39.331.986/0001-18;CANCELADA;;;;;;;;;sem_inf_diario_202605
RBRD;RBRD11;FII RB II;RB CAPITAL RENDA II FII DE RESP LIMITADA;NÃO;classe_exata;1.0;Alta;464;9006914000134;307009;FII;RB CAPITAL RENDA II FII DE RESP LIMITADA;Em Funcionamento Normal;2007-09-05;;BANCO DAYCOVAL S.A.;RB ASSET MANAGEMENT LTDA;117610204.60;2024-09-30;34072;9006914000134;2755;Classes de Cotas de Fundos FII;RB CAPITAL RENDA II FII DE RESP LIMITADA;Em Funcionamento Normal;;Fechado;;132560050.09;2026-03-31;KPMG AUDITORES INDEPENDENTES LTDA.;BANCO DAYCOVAL S.A.;nome_fuzzy_0.86;39.331.986/0001-18;CANCELADA;;;;;;;;;sem_inf_diario_202605
RBTS;RBTS11;FII RB TFO;RB CAPITAL TFO SITUS FUNDO DE INVESTIMENTO IMOBILIÁRIO - FII - RESPONSABILIDADE LIMITADA;NÃO;classe_exata;1.0;Alta;955;29.299.737/0001-39;318003;FII;RB CAPITAL TFO SITUS FUNDO DE INVESTIMENTO IMOBILIÁRIO - FII - RESPONSABILIDADE LIMITADA;Em Funcionamento Normal;2018-01-18;;OLIVEIRA TRUST DTVM S.A.;RB ASSET MANAGEMENT LTDA;21495924.87;2025-05-31;34332;29.299.737/0001-39;10049;Classes de Cotas de Fundos FII;RB CAPITAL TFO SITUS FUNDO DE INVESTIMENTO IMOBILIÁRIO - FII - RESPONSABILIDADE LIMITADA;Em Funcionamento Normal;;Fechado;;17502610.65;2026-03-31;GRANT THORNTON AUDITORES INDEPENDENTES LTDA.;OLIVEIRA TRUST DTVM S.A.;;;;;;;;;;;;sem_inf_diario_202605
DRIM;DRIM11;FII DRIM;RB DESENVOLVIMENTO RESIDENCIAL V FUNDO DE INVESTIMENTO IMOBILIÁRIO -RESPONSABILIDADE LIMITADA;NÃO;classe_exata;1.0;Alta;2004;58.350.082/0001-84;324216;FII;RB DESENVOLVIMENTO RESIDENCIAL V FUNDO DE INVESTIMENTO IMOBILIÁRIO -RESPONSABILIDADE LIMITADA;Em Funcionamento Normal;2024-12-04;;BTG PACTUAL SERVIÇOS FINANCEIROS S/A DTVM;RB ASSET MANAGEMENT LTDA;;;35057;58.350.082/0001-84;3190;Classes de Cotas de Fundos FII;RB DESENVOLVIMENTO RESIDENCIAL V FUNDO DE INVESTIMENTO IMOBILIÁRIO -RESPONSABILIDADE LIMITADA;Em Funcionamento Normal;;;;66322304.13;2026-03-31;ERNST & YOUNG AUDITORES INDEPENDENTES S/S LTDA.;BANCO BTG PACTUAL S/A;nome_fuzzy_0.92;46.330.967/0001-32;CANCELADA;;;;;;;;;sem_inf_diario_202605
MTES;MTES11;FII MTES;RB INVESTIMENTOS MULTIESTRATÉGIA FUNDO DE INVESTIMENTO IMOBILIÁRIORESPONSABILIDADE LIMITADA;NÃO;classe_exata;1.0;Alta;2092;60.644.957/0001-00;325066;FII;RB INVESTIMENTOS MULTIESTRATÉGIA FUNDO DE INVESTIMENTO IMOBILIÁRIORESPONSABILIDADE LIMITADA;Fase Pré-Operacional;2025-05-02;;BTG PACTUAL SERVIÇOS FINANCEIROS S/A DTVM;RB INVESTIMENTOS GESTÃO DE RECURSOS LTDA.;;;35130;60.644.957/0001-00;5045;Classes de Cotas de Fundos FII;RB INVESTIMENTOS MULTIESTRATÉGIA FUNDO DE INVESTIMENTO IMOBILIÁRIORESPONSABILIDADE LIMITADA;Fase Pré-Operacional;;Fechado;;;;ERNST & YOUNG AUDITORES INDEPENDENTES S/S LTDA.;BANCO BTG PACTUAL S/A;;;;;;;;;;;;sem_inf_diario_202605
REME;REME11;FII REME;RB MULTIESTRATÉGIA IMOBILIÁRIA FUNDO DE INVESTIMENTO IMOBILIÁRIO - RESPONSABILIDADE LIMITADA;NÃO;classe_exata;1.0;Alta;2229;63.051.078/0001-55;325201;FII;RB MULTIESTRATÉGIA IMOBILIÁRIA FUNDO DE INVESTIMENTO IMOBILIÁRIO - RESPONSABILIDADE LIMITADA;Em Funcionamento Normal;2025-10-06;;BRL TRUST DISTRIBUIDORA DE TITULOS E VALORES MOBILIARIOS S.A.;RB ASSET MANAGEMENT LTDA;;;35257;63.051.078/0001-55;13382;Classes de Cotas de Fundos FII;RB MULTIESTRATÉGIA IMOBILIÁRIA FUNDO DE INVESTIMENTO IMOBILIÁRIO - RESPONSABILIDADE LIMITADA;Em Funcionamento Normal;;Fechado;;53800185.15;2026-03-31;GRANT THORNTON AUDITORES INDEPENDENTES LTDA.;BRL TRUST DISTRIBUIDORA DE TITULOS E VALORES MOBILIARIOS S.A.;;;;;;;;;;;;sem_inf_diario_202605
RCFF;RCFF11;FII RBR FEED;RBR DESENVOLVIMENTO COMERCIAL FEEDER FOF - FII RESPONSABILIDADE LIMITADA;NÃO;classe_exata;1.0;Alta;1143;35.689.670/0001-41;320012;FII;RBR DESENVOLVIMENTO COMERCIAL FEEDER FOF - FII RESPONSABILIDADE LIMITADA;Em Funcionamento Normal;2020-02-06;;BTG PACTUAL SERVIÇOS FINANCEIROS S/A DTVM;RBR GESTÃO DE RECURSOS LTDA;33046234.37;2025-05-31;34457;35.689.670/0001-41;8079;Classes de Cotas de Fundos FII;RBR DESENVOLVIMENTO COMERCIAL FEEDER FOF - FII RESPONSABILIDADE LIMITADA;Em Funcionamento Normal;;Fechado;;31709717.05;2026-03-31;PRICEWATERHOUSECOOPERS AUDITORES INDEPENDENTES LTDA.;BANCO BTG PACTUAL S/A;;;;;;;;;;;;sem_inf_diario_202605
RDCI;RDCI11;FII RDCI;RBR DESENVOLVIMENTO COMERCIAL I - FUNDO DE INVESTIMENTO IMOBILIÁRIO RESPONSABILIDADE LIMITADA;NÃO;classe_exata;1.0;Alta;1108;34.736.474/0001-18;319059;FII;RBR DESENVOLVIMENTO COMERCIAL I - FUNDO DE INVESTIMENTO IMOBILIÁRIO RESPONSABILIDADE LIMITADA;Em Funcionamento Normal;2019-09-24;;BRL TRUST DISTRIBUIDORA DE TITULOS E VALORES MOBILIARIOS S.A.;RBR PRIVATE EQUITY GESTÃO DE RECURSOS LTDA.;236780267.53;2025-07-31;34434;34.736.474/0001-18;13021;Classes de Cotas de Fundos FII;RBR DESENVOLVIMENTO COMERCIAL I - FUNDO DE INVESTIMENTO IMOBILIÁRIO RESPONSABILIDADE LIMITADA;Em Funcionamento Normal;;Fechado;;279341182.81;2026-03-31;ERNST & YOUNG AUDITORES INDEPENDENTES S/S LTDA.;BRL TRUST DISTRIBUIDORA DE TITULOS E VALORES MOBILIARIOS S.A.;;;;;;;;;;;;sem_inf_diario_202605
RDLI;RDLI11;FII RDLI;RBR DESENVOLVIMENTO LOGÍSTICO I - FUNDO DE INVESTIMENTO IMOBILIÁRIO RESPONSABILIDADE LIMITADA;NÃO;classe_exata;1.0;Alta;1795;53.391.567/0001-00;324002;FII;RBR DESENVOLVIMENTO LOGÍSTICO I - FUNDO DE INVESTIMENTO IMOBILIÁRIO RESPONSABILIDADE LIMITADA;Em Funcionamento Normal;2024-01-05;;BTG PACTUAL SERVIÇOS FINANCEIROS S/A DTVM;RBR PRIVATE EQUITY GESTÃO DE RECURSOS LTDA.;154188774.91;2024-09-30;34898;53.391.567/0001-00;795;Classes de Cotas de Fundos FII;RBR DESENVOLVIMENTO LOGÍSTICO I - FUNDO DE INVESTIMENTO IMOBILIÁRIO RESPONSABILIDADE LIMITADA;Em Funcionamento Normal;;Fechado;;170304816.07;2026-03-31;ERNST & YOUNG AUDITORES INDEPENDENTES S/S LTDA.;BANCO BTG PACTUAL S/A;;;;;;;;;;;;sem_inf_diario_202605
SHIP;SHIP11;FII SHIP;RBR FLAGSHIP I FUNDO DE INVESTIMENTO IMOBILIÁRIO RESPONSABILIDADE LIMITADA;NÃO;classe_exata;1.0;Alta;1969;57.682.963/0001-30;324179;FII;RBR FLAGSHIP I FUNDO DE INVESTIMENTO IMOBILIÁRIO RESPONSABILIDADE LIMITADA;Em Funcionamento Normal;2024-10-14;;BTG PACTUAL SERVIÇOS FINANCEIROS S/A DTVM;RBR PRIVATE EQUITY GESTÃO DE RECURSOS LTDA.;;;35031;57.682.963/0001-30;2771;Classes de Cotas de Fundos FII;RBR FLAGSHIP I FUNDO DE INVESTIMENTO IMOBILIÁRIO RESPONSABILIDADE LIMITADA;Em Funcionamento Normal;;;;158802914.87;2026-03-31;ERNST & YOUNG AUDITORES INDEPENDENTES S/S LTDA.;BANCO BTG PACTUAL S/A;;;;;;;;;;;;sem_inf_diario_202605
RBRX;RBRX11;FII RBRX PAX;RBR PLUS MULTIESTRATÉGIA REAL ESTATE FUNDO DE INVESTIMENTO IMOBILIÁRIO RESPONSABILIDADE LIMITADA;NÃO;classe_exata;1.0;Alta;1328;41.088.458/0001-21;321067;FII;RBR PLUS MULTIESTRATÉGIA REAL ESTATE FUNDO DE INVESTIMENTO IMOBILIÁRIO RESPONSABILIDADE LIMITADA;Em Funcionamento Normal;2021-06-09;;BTG PACTUAL SERVIÇOS FINANCEIROS S/A DTVM;RBR GESTÃO DE RECURSOS LTDA;281844900.18;2025-03-31;34582;41.088.458/0001-21;5290;Classes de Cotas de Fundos FII;RBR PLUS MULTIESTRATÉGIA REAL ESTATE FUNDO DE INVESTIMENTO IMOBILIÁRIO RESPONSABILIDADE LIMITADA;Em Funcionamento Normal;;Fechado;;1440697225.78;2026-03-31;PRICEWATERHOUSECOOPERS AUDITORES INDEPENDENTES LTDA.;BANCO BTG PACTUAL S/A;;;;;;;;;;;;sem_inf_diario_202605
RPRI;RPRI11;FII RBR PR;RBR PREMIUM RECEBÍVEIS IMOBILIÁRIOS FUNDO DE INVESTIMENTO IMOBILIÁRIO RESPONSABILIDADE LIMITADA;NÃO;classe_exata;1.0;Alta;1391;42.502.842/0001-91;321170;FII;RBR PREMIUM RECEBÍVEIS IMOBILIÁRIOS FUNDO DE INVESTIMENTO IMOBILIÁRIO RESPONSABILIDADE LIMITADA;Em Funcionamento Normal;2021-11-22;;INTRAG DTVM LTDA.;RBR GESTÃO DE RECURSOS LTDA;340344441.15;2025-06-30;34622;42.502.842/0001-91;12580;Classes de Cotas de Fundos FII;RBR PREMIUM RECEBÍVEIS IMOBILIÁRIOS FUNDO DE INVESTIMENTO IMOBILIÁRIO RESPONSABILIDADE LIMITADA;Em Funcionamento Normal;;Fechado;;350172339.51;2026-03-31;PRICEWATERHOUSECOOPERS AUDITORES INDEPENDENTES LTDA.;ITAU UNIBANCO S.A.;;;;;;;;;;;;sem_inf_diario_202605
RBRK;RBRK11;FII RBRK PAX;RBR PRIME OFFICES - FUNDO DE INVESTIMENTO IMOBILIÁRIO RESPONSABILIDADE LIMITADA;NÃO;classe_exata;1.0;Alta;1796;53.391.653/0001-05;324003;FII;RBR PRIME OFFICES - FUNDO DE INVESTIMENTO IMOBILIÁRIO RESPONSABILIDADE LIMITADA;Em Funcionamento Normal;2024-01-05;;BTG PACTUAL SERVIÇOS FINANCEIROS S/A DTVM;RBR GESTÃO DE RECURSOS LTDA;160520809.45;2024-09-30;34899;53.391.653/0001-05;809;Classes de Cotas de Fundos FII;RBR PRIME OFFICES - FUNDO DE INVESTIMENTO IMOBILIÁRIO RESPONSABILIDADE LIMITADA;Em Funcionamento Normal;;Fechado;;203789810.30;2026-03-31;ERNST & YOUNG AUDITORES INDEPENDENTES S/S LTDA.;BANCO BTG PACTUAL S/A;;;;;;;;;;;;sem_inf_diario_202605
TPOS;TPOS11;FII TPOS;RBR TESOURARIA FII CDI+ FUNDO DE INVESTIMENTO IMOBILIÁRIO RESPONSABILIDADE LIMITADA;NÃO;classe_exata;1.0;Alta;2395;66.173.986/0001-00;326070;FII;RBR TESOURARIA FII CDI+ FUNDO DE INVESTIMENTO IMOBILIÁRIO RESPONSABILIDADE LIMITADA;Fase Pré-Operacional;2026-04-09;;INTRAG DTVM LTDA.;RBR PRIVATE EQUITY GESTÃO DE RECURSOS LTDA.;;;35421;66.173.986/0001-00;15482;Classes de Cotas de Fundos FII;RBR TESOURARIA FII CDI+ FUNDO DE INVESTIMENTO IMOBILIÁRIO RESPONSABILIDADE LIMITADA;Fase Pré-Operacional;;Fechado;;;;PRICEWATERHOUSECOOPERS AUDITORES INDEPENDENTES LTDA.;ITAU UNIBANCO S.A.;;;;;;;;;;;;sem_inf_diario_202605
TINF;TINF11;FII TINF;RBR TESOURARIA FII IPCA+ FUNDO DE INVESTIMENTO IMOBILIÁRIO RESPONSABILIDADE LIMITADA;NÃO;classe_exata;1.0;Alta;2396;66.174.532/0001-53;326071;FII;RBR TESOURARIA FII IPCA+ FUNDO DE INVESTIMENTO IMOBILIÁRIO RESPONSABILIDADE LIMITADA;Fase Pré-Operacional;2026-04-09;;INTRAG DTVM LTDA.;RBR PRIVATE EQUITY GESTÃO DE RECURSOS LTDA.;;;35422;66.174.532/0001-53;15490;Classes de Cotas de Fundos FII;RBR TESOURARIA FII IPCA+ FUNDO DE INVESTIMENTO IMOBILIÁRIO RESPONSABILIDADE LIMITADA;Fase Pré-Operacional;;Fechado;;;;PRICEWATERHOUSECOOPERS AUDITORES INDEPENDENTES LTDA.;ITAU UNIBANCO S.A.;;;;;;;;;;;;sem_inf_diario_202605
TOPP;TOPP11;FII TOPP PAX;RBR TOP OFFICES FUNDO DE INVESTIMENTO IMOBILIÁRIO RESPONSABILIDADE LIMITADA;NÃO;classe_exata;1.0;Alta;1928;56.805.391/0001-76;324139;FII;RBR TOP OFFICES FUNDO DE INVESTIMENTO IMOBILIÁRIO RESPONSABILIDADE LIMITADA;Em Funcionamento Normal;2024-08-15;;BTG PACTUAL SERVIÇOS FINANCEIROS S/A DTVM;RBR GESTÃO DE RECURSOS LTDA;439450890.27;2024-09-30;34995;56.805.391/0001-76;2283;Classes de Cotas de Fundos FII;RBR TOP OFFICES FUNDO DE INVESTIMENTO IMOBILIÁRIO RESPONSABILIDADE LIMITADA;Em Funcionamento Normal;;Fechado;;481171170.52;2026-03-31;ERNST & YOUNG AUDITORES INDEPENDENTES S/S LTDA.;BANCO BTG PACTUAL S/A;;;;;;;;;;;;sem_inf_diario_202605
RINV;RINV11;FII REAL INV;REAL INVESTOR FUNDO DE INVESTIMENTO IMOBILIÁRIO RESPONSABILIDADE LIMITADA;NÃO;classe_exata;1.0;Alta;1494;44.625.612/0001-45;322098;FII;REAL INVESTOR FUNDO DE INVESTIMENTO IMOBILIÁRIO RESPONSABILIDADE LIMITADA;Em Funcionamento Normal;2022-08-01;;BTG PACTUAL SERVIÇOS FINANCEIROS S/A DTVM;REAL INVESTOR ASSET MANAGEMENT LTDA;341306306.95;2025-05-31;34687;44.625.612/0001-45;7404;Classes de Cotas de Fundos FII;REAL INVESTOR FUNDO DE INVESTIMENTO IMOBILIÁRIO RESPONSABILIDADE LIMITADA;Em Funcionamento Normal;;Fechado;;423377119.37;2026-03-31;PRICEWATERHOUSECOOPERS AUDITORES INDEPENDENTES LTDA.;BANCO BTG PACTUAL S/A;;;;;;;;;;;;sem_inf_diario_202605
RCRI;RCRI11;FII RCRI;REAL INVESTOR RECEBÍVEIS IMOBILIÁRIOS FUNDO DE INVESTIMENTO IMOBILIÁRIO RESPONSABILIDADE LIMITADA;NÃO;classe_exata;1.0;Alta;2094;60.801.196/0001-45;325068;FII;REAL INVESTOR RECEBÍVEIS IMOBILIÁRIOS FUNDO DE INVESTIMENTO IMOBILIÁRIO RESPONSABILIDADE LIMITADA;Em Funcionamento Normal;2025-05-13;;BTG PACTUAL SERVIÇOS FINANCEIROS S/A DTVM;REAL INVESTOR ASSET MANAGEMENT LTDA;;;35132;60.801.196/0001-45;5304;Classes de Cotas de Fundos FII;REAL INVESTOR RECEBÍVEIS IMOBILIÁRIOS FUNDO DE INVESTIMENTO IMOBILIÁRIO RESPONSABILIDADE LIMITADA;Em Funcionamento Normal;;Fechado;;43098601.53;2026-03-31;;BANCO BTG PACTUAL S/A;;;;;;;;;;;;sem_inf_diario_202605
RECD;RECD11;FII RECD;REC FUNDO DE CRI COTAS AMORTIZÁVEIS - FUNDO DE INVESTIMENTO IMOBILIÁRIO;NÃO;classe_exata;1.0;Alta;1781;53.260.548/0001-37;323189;FII;REC FUNDO DE CRI COTAS AMORTIZÁVEIS - FUNDO DE INVESTIMENTO IMOBILIÁRIO;Em Funcionamento Normal;2023-12-19;;BRL TRUST DISTRIBUIDORA DE TITULOS E VALORES MOBILIARIOS S.A.;REC GESTÃO DE RECURSOS S.A.;;;34889;53.260.548/0001-37;604;Classes de Cotas de Fundos FII;REC FUNDO DE CRI COTAS AMORTIZÁVEIS - FUNDO DE INVESTIMENTO IMOBILIÁRIO;Em Funcionamento Normal;;Fechado;;37440524.09;2026-03-31;BAKER TILLY BRASIL-ES AUDITORES INDEPENDENTES;BRL TRUST DISTRIBUIDORA DE TITULOS E VALORES MOBILIARIOS S.A.;;;;;;;;;;;;sem_inf_diario_202605
RMBS;RMBS11;FII RMBS;REC MASTER FUNDO DE CRI COTAS AMORTIZÁVEIS FII - RESPONSABILIDADE LIMITADA;NÃO;classe_exata;1.0;Alta;2005;58.366.499/0001-35;324217;FII;REC MASTER FUNDO DE CRI COTAS AMORTIZÁVEIS FII - RESPONSABILIDADE LIMITADA;Em Funcionamento Normal;2024-12-05;;BRL TRUST DISTRIBUIDORA DE TITULOS E VALORES MOBILIARIOS S.A.;REC GESTÃO DE RECURSOS S.A.;;;35058;58.366.499/0001-35;3204;Classes de Cotas de Fundos FII;REC MASTER FUNDO DE CRI COTAS AMORTIZÁVEIS FII - RESPONSABILIDADE LIMITADA;Em Funcionamento Normal;;Fechado;;24294088.57;2026-03-31;;BRL TRUST DISTRIBUIDORA DE TITULOS E VALORES MOBILIARIOS S.A.;;;;;;;;;;;;sem_inf_diario_202605
RECM;RECM11;FII RECM;REC MULTIESTRATÉGIA - FUNDO DE INVESTIMENTO IMOBILIÁRIO - RESPONSABILIDADE LIMITADA;NÃO;classe_exata;1.0;Alta;1925;56.430.935/0001-62;324136;FII;REC MULTIESTRATÉGIA - FUNDO DE INVESTIMENTO IMOBILIÁRIO - RESPONSABILIDADE LIMITADA;Em Funcionamento Normal;2024-08-09;;BRL TRUST DISTRIBUIDORA DE TITULOS E VALORES MOBILIARIOS S.A.;REC GESTÃO DE RECURSOS S.A.;;;34993;56.430.935/0001-62;2259;Classes de Cotas de Fundos FII;REC MULTIESTRATÉGIA - FUNDO DE INVESTIMENTO IMOBILIÁRIO - RESPONSABILIDADE LIMITADA;Em Funcionamento Normal;;Fechado;;81090282.84;2026-03-31;;BRL TRUST DISTRIBUIDORA DE TITULOS E VALORES MOBILIARIOS S.A.;;;;;;;;;;;;sem_inf_diario_202605
RBHG;RBHG11;FII RBCRI IV;RIO BRAVO CRÉDITO IMOBILIÁRIO HIGH GRADE FUNDO DE INVESTIMENTO  IMOBILIÁRIO - FII RESP LIMITADA;NÃO;classe_exata;1.0;Alta;988;30.647.758/0001-87;318028;FII;RIO BRAVO CRÉDITO IMOBILIÁRIO HIGH GRADE FUNDO DE INVESTIMENTO  IMOBILIÁRIO - FII RESP LIMITADA;Em Funcionamento Normal;2018-07-17;;BRL TRUST DISTRIBUIDORA DE TITULOS E VALORES MOBILIARIOS S.A.;RIO BRAVO INVESTIMENTOS LTDA;188273406.10;2025-01-31;34356;30.647.758/0001-87;4030;Classes de Cotas de Fundos FII;RIO BRAVO CRÉDITO IMOBILIÁRIO HIGH GRADE FUNDO DE INVESTIMENTO  IMOBILIÁRIO - FII RESP LIMITADA;Em Funcionamento Normal;;Fechado;;187835413.86;2026-03-31;BAKER TILLY 4PARTNERS AUDITORES INDEPENDENTES LTDA.;BRL TRUST DISTRIBUIDORA DE TITULOS E VALORES MOBILIARIOS S.A.;;;;;;;;;;;;sem_inf_diario_202605
RBHY;RBHY11;FII RB YIELD;RIO BRAVO CRÉDITO IMOBILIÁRIO HIGH YIELD FUNDO DE INVESTIMENTO IMOBILIÁRIO - FII RESP LIMITADA;NÃO;classe_exata;1.0;Alta;1231;37.899.479/0001-50;320106;FII;RIO BRAVO CRÉDITO IMOBILIÁRIO HIGH YIELD FUNDO DE INVESTIMENTO IMOBILIÁRIO - FII RESP LIMITADA;Em Funcionamento Normal;2020-10-29;;BRL TRUST DISTRIBUIDORA DE TITULOS E VALORES MOBILIARIOS S.A.;RIO BRAVO INVESTIMENTOS LTDA;175416037.29;2025-01-31;34523;37.899.479/0001-50;4073;Classes de Cotas de Fundos FII;RIO BRAVO CRÉDITO IMOBILIÁRIO HIGH YIELD FUNDO DE INVESTIMENTO IMOBILIÁRIO - FII RESP LIMITADA;Em Funcionamento Normal;;Fechado;;173496378.98;2026-03-31;BAKER TILLY 4PARTNERS AUDITORES INDEPENDENTES LTDA.;BRL TRUST DISTRIBUIDORA DE TITULOS E VALORES MOBILIARIOS S.A.;;;;;;;;;;;;sem_inf_diario_202605
RBFY;RBFY11;FII RBFY;RIO BRAVO FOR YOU FUNDO DE INVESTIMENTO IMOBILIÁRIO DE RESPONSABILIDADE LIMITADA;NÃO;classe_exata;1.0;Alta;2201;62.662.477/0001-90;325174;FII;Rio Bravo For You Fundo de Investimento Imobiliário de Responsabilidade Limitada;Em Funcionamento Normal;2025-09-10;;RIO BRAVO INVESTIMENTOS - DISTRIBUIDORA DE TITULOS E VALORES MOBILIARIOS LTDA;RIO BRAVO INVESTIMENTOS LTDA;;;35230;62.662.477/0001-90;13102;Classes de Cotas de Fundos FII;Rio Bravo For You Fundo de Investimento Imobiliário de Responsabilidade Limitada;Em Funcionamento Normal;;Fechado;;92006353.11;2026-03-31;RSM BRASIL AUDITORES INDEPENDENTES LTDA.;;;;;;;;;;;;;sem_inf_diario_202605
RBFM;RBFM11;FII RIOB MT;RIO BRAVO MULTIESTRATÉGIA FUNDO DE INVESTIMENTO IMOBILIÁRIO DE RESPONSABILIDADE LIMITADA;NÃO;classe_exata;1.0;Alta;671;17.329.029/0001-14;313020;FII;RIO BRAVO MULTIESTRATÉGIA FUNDO DE INVESTIMENTO IMOBILIÁRIO DE RESPONSABILIDADE LIMITADA;Em Funcionamento Normal;2013-05-08;;RIO BRAVO INVESTIMENTOS - DISTRIBUIDORA DE TITULOS E VALORES MOBILIARIOS LTDA;RIO BRAVO INVESTIMENTOS LTDA;228300372.43;2025-05-31;34179;17.329.029/0001-14;9458;Classes de Cotas de Fundos FII;RIO BRAVO MULTIESTRATÉGIA FUNDO DE INVESTIMENTO IMOBILIÁRIO DE RESPONSABILIDADE LIMITADA;Em Funcionamento Normal;;Fechado;;244429470.09;2026-03-31;GRANT THORNTON AUDITORES INDEPENDENTES LTDA.;OLIVEIRA TRUST DTVM S.A.;;;;;;;;;;;;sem_inf_diario_202605
RBOP;RBOP11;FII MERC BR;RIO BRAVO OPORTUNIDADES IMOBILIÁRIAS FUNDO DE INVESTIMENTO IMOBILIÁRIO DE RESPONSABILIDADE LIMITADA;NÃO;classe_exata;1.0;Alta;554;13.500.306/0001-59;311020;FII;RIO BRAVO OPORTUNIDADES IMOBILIÁRIAS FUNDO DE INVESTIMENTO IMOBILIÁRIO DE RESPONSABILIDADE LIMITADA;Em Funcionamento Normal;2011-07-13;;RIO BRAVO INVESTIMENTOS - DISTRIBUIDORA DE TITULOS E VALORES MOBILIARIOS LTDA;;69810522.49;2025-05-31;34120;13.500.306/0001-59;9237;Classes de Cotas de Fundos FII;RIO BRAVO OPORTUNIDADES IMOBILIÁRIAS FUNDO DE INVESTIMENTO IMOBILIÁRIO DE RESPONSABILIDADE LIMITADA;Em Funcionamento Normal;;Fechado;;75035613.37;2026-04-30;GRANT THORNTON AUDITORES INDEPENDENTES LTDA.;;nome_fuzzy_0.85;51.869.200/0001-16;CANCELADA;;;;;;;;;sem_inf_diario_202605
RCRB;RCRB11;FII RIOB RC;RIO BRAVO RENDA CORPORATIVA FUNDO DE INVESTIMENTO IMOBILIÁRIO - RESPONSABILIDADE LIMITADA;NÃO;classe_exata;1.0;Alta;418;3683056000186;300001;FII;RIO BRAVO RENDA CORPORATIVA FUNDO DE INVESTIMENTO IMOBILIÁRIO - RESPONSABILIDADE LIMITADA;Em Funcionamento Normal;2000-02-01;;RIO BRAVO INVESTIMENTOS - DISTRIBUIDORA DE TITULOS E VALORES MOBILIARIOS LTDA;;741321287.87;2025-05-31;34050;3683056000186;8982;Classes de Cotas de Fundos FII;RIO BRAVO RENDA CORPORATIVA FUNDO DE INVESTIMENTO IMOBILIÁRIO - RESPONSABILIDADE LIMITADA;Em Funcionamento Normal;;Fechado;;735572567.22;2026-03-31;KPMG AUDITORES INDEPENDENTES LTDA.;;;;;;;;;;;;;sem_inf_diario_202605
RBRS;RBRS11;FII RIOB RR;RIO BRAVO RENDA RESIDENCIAL FUNDO DE INVESTIMENTO IMOBILIÁRIO DE RESPONSABILIDADE LIMITADA;NÃO;classe_exata;1.0;Alta;1189;36.517.660/0001-91;320021;FII;RIO BRAVO RENDA RESIDENCIAL FUNDO DE INVESTIMENTO IMOBILIÁRIO DE RESPONSABILIDADE LIMITADA;Em Funcionamento Normal;2020-03-02;;RIO BRAVO INVESTIMENTOS - DISTRIBUIDORA DE TITULOS E VALORES MOBILIARIOS LTDA;RIO BRAVO INVESTIMENTOS LTDA;167053986.47;2025-05-31;34493;36.517.660/0001-91;10570;Classes de Cotas de Fundos FII;RIO BRAVO RENDA RESIDENCIAL FUNDO DE INVESTIMENTO IMOBILIÁRIO DE RESPONSABILIDADE LIMITADA;Em Funcionamento Normal;;Fechado;;73324984.58;2026-03-31;ERNST & YOUNG AUDITORES INDEPENDENTES S/S LTDA.;;;;;;;;;;;;;sem_inf_diario_202605
RBVA;RBVA11;FII RIOB VA;RIO BRAVO RENDA VAREJO FUNDO DE INVESTIMENTO IMOBILIÁRIO DE RESPONSABILIDADE LIMITADA;NÃO;classe_exata;1.0;Alta;617;15.576.907/0001-70;312032;FII;RIO BRAVO RENDA VAREJO FUNDO DE INVESTIMENTO IMOBILIÁRIO DE RESPONSABILIDADE LIMITADA;Em Funcionamento Normal;2012-11-01;;RIO BRAVO INVESTIMENTOS - DISTRIBUIDORA DE TITULOS E VALORES MOBILIARIOS LTDA;RIO BRAVO INVESTIMENTOS LTDA;1663713577.77;2025-05-31;34157;15.576.907/0001-70;9369;Classes de Cotas de Fundos FII;RIO BRAVO RENDA VAREJO FUNDO DE INVESTIMENTO IMOBILIÁRIO DE RESPONSABILIDADE LIMITADA;Em Funcionamento Normal;;Fechado;;1668456272.99;2026-03-31;RSM BRASIL AUDITORES INDEPENDENTES LTDA.;;;;;;;;;;;;;sem_inf_diario_202605
RNGO;RNGO11;FII RIONEGRO;RIO NEGRO FUNDO DE INVESTIMENTO IMOBILIÁRIO DE RESPONSABILIDADE LIMITADA;NÃO;classe_exata;1.0;Alta;602;15.006.286/0001-90;312014;FII;RIO NEGRO FUNDO DE INVESTIMENTO IMOBILIÁRIO DE RESPONSABILIDADE LIMITADA;Em Funcionamento Normal;2012-06-04;;RIO BRAVO INVESTIMENTOS - DISTRIBUIDORA DE TITULOS E VALORES MOBILIARIOS LTDA;RIO BRAVO INVESTIMENTOS LTDA;224504093.26;2025-05-31;34146;15.006.286/0001-90;9334;Classes de Cotas de Fundos FII;RIO NEGRO FUNDO DE INVESTIMENTO IMOBILIÁRIO DE RESPONSABILIDADE LIMITADA;Em Funcionamento Normal;;Fechado;;223572675.48;2026-03-31;KPMG AUDITORES INDEPENDENTES LTDA.;;;;;;;;;;;;;sem_inf_diario_202605
FRRE;FRRE11;FII FRRE;RIO REAL  ESTATE FUNDO DE INVESTIMENTO IMOBILIÁRIO DE RESPONSABILIDADE LIMITADA;NÃO;classe_exata;1.0;Alta;2279;63.745.126/0001-05;325251;FII;RIO REAL  ESTATE FUNDO DE INVESTIMENTO IMOBILIÁRIO DE RESPONSABILIDADE LIMITADA;Fase Pré-Operacional;2025-11-19;;ID CORRETORA DE TITULOS E VALORES MOBILIARIOS S.A.;FACT INVESTMENTS GESTAO DE RECURSOS LTDA;;;35305;63.745.126/0001-05;14036;Classes de Cotas de Fundos FII;RIO REAL  ESTATE FUNDO DE INVESTIMENTO IMOBILIÁRIO DE RESPONSABILIDADE LIMITADA;Fase Pré-Operacional;;Fechado;;;;NEXT AUDITORES INDEPENDENTES S/S LTDA.;ID CORRETORA DE TITULOS E VALORES MOBILIARIOS S.A.;;;;;;;;;;;;sem_inf_diario_202605
RZAK;RZAK11;FII RIZA AKN;RIZA AKIN FUNDO DE INVESTIMENTO IMOBILIÁRIO RESPONSABILIDADE LIMITADA;NÃO;classe_exata;1.0;Alta;1194;36.642.219/0001-31;320072;FII;RIZA AKIN FUNDO DE INVESTIMENTO IMOBILIÁRIO RESPONSABILIDADE LIMITADA;Em Funcionamento Normal;2020-09-02;;BTG PACTUAL SERVIÇOS FINANCEIROS S/A DTVM;RIZA ALLOCATION GESTORA DE RECURSOS LTDA;759424964.77;2025-04-30;34495;36.642.219/0001-31;5851;Classes de Cotas de Fundos FII;RIZA AKIN FUNDO DE INVESTIMENTO IMOBILIÁRIO RESPONSABILIDADE LIMITADA;Em Funcionamento Normal;;Fechado;;778297836.10;2026-03-31;ERNST & YOUNG AUDITORES INDEPENDENTES S/S LTDA.;BANCO BTG PACTUAL S/A;;;;;;;;;;;;sem_inf_diario_202605
RZAT;RZAT11;FII ARCTIUM;RIZA ARCTIUM REAL ESTATE FII - FUNDO DE INVESTIMENTO IMOBILIÁRIO RESPONSABILIDADE LIMITADA;NÃO;classe_exata;1.0;Alta;931;28.267.696/0001-36;317058;FII;RIZA ARCTIUM REAL ESTATE FII - FUNDO DE INVESTIMENTO IMOBILIÁRIO RESPONSABILIDADE LIMITADA;Em Funcionamento Normal;2017-07-31;;BTG PACTUAL SERVIÇOS FINANCEIROS S/A DTVM;RIZA DIRECT LENDING GESTORA DE RECURSOS LTDA.;431392161.26;2025-04-30;34317;28.267.696/0001-36;6262;Classes de Cotas de Fundos FII;RIZA ARCTIUM REAL ESTATE FII - FUNDO DE INVESTIMENTO IMOBILIÁRIO RESPONSABILIDADE LIMITADA;Em Funcionamento Normal;;Fechado;;430680331.49;2026-03-31;ERNST & YOUNG AUDITORES INDEPENDENTES S/S LTDA.;BANCO BTG PACTUAL S/A;;;;;;;;;;;;sem_inf_diario_202605
RZLC;RZLC11;FII RZLC;RIZA LECCI FUNDO DE INVESTIMENTO IMOBILIÁRIO RESPONSABILIDADE LIMITADA;NÃO;classe_exata;1.0;Alta;1921;56.212.023/0001-14;324132;FII;RIZA LECCI FUNDO DE INVESTIMENTO IMOBILIÁRIO RESPONSABILIDADE LIMITADA;Em Funcionamento Normal;2024-08-01;;BTG PACTUAL SERVIÇOS FINANCEIROS S/A DTVM;RIZA ALLOCATION GESTORA DE RECURSOS LTDA;49713814.14;2024-09-30;34989;56.212.023/0001-14;2216;Classes de Cotas de Fundos FII;RIZA LECCI FUNDO DE INVESTIMENTO IMOBILIÁRIO RESPONSABILIDADE LIMITADA;Em Funcionamento Normal;;;;161055076.85;2026-03-31;;BANCO BTG PACTUAL S/A;;;;;;;;;;;;sem_inf_diario_202605
RJDA;RJDA11;FII RJDA;RJDI FUNDO DE INVESTIMENTO IMOBILIÁRIO;NÃO;fundo_exato;0.98;Alta;2175;62.254.105/0001-24;325147;FII;RJDI FUNDO DE INVESTIMENTO IMOBILIÁRIO;Em Funcionamento Normal;2025-08-15;;BANCO GENIAL S.A.;;;;35010;57.285.563/0001-90;2470;Classes de Cotas de Fundos FII;CLASSE I DO RJDI FUNDO DE INVESTIMENTO IMOBILIÁRIO RESPONSABILIDADE LIMITADA;Em Funcionamento Normal;;Fechado;;45753822.65;2026-03-31;GRANT THORNTON AUDITORES INDEPENDENTES LTDA.;BANCO GENIAL S.A.;;;;;;;;;;;;sem_inf_diario_202605
SAPI;SAPI11;FII SAPI;SANTANDER PAPÉIS IMOBILIÁRIOS FUNDO DE  INVESTIMENTO IMOBILIÁRIO - RESP LIMITADA;NÃO;classe_exata;1.0;Alta;1682;51.646.298/0001-42;323086;FII;SANTANDER PAPÉIS IMOBILIÁRIOS FUNDO DE  INVESTIMENTO IMOBILIÁRIO - RESP LIMITADA;Em Funcionamento Normal;2023-08-01;;S3 CACEIS BRASIL DISTRIBUIDORA DE TITULOS E VALORES MOBILIARIOS S.A;SANTANDER BRASIL GESTÃO DE RECURSOS LTDA;153955051.06;2025-05-31;34812;51.646.298/0001-42;12076;Classes de Cotas de Fundos FII;SANTANDER PAPÉIS IMOBILIÁRIOS FUNDO DE  INVESTIMENTO IMOBILIÁRIO - RESP LIMITADA;Em Funcionamento Normal;;Fechado;;295837093.90;2026-03-31;PRICEWATERHOUSECOOPERS AUDITORES INDEPENDENTES LTDA.;S3 CACEIS BRASIL DISTRIBUIDORA DE TITULOS E VALORES MOBILIARIOS S.A;;;;;;;;;;;;sem_inf_diario_202605
FISD;FISD11;FII DOMINGOS;SÃO DOMINGOS - FUNDO DE INVESTIMENTO IMOBILIÁRIO - FII;NÃO;classe_exata;1.0;Alta;626;16.543.270/0001-89;314005;FII;SÃO DOMINGOS - FUNDO DE INVESTIMENTO IMOBILIÁRIO - FII;Em Liquidação;2014-04-09;;RJI CORRETORA DE TÍTULOS E VALORES MOBILIÁRIOS LTDA.;VCM GESTÃO DE CAPITAL LTDA;61514568.23;2025-02-28;34160;16.543.270/0001-89;4413;Classes de Cotas de Fundos FII;SÃO DOMINGOS - FUNDO DE INVESTIMENTO IMOBILIÁRIO - FII;Em Liquidação;;Fechado;;48641590.02;2026-04-30;AUDIPEC AUDITORIA E PERÍCIA CONTÁBIL S/S;RJI CORRETORA DE TÍTULOS E VALORES MOBILIÁRIOS LTDA.;;;;;;;;;;;;sem_inf_diario_202605
SCPF;SCPF11;FII SCP;SCP FII - RESPONSABILIDADE LIMITADA;NÃO;classe_exata;1.0;Alta;392;1657856000105;397001;FII;SCP FII - RESPONSABILIDADE LIMITADA;Em Funcionamento Normal;1997-01-03;;BR-CAPITAL DTVM S.A.;;44569375.94;2025-05-31;34046;1657856000105;8958;Classes de Cotas de Fundos FII;SCP FII - RESPONSABILIDADE LIMITADA;Em Funcionamento Normal;;Fechado;;41584648.05;2026-03-31;ECOVIS WFA AUDITORES INDEPENDENTES S/S;BR-CAPITAL DTVM S.A.;;;;;;;;;;;;sem_inf_diario_202605
SEQR;SEQR11;FII SEQUOIA;SEQUÓIA III RENDA IMOBILIÁRIA FUNDO DE INVESTIMENTO IMOBILIÁRIO - RESPONSABILIDADE LIMITADA;NÃO;classe_exata;1.0;Alta;470;9517273000182;319097;FII;SEQUÓIA III RENDA IMOBILIÁRIA FUNDO DE INVESTIMENTO IMOBILIÁRIO - RESPONSABILIDADE LIMITADA;Em Funcionamento Normal;2019-12-31;;VORTX DISTRIBUIDORA DE TITULOS E VALORES MOBILIARIOS LTDA.;SEQUOIA FUNDOS DE INVESTIMENTOS LTDA.;154755666.99;2025-05-31;34077;9517273000182;10596;Classes de Cotas de Fundos FII;SEQUÓIA III RENDA IMOBILIÁRIA FUNDO DE INVESTIMENTO IMOBILIÁRIO - RESPONSABILIDADE LIMITADA;Em Funcionamento Normal;;Fechado;;163324143.15;2026-03-31;MCS MARKUP AUDITORES INDEPENDENTES S/S LTDA;VORTX DISTRIBUIDORA DE TITULOS E VALORES MOBILIARIOS LTDA.;nome_exato;09.517.273/0001-82;CANCELADA;;;;;;;;;sem_inf_diario_202605
SHPH;SHPH11;FII HIGIENOP;SHOPPING PÁTIO HIGIENÓPOLIS FUNDO DE INVESTIMENTO IMOBILIÁRIO DE RESPONSABILIDADE LIMITADA;NÃO;classe_exata;1.0;Alta;417;3507519000159;399004;FII;SHOPPING PÁTIO HIGIENÓPOLIS FUNDO DE INVESTIMENTO IMOBILIÁRIO DE RESPONSABILIDADE LIMITADA;Em Funcionamento Normal;1999-12-21;;RIO BRAVO INVESTIMENTOS - DISTRIBUIDORA DE TITULOS E VALORES MOBILIARIOS LTDA;;619746094.70;2025-05-31;34049;3507519000159;8974;Classes de Cotas de Fundos FII;SHOPPING PÁTIO HIGIENÓPOLIS FUNDO DE INVESTIMENTO IMOBILIÁRIO DE RESPONSABILIDADE LIMITADA;Em Funcionamento Normal;;Fechado;;630918740.98;2026-03-31;KPMG AUDITORES INDEPENDENTES LTDA.;;;;;;;;;;;;;sem_inf_diario_202605
SHPP;SHPP11;FII SHPP;SHOPPING PÁTIO PAULISTA FUNDO DE INVESTIMENTO IMOBILIÁRIO RESPONSABILIDADE  LIMITADA;NÃO;classe_exata;1.0;Alta;2039;59.090.726/0001-05;325010;FII;SHOPPING PÁTIO PAULISTA FUNDO DE INVESTIMENTO IMOBILIÁRIO RESPONSABILIDADE  LIMITADA;Em Funcionamento Normal;2025-01-24;;BTG PACTUAL SERVIÇOS FINANCEIROS S/A DTVM;CAPITÂNIA ALTERNATIVES S/A;;;35084;59.090.726/0001-05;3760;Classes de Cotas de Fundos FII;SHOPPING PÁTIO PAULISTA FUNDO DE INVESTIMENTO IMOBILIÁRIO RESPONSABILIDADE  LIMITADA;Em Funcionamento Normal;;Fechado;;444417462.89;2026-03-31;ERNST & YOUNG AUDITORES INDEPENDENTES S/S LTDA.;BANCO BTG PACTUAL S/A;;;;;;;;;;;;sem_inf_diario_202605
WPLZ;WPLZ11;FII W PLAZA;SHOPPING WEST PLAZA FUNDO DE INVESTIMENTO IMOBILIARIO DE RESPONSABILIDADE LIMITADA;NÃO;classe_exata;1.0;Alta;468;9326861000139;308002;FII;SHOPPING WEST PLAZA FUNDO DE INVESTIMENTO IMOBILIARIO DE RESPONSABILIDADE LIMITADA;Em Funcionamento Normal;2008-01-17;;HEDGE INVESTMENTS DISTRIBUIDORA DE TÍTULOS E VALORES MOBILIÁRIOS LTDA.;HEDGE INVESTMENTS REAL ESTATE GESTÃO DE RECURSOS LTDA.;78161028.23;2025-05-31;34076;9326861000139;9083;Classes de Cotas de Fundos FII;SHOPPING WEST PLAZA FUNDO DE INVESTIMENTO IMOBILIARIO DE RESPONSABILIDADE LIMITADA;Em Funcionamento Normal;;Fechado;;64701024.85;2026-03-31;KPMG AUDITORES INDEPENDENTES LTDA.;HEDGE INVESTMENTS DISTRIBUIDORA DE TÍTULOS E VALORES MOBILIÁRIOS LTDA.;;;;;;;;;;;;sem_inf_diario_202605
REIT;REIT11;FII REIT RIV;SINGULARE FUNDO DE INVESTIMENTO IMOBILIÁRIO;NÃO;classe_exata;1.0;Alta;633;16.841.067/0001-99;314003;FII;SINGULARE FUNDO DE INVESTIMENTO IMOBILIÁRIO;Em Funcionamento Normal;2014-03-10;;QI CORRETORA DE TÍTULOS E VALORES MOBILIÁRIOS S.A.;GV ATACAMA CAPITAL LTDA.;7907256.16;2025-05-31;34165;16.841.067/0001-99;9393;Classes de Cotas de Fundos FII;SINGULARE FUNDO DE INVESTIMENTO IMOBILIÁRIO;Em Funcionamento Normal;;Fechado;;7765988.16;2026-03-31;BDO RCS AUDITORES INDEPENDENTES - SOCIEDADE SIMPLES LIMITADA;QI CORRETORA DE TÍTULOS E VALORES MOBILIÁRIOS S.A.;;;;;;;;;;;;sem_inf_diario_202605
SJAU;SJAU11;FII SJ AU;SJ AU LOGÍSTICA FUNDO DE INVESTIMENTO IMOBILIÁRIO RESPONSABILIDADE LIMITADA;NÃO;classe_exata;1.0;Alta;908;27.771.547/0001-47;317038;FII;SJ AU LOGÍSTICA FUNDO DE INVESTIMENTO IMOBILIÁRIO RESPONSABILIDADE LIMITADA;Em Funcionamento Normal;2017-06-12;;VORTX DISTRIBUIDORA DE TITULOS E VALORES MOBILIARIOS LTDA.;;159298371.84;2025-05-31;34307;27.771.547/0001-47;9873;Classes de Cotas de Fundos FII;SJ AU LOGÍSTICA FUNDO DE INVESTIMENTO IMOBILIÁRIO RESPONSABILIDADE LIMITADA;Em Funcionamento Normal;;Fechado;;11836484.45;2026-03-31;ECOVIS WFA AUDITORES INDEPENDENTES S/S;;;;;;;;;;;;;sem_inf_diario_202605
SOLR;SOLR11;FII SOLARIUM;SOLARIUM FII - FUNDO DE INVESTIMENTO IMOBILIÁRIO;NÃO;classe_exata;1.0;Alta;780;22.169.671/0001-13;316043;FII;SOLARIUM FII - FUNDO DE INVESTIMENTO IMOBILIÁRIO;Em Funcionamento Normal;2016-10-07;;BANCO GENIAL S.A.;TAG INVESTIMENTOS LTDA;61311413.99;2025-05-31;34245;22.169.671/0001-13;7870;Classes de Cotas de Fundos FII;SOLARIUM FII - FUNDO DE INVESTIMENTO IMOBILIÁRIO;Em Funcionamento Normal;;Fechado;;59969896.58;2026-03-31;GRANT THORNTON AUDITORES INDEPENDENTES LTDA.;BANCO GENIAL S.A.;;;;;;;;;;;;sem_inf_diario_202605
SPTW;SPTW11;FII SPTW PAX;SP DOWNTOWN FUNDO DE INVESTIMENTO IMOBILIÁRIO - FII;NÃO;classe_exata;1.0;Alta;615;15.538.445/0001-05;313017;FII;SP DOWNTOWN FUNDO DE INVESTIMENTO IMOBILIÁRIO - FII;Em Funcionamento Normal;2013-04-16;;GENIAL INVESTIMENTOS CORRETORA DE VALORES MOBILIÁRIOS S.A.;PÁTRIA VBI ASSET MANAGEMENT LTDA.;104313704.44;2025-05-31;34155;15.538.445/0001-05;7749;Classes de Cotas de Fundos FII;SP DOWNTOWN FUNDO DE INVESTIMENTO IMOBILIÁRIO - FII;Em Funcionamento Normal;;Fechado;;97445821.39;2026-03-31;KPMG AUDITORES INDEPENDENTES LTDA.;ITAU UNIBANCO S.A.;;;;;;;;;;;;sem_inf_diario_202605
SPAF;SPAF11;FII SPA;SPA FUNDO DE INVESTIMENTO IMOBILIÁRIO - RESPONSABILIDADE LIMITADA;NÃO;classe_exata;1.0;Alta;695;18.311.024/0001-27;316028;FII;SPA FUNDO DE INVESTIMENTO IMOBILIÁRIO - RESPONSABILIDADE LIMITADA;Em Funcionamento Normal;2016-06-20;;BANCO GENIAL S.A.;;11041370.04;2025-05-31;34196;18.311.024/0001-27;7854;Classes de Cotas de Fundos FII;SPA FUNDO DE INVESTIMENTO IMOBILIÁRIO - RESPONSABILIDADE LIMITADA;Em Funcionamento Normal;;Fechado;;12690588.27;2026-03-31;GRANT THORNTON AUDITORES INDEPENDENTES LTDA.;BANCO GENIAL S.A.;;;;;;;;;;;;sem_inf_diario_202605
LTMT;LTMT11;FII SPECIALE;SPECIALE BLUE REAL FUNDO DE INVESTIMENTO IMOBILIÁRIO DE RESPONSABILIDADE LIMITADA;NÃO;classe_exata;1.0;Alta;1555;46.449.786/0001-20;322135;FII;SPECIALE BLUE REAL FUNDO DE INVESTIMENTO IMOBILIÁRIO DE RESPONSABILIDADE LIMITADA;Em Funcionamento Normal;2022-11-03;;BANCO DAYCOVAL S.A.;PORTOFINO GESTÃO DE RECURSOS LTDA.;11895462.33;2025-03-31;34728;46.449.786/0001-20;5258;Classes de Cotas de Fundos FII;SPECIALE BLUE REAL FUNDO DE INVESTIMENTO IMOBILIÁRIO DE RESPONSABILIDADE LIMITADA;Em Funcionamento Normal;;Fechado;;14678440.76;2026-03-31;GRANT THORNTON AUDITORES INDEPENDENTES LTDA.;BANCO DAYCOVAL S.A.;;;;;;;;;;;;sem_inf_diario_202605
DVLP;DVLP11;FII DVLP;SPECIALE REAL ESTATE DEVELOPMENT FUNDO DE INVESTIMENTO IMOBILIÁRIO RESPONSABILIDADE LIMITADA;NÃO;classe_exata;1.0;Alta;1402;42.537.601/0001-88;321160;FII;SPECIALE REAL ESTATE DEVELOPMENT FUNDO DE INVESTIMENTO IMOBILIÁRIO RESPONSABILIDADE LIMITADA;Em Funcionamento Normal;2021-10-26;;BANCO DAYCOVAL S.A.;PORTOFINO GESTÃO DE RECURSOS LTDA.;73114965.25;2024-09-30;34627;42.537.601/0001-88;1155;Classes de Cotas de Fundos FII;SPECIALE REAL ESTATE DEVELOPMENT FUNDO DE INVESTIMENTO IMOBILIÁRIO RESPONSABILIDADE LIMITADA;Em Funcionamento Normal;;Fechado;;106468346.79;2026-03-31;RSM BRASIL AUDITORES INDEPENDENTES LTDA.;BANCO DAYCOVAL S.A.;;;;;;;;;;;;sem_inf_diario_202605
DVLT;DVLT11;FII DVLT;SPECIALE REAL ESTATE DEVELOPMENT II FUNDO DE INVESTIMENTO  IMOBILIÁRIO DE RESPONSABILIDADE LIMITADA;NÃO;classe_exata;1.0;Alta;1856;54.635.301/0001-10;324067;FII;SPECIALE REAL ESTATE DEVELOPMENT II FUNDO DE INVESTIMENTO  IMOBILIÁRIO DE RESPONSABILIDADE LIMITADA;Em Funcionamento Normal;2024-04-08;;BANCO DAYCOVAL S.A.;PORTOFINO GESTÃO DE RECURSOS LTDA.;24374547.59;2024-09-30;34943;54.635.301/0001-10;1465;Classes de Cotas de Fundos FII;SPECIALE REAL ESTATE DEVELOPMENT II FUNDO DE INVESTIMENTO  IMOBILIÁRIO DE RESPONSABILIDADE LIMITADA;Em Funcionamento Normal;;Fechado;;42222046.16;2026-03-31;GRANT THORNTON AUDITORES INDEPENDENTES LTDA.;BANCO DAYCOVAL S.A.;;;;;;;;;;;;sem_inf_diario_202605
PMFO;PMFO11;FII PMFO;SPECIALE REAL ESTATE FUND OF FUNDS FUNDO DE INVESTIMENTO IMOBILIÁRIO DE RESPONSABILIDADE LIMITADA;NÃO;classe_exata;1.0;Alta;1618;50.135.849/0001-40;323023;FII;SPECIALE REAL ESTATE FUND OF FUNDS FUNDO DE INVESTIMENTO IMOBILIÁRIO DE RESPONSABILIDADE LIMITADA;Em Funcionamento Normal;2023-03-29;;BANCO DAYCOVAL S.A.;PORTOFINO GESTÃO DE RECURSOS LTDA.;83969452.67;2025-03-31;34766;50.135.849/0001-40;5266;Classes de Cotas de Fundos FII;SPECIALE REAL ESTATE FUND OF FUNDS FUNDO DE INVESTIMENTO IMOBILIÁRIO DE RESPONSABILIDADE LIMITADA;Em Funcionamento Normal;;Fechado;;88380987.36;2026-03-31;GRANT THORNTON AUDITORES INDEPENDENTES LTDA.;BANCO DAYCOVAL S.A.;;;;;;;;;;;;sem_inf_diario_202605
SPGM;SPGM11;FII SPGM;SPGM FUNDO DE INVESTIMENTO IMOBILIÁRIO;NÃO;classe_exata;1.0;Alta;1764;53.127.942/0001-00;323171;FII;SPGM FUNDO DE INVESTIMENTO IMOBILIÁRIO;Em Funcionamento Normal;2023-12-07;;OSLO CAPITAL DISTRIBUIDORA DE TITULOS E VALORES MOBILIARIOS S.A.;;27931870.13;2024-09-30;34874;53.127.942/0001-00;400;Classes de Cotas de Fundos FII;SPGM FUNDO DE INVESTIMENTO IMOBILIÁRIO;Em Funcionamento Normal;;;;73293013.25;2026-03-31;CLA - CLIFTON LARSON ALLEN BRASIL AUDITORES INDEPENDENTES LTDA;OSLO CAPITAL DISTRIBUIDORA DE TITULOS E VALORES MOBILIARIOS S.A.;;;;;;;;;;;;sem_inf_diario_202605
SPG2;SPG211;FII SPG2;SPGM II FUNDO DE INVESTIMENTO IMOBILIÁRIO;NÃO;classe_exata;1.0;Alta;1937;57.077.139/0001-50;324148;FII;SPGM II FUNDO DE INVESTIMENTO IMOBILIÁRIO;Em Funcionamento Normal;2024-08-29;;OSLO CAPITAL DISTRIBUIDORA DE TITULOS E VALORES MOBILIARIOS S.A.;;1139166.43;2024-09-30;35002;57.077.139/0001-50;2372;Classes de Cotas de Fundos FII;SPGM II FUNDO DE INVESTIMENTO IMOBILIÁRIO;Em Funcionamento Normal;;;;82240092.11;2026-03-31;CLA - CLIFTON LARSON ALLEN BRASIL AUDITORES INDEPENDENTES LTDA;OSLO CAPITAL DISTRIBUIDORA DE TITULOS E VALORES MOBILIARIOS S.A.;;;;;;;;;;;;sem_inf_diario_202605
SPXM;SPXM11;FII SPXM;SPX REAL ESTATE DESENVOLVIMENTO DE GALPÕES LOGÍSTICOS FEEDER BRADESCO FII RESPONSABILIDADE LIMITADA;NÃO;classe_exata;1.0;Alta;1954;57.378.678/0001-20;324165;FII;SPX REAL ESTATE DESENVOLVIMENTO DE GALPÕES LOGÍSTICOS FEEDER BRADESCO FII RESPONSABILIDADE LIMITADA;Em Funcionamento Normal;2024-09-20;;BTG PACTUAL SERVIÇOS FINANCEIROS S/A DTVM;SPX REAL ESTATE GESTÃO DE RECURSOS LTDA.;;;35018;57.378.678/0001-20;2542;Classes de Cotas de Fundos FII;SPX REAL ESTATE DESENVOLVIMENTO DE GALPÕES LOGÍSTICOS FEEDER BRADESCO FII RESPONSABILIDADE LIMITADA;Em Funcionamento Normal;;Fechado;;9260515.46;2026-03-31;ERNST & YOUNG AUDITORES INDEPENDENTES S/S LTDA.;BANCO BTG PACTUAL S/A;;;;;;;;;;;;sem_inf_diario_202605
SPXL;SPXL11;FII SPXL;SPX REAL ESTATE DESENVOLVIMENTO DE GALPÕES LOGÍSTICOS FEEDER INSTITUCIONAL FII RESP LIMITADA;NÃO;classe_exata;1.0;Alta;1868;55.074.554/0001-25;324078;FII;SPX REAL ESTATE DESENVOLVIMENTO DE GALPÕES LOGÍSTICOS FEEDER INSTITUCIONAL FII RESP LIMITADA;Em Funcionamento Normal;2024-05-09;;BTG PACTUAL SERVIÇOS FINANCEIROS S/A DTVM;SPX REAL ESTATE GESTÃO DE RECURSOS LTDA.;;;34951;55.074.554/0001-25;1546;Classes de Cotas de Fundos FII;SPX REAL ESTATE DESENVOLVIMENTO DE GALPÕES LOGÍSTICOS FEEDER INSTITUCIONAL FII RESP LIMITADA;Em Funcionamento Normal;;Fechado;;39385724.32;2026-03-31;;BANCO BTG PACTUAL S/A;;;;;;;;;;;;sem_inf_diario_202605
SPXG;SPXG11;FII SPXG;SPX REAL ESTATE DESENVOLVIMENTO DE GALPÕES LOGÍSTICOS FEEDER PRIVATE FII RESPONSABILIDADE LIMITADA;NÃO;classe_exata;1.0;Alta;1891;55.611.150/0001-23;324101;FII;SPX REAL ESTATE DESENVOLVIMENTO DE GALPÕES LOGÍSTICOS FEEDER PRIVATE FII RESPONSABILIDADE LIMITADA;Em Funcionamento Normal;2024-06-20;;BTG PACTUAL SERVIÇOS FINANCEIROS S/A DTVM;SPX REAL ESTATE GESTÃO DE RECURSOS LTDA.;;;34968;55.611.150/0001-23;1899;Classes de Cotas de Fundos FII;SPX REAL ESTATE DESENVOLVIMENTO DE GALPÕES LOGÍSTICOS FEEDER PRIVATE FII RESPONSABILIDADE LIMITADA;Em Funcionamento Normal;;;;7570721.17;2026-03-31;;BANCO BTG PACTUAL S/A;;;;;;;;;;;;sem_inf_diario_202605
SPXS;SPXS11;FII SPX SYN;SPX REAL ESTATE MULTIESTRATÉGIA FUNDO DE INVESTIMENTO IMOBILIÁRIO RESPONSABILIDADE LIMITADA;NÃO;classe_exata;1.0;Alta;1434;43.010.543/0001-00;322066;FII;SPX REAL ESTATE MULTIESTRATÉGIA FUNDO DE INVESTIMENTO IMOBILIÁRIO RESPONSABILIDADE LIMITADA;Em Funcionamento Normal;2022-05-17;;BTG PACTUAL SERVIÇOS FINANCEIROS S/A DTVM;SPX REAL ESTATE GESTÃO DE RECURSOS LTDA.;189949414.96;2025-04-30;34646;43.010.543/0001-00;6904;Classes de Cotas de Fundos FII;SPX REAL ESTATE MULTIESTRATÉGIA FUNDO DE INVESTIMENTO IMOBILIÁRIO RESPONSABILIDADE LIMITADA;Em Funcionamento Normal;;Fechado;;190658136.85;2026-03-31;ERNST & YOUNG AUDITORES INDEPENDENTES S/S LTDA.;BANCO BTG PACTUAL S/A;;;;;;;;;;;;sem_inf_diario_202605
SPXT;SPXT11;FII SPXT;SPX RENDA IMOBILIÁRIA III FUNDO DE INVESTIMENTO IMOBILIÁRIO RESPONSABILIDADE LIMITADA;NÃO;classe_exata;1.0;Alta;2385;65.920.467/0001-03;326060;FII;SPX RENDA IMOBILIÁRIA II FUNDO DE INVESTIMENTO IMOBILIÁRIO RESPONSABILIDADE LIMITADA;Em Funcionamento Normal;2026-03-26;;BTG PACTUAL SERVIÇOS FINANCEIROS S/A DTVM;SPX REAL ESTATE GESTÃO DE RECURSOS LTDA.;;;35411;65.920.467/0001-03;15385;Classes de Cotas de Fundos FII;SPX RENDA IMOBILIÁRIA II FUNDO DE INVESTIMENTO IMOBILIÁRIO RESPONSABILIDADE LIMITADA;Em Funcionamento Normal;;Fechado;;;;;BANCO BTG PACTUAL S/A;;;;;;;;;;;;sem_inf_diario_202605
STRX;STRX11;FII STARX;STARX FUNDO DE INVESTIMENTO IMOBILIÁRIO FII RESPONSABILIDADE LIMITADA;NÃO;classe_exata;1.0;Alta;488;11.044.355/0001-07;310011;FII;STARX FUNDO DE INVESTIMENTO IMOBILIÁRIO FII RESPONSABILIDADE LIMITADA;Em Funcionamento Normal;2010-08-09;;INTER DISTRIBUIDORA DE TÍTULOS E VALORES MOBILIÁRIOS;OLIVEIRA TRUST DTVM S.A.;229168711.57;2025-11-30;34086;11.044.355/0001-07;14540;Classes de Cotas de Fundos FII;STARX FUNDO DE INVESTIMENTO IMOBILIÁRIO FII RESPONSABILIDADE LIMITADA;Em Funcionamento Normal;;Fechado;;246756664.14;2026-03-31;GRANT THORNTON AUDITORES INDEPENDENTES LTDA.;INTER DISTRIBUIDORA DE TÍTULOS E VALORES MOBILIÁRIOS;;;;;;;;;;;;sem_inf_diario_202605
STYI;STYI11;FII STYI;STRIVO YIELD FUNDO DE INVESTIMENTO IMOBILIÁRIO RESPONSABILIDADE LIMITADA;NÃO;classe_exata;1.0;Alta;2060;59.678.586/0001-90;325033;FII;STRIVO YIELD FUNDO DE INVESTIMENTO IMOBILIÁRIO RESPONSABILIDADE LIMITADA;Em Funcionamento Normal;2025-02-26;;QORE DISTRIBUIDORA DE TÍTULOS E VALORES MOBILIÁRIOS LTDA.;STRIVO GESTORA DE RECURSOS S/A.;;;35101;59.678.586/0001-90;4197;Classes de Cotas de Fundos FII;STRIVO YIELD FUNDO DE INVESTIMENTO IMOBILIÁRIO RESPONSABILIDADE LIMITADA;Em Funcionamento Normal;;Fechado;;84874153.90;2026-03-31;DELOITTE TOUCHE TOHMATSU AUDITORES INDEPENDENTES LTDA.;QORE DISTRIBUIDORA DE TÍTULOS E VALORES MOBILIÁRIOS LTDA.;;;;;;;;;;;;sem_inf_diario_202605
SURE;SURE11;FII SURE;SULAMÉRICA REAL ESTATE FUNDO DE INVESTIMENTO IMOBILIÁRIO DE RESPONSABILIDADE LIMITADA;NÃO;classe_exata;1.0;Alta;1552;46.334.715/0001-81;324201;FII;SULAMÉRICA REAL ESTATE FUNDO DE INVESTIMENTO IMOBILIÁRIO DE RESPONSABILIDADE LIMITADA;Em Funcionamento Normal;2024-11-11;;BANCO DAYCOVAL S.A.;SUL AMÉRICA INVESTIMENTOS GESTORA DE RECURSOS S.A.;;;34726;46.334.715/0001-81;3000;Classes de Cotas de Fundos FII;SULAMÉRICA REAL ESTATE FUNDO DE INVESTIMENTO IMOBILIÁRIO DE RESPONSABILIDADE LIMITADA;Em Funcionamento Normal;;Aberto;Público Geral;114475375.61;2026-03-31;ERNST & YOUNG AUDITORES INDEPENDENTES S/S LTDA.;BANCO DAYCOVAL S.A.;;;;;;;;;;;;sem_inf_diario_202605
SNEL;SNEL11;FII SUNO EL;SUNO ENERGIAS LIMPAS FUNDO DE INVESTIMENTO IMOBILIÁRIO IS RESPONSABILIDADE LIMITADA;NÃO;classe_exata;1.0;Alta;1455;43.741.171/0001-84;322120;FII;SUNO ENERGIAS LIMPAS FUNDO DE INVESTIMENTO IMOBILIÁRIO IS RESPONSABILIDADE LIMITADA;Em Funcionamento Normal;2022-09-23;;QI CORRETORA DE TÍTULOS E VALORES MOBILIÁRIOS S.A.;SUNO GESTORA DE RECURSOS LTDA;309759671.06;2025-05-31;34663;43.741.171/0001-84;11665;Classes de Cotas de Fundos FII;SUNO ENERGIAS LIMPAS FUNDO DE INVESTIMENTO IMOBILIÁRIO IS RESPONSABILIDADE LIMITADA;Em Funcionamento Normal;;Fechado;;899334074.56;2026-03-31;PRICEWATERHOUSECOOPERS AUDITORES INDEPENDENTES LTDA.;QI CORRETORA DE TÍTULOS E VALORES MOBILIÁRIOS S.A.;nome_fuzzy_0.93;45.276.795/0001-01;CANCELADA;;;;;;;;;sem_inf_diario_202605
SNFF;SNFF11;FII SUNOFOFI;SUNO FUNDO DE FUNDOS DE INVESTIMENTO IMOBILIÁRIO FUNDO DE INVESTIMENTO IMOBILIÁRIO RESPONSABILIDADE;NÃO;classe_exata;1.0;Alta;1273;40.011.225/0001-68;321014;FII;SUNO FUNDO DE FUNDOS DE INVESTIMENTO IMOBILIÁRIO FUNDO DE INVESTIMENTO IMOBILIÁRIO RESPONSABILIDADE;Em Funcionamento Normal;2021-02-10;;BTG PACTUAL SERVIÇOS FINANCEIROS S/A DTVM;SUNO GESTORA DE RECURSOS LTDA;338279814.65;2025-05-31;34547;40.011.225/0001-68;7315;Classes de Cotas de Fundos FII;SUNO FUNDO DE FUNDOS DE INVESTIMENTO IMOBILIÁRIO FUNDO DE INVESTIMENTO IMOBILIÁRIO RESPONSABILIDADE;Em Funcionamento Normal;;Fechado;;349065876.95;2026-03-31;ERNST & YOUNG AUDITORES INDEPENDENTES S/S LTDA.;BANCO BTG PACTUAL S/A;;;;;;;;;;;;sem_inf_diario_202605
SNLG;SNLG11;FII SUNO LG;SUNO LOG FUNDO DE INVESTIMENTO IMOBILIÁRIO - RESPONSABILIDADE LIMITADA;NÃO;classe_exata;1.0;Alta;1280;40.041.711/0001-29;321013;FII;SUNO LOG FUNDO DE INVESTIMENTO IMOBILIÁRIO - RESPONSABILIDADE LIMITADA;Em Funcionamento Normal;2021-02-09;;XP INVESTIMENTOS CCTVM S.A.;SUNO GESTORA DE RECURSOS LTDA;-285623.73;2025-05-31;34553;40.041.711/0001-29;10936;Classes de Cotas de Fundos FII;SUNO LOG FUNDO DE INVESTIMENTO IMOBILIÁRIO - RESPONSABILIDADE LIMITADA;Em Funcionamento Normal;;Fechado;;5320125.53;2026-03-31;PRICEWATERHOUSECOOPERS AUDITORES INDEPENDENTES LTDA.;OLIVEIRA TRUST DTVM S.A.;;;;;;;;;;;;sem_inf_diario_202605
SNME;SNME11;FII SNME;SUNO MULTIESTRATÉGIA FUNDO DE INVESTIMENTO IMOBILIÁRIO RESPONSABILIDADE LIMITADA;NÃO;classe_exata;1.0;Alta;1713;52.227.760/0001-30;323117;FII;SUNO MULTIESTRATÉGIA FUNDO DE INVESTIMENTO IMOBILIÁRIO RESPONSABILIDADE LIMITADA;Em Funcionamento Normal;2023-09-18;;BTG PACTUAL SERVIÇOS FINANCEIROS S/A DTVM;SUNO GESTORA DE RECURSOS LTDA;71884970.94;2025-05-31;34833;52.227.760/0001-30;7480;Classes de Cotas de Fundos FII;SUNO MULTIESTRATÉGIA FUNDO DE INVESTIMENTO IMOBILIÁRIO RESPONSABILIDADE LIMITADA;Em Funcionamento Normal;;Fechado;;70436743.07;2026-03-31;;BANCO BTG PACTUAL S/A;;;;;;;;;;;;sem_inf_diario_202605
SNCI;SNCI11;FII SUNO CRI;SUNO RECEBÍVEIS IMOBILIÁRIOS FUNDO DE INVESTIMENTO IMOBILIÁRIO RESPONSABILIDADE LIMITADA;NÃO;classe_exata;1.0;Alta;1317;41.076.710/0001-82;321073;FII;SUNO RECEBÍVEIS IMOBILIÁRIOS FUNDO DE INVESTIMENTO IMOBILIÁRIO RESPONSABILIDADE LIMITADA;Em Funcionamento Normal;2021-06-17;;BTG PACTUAL SERVIÇOS FINANCEIROS S/A DTVM;SUNO GESTORA DE RECURSOS LTDA;410750905.07;2025-05-31;34574;41.076.710/0001-82;7340;Classes de Cotas de Fundos FII;SUNO RECEBÍVEIS IMOBILIÁRIOS FUNDO DE INVESTIMENTO IMOBILIÁRIO RESPONSABILIDADE LIMITADA;Em Funcionamento Normal;;Fechado;;409411257.92;2026-03-31;ERNST & YOUNG AUDITORES INDEPENDENTES S/S LTDA.;BANCO BTG PACTUAL S/A;;;;;;;;;;;;sem_inf_diario_202605
SPMO;SPMO11;FII SUPREMO;SUPREMO FUNDO DE INVESTIMENTO IMOBILIÁRIO;NÃO;classe_exata;1.0;Alta;1295;40.225.262/0001-79;321001;FII;SUPREMO FUNDO DE INVESTIMENTO IMOBILIÁRIO;Em Funcionamento Normal;2021-01-04;;BR-CAPITAL DTVM S.A.;BR-CAPITAL DTVM S.A.;244006871.63;2025-05-31;34562;40.225.262/0001-79;10871;Classes de Cotas de Fundos FII;SUPREMO FUNDO DE INVESTIMENTO IMOBILIÁRIO;Em Funcionamento Normal;;Fechado;;299503520.60;2026-03-31;ECOVIS WFA AUDITORES INDEPENDENTES S/S;;;;;;;;;;;;;sem_inf_diario_202605
TELD;TELD11;FII TELLUS;TELLUS DESENVOLVIMENTO LOGÍSTICO - FUNDO DE INVESTIMENTO IMOBILIÁRIO RESPONSABILIDADE LIMITADA;NÃO;classe_exata;1.0;Alta;1166;36.200.701/0001-11;320019;FII;TELLUS DESENVOLVIMENTO LOGÍSTICO - FUNDO DE INVESTIMENTO IMOBILIÁRIO RESPONSABILIDADE LIMITADA;Em Funcionamento Normal;2020-02-20;;BRL TRUST DISTRIBUIDORA DE TITULOS E VALORES MOBILIARIOS S.A.;TELLUS INVESTIMENTOS E  CONSULTORIA LTDA.;11426997.52;2025-05-31;34476;36.200.701/0001-11;6378;Classes de Cotas de Fundos FII;TELLUS DESENVOLVIMENTO LOGÍSTICO - FUNDO DE INVESTIMENTO IMOBILIÁRIO RESPONSABILIDADE LIMITADA;Em Funcionamento Normal;;Fechado;;11645677.23;2026-03-31;PRICEWATERHOUSECOOPERS AUDITORES INDEPENDENTES LTDA.;BRL TRUST DISTRIBUIDORA DE TITULOS E VALORES MOBILIARIOS S.A.;;;;;;;;;;;;sem_inf_diario_202605
TELM;TELM11;FII TELM;TELLUS MULTIESTRATÉGIA - FII FUNDO DE INVESTIMENTO IMOBILIÁRIO RESPONSABILIDADE LIMITADA;NÃO;classe_exata;1.0;Alta;1524;45.188.099/0001-35;322124;FII;TELLUS MULTIESTRATÉGIA - FII FUNDO DE INVESTIMENTO IMOBILIÁRIO RESPONSABILIDADE LIMITADA;Em Funcionamento Normal;2022-09-29;;BTG PACTUAL SERVIÇOS FINANCEIROS S/A DTVM;TELLUS INVESTIMENTOS E  CONSULTORIA LTDA.;21074797.54;2025-03-31;34710;45.188.099/0001-35;5150;Classes de Cotas de Fundos FII;TELLUS MULTIESTRATÉGIA - FII FUNDO DE INVESTIMENTO IMOBILIÁRIO RESPONSABILIDADE LIMITADA;Em Funcionamento Normal;;Fechado;;31249730.21;2026-03-31;;BANCO BTG PACTUAL S/A;;;;;;;;;;;;sem_inf_diario_202605
TEPP;TEPP11;FII TEL PROP;TELLUS PROPERTIES - FUNDO DE INVESTIMENTO IMOBILIÁRIO - RESPONSABILIDADE LIMITADA;NÃO;classe_exata;1.0;Alta;866;26.681.370/0001-25;316056;FII;TELLUS PROPERTIES - FUNDO DE INVESTIMENTO IMOBILIÁRIO - RESPONSABILIDADE LIMITADA;Em Funcionamento Normal;2016-12-12;;BTG PACTUAL SERVIÇOS FINANCEIROS S/A DTVM;TELLUS INVESTIMENTOS E  CONSULTORIA LTDA.;416848811.93;2025-01-31;34293;26.681.370/0001-25;4022;Classes de Cotas de Fundos FII;TELLUS PROPERTIES - FUNDO DE INVESTIMENTO IMOBILIÁRIO - RESPONSABILIDADE LIMITADA;Em Funcionamento Normal;;Fechado;;480708770.91;2026-03-31;ERNST & YOUNG AUDITORES INDEPENDENTES S/S LTDA.;BANCO BTG PACTUAL S/A;;;;;;;;;;;;sem_inf_diario_202605
TRBL;TRBL11;FII SDI LOG;TELLUS RIO BRAVO RENDA LOGÍSTICA FUNDO DE INVESTIMENTO IMOBILIÁRIO DE RESPONSABILIDADE LIMITADA;NÃO;classe_exata;1.0;Alta;627;16.671.412/0001-93;312037;FII;TELLUS RIO BRAVO RENDA LOGÍSTICA FUNDO DE INVESTIMENTO IMOBILIÁRIO DE RESPONSABILIDADE LIMITADA;Em Funcionamento Normal;2012-11-16;;RIO BRAVO INVESTIMENTOS - DISTRIBUIDORA DE TITULOS E VALORES MOBILIARIOS LTDA;RIO BRAVO INVESTIMENTOS LTDA;673908473.91;2025-05-31;34161;16.671.412/0001-93;9377;Classes de Cotas de Fundos FII;TELLUS RIO BRAVO RENDA LOGÍSTICA FUNDO DE INVESTIMENTO IMOBILIÁRIO DE RESPONSABILIDADE LIMITADA;Em Funcionamento Normal;;Fechado;;625325727.60;2026-03-31;KPMG AUDITORES INDEPENDENTES LTDA.;ITAU UNIBANCO S.A.;;;;;;;;;;;;sem_inf_diario_202605
NAUI;NAUI11;FII NAUI;TEN DESENVOLVIMENTO FUNDO DE INVESTIMENTO IMOBILIÁRIO RESPONSABILIDADE LIMITADA;NÃO;classe_exata;1.0;Alta;1608;49.649.500/0001-48;323014;FII;TEN DESENVOLVIMENTO FUNDO DE INVESTIMENTO IMOBILIÁRIO RESPONSABILIDADE LIMITADA;Em Funcionamento Normal;2023-02-17;;VORTX DISTRIBUIDORA DE TITULOS E VALORES MOBILIARIOS LTDA.;ASTOR GESTÃO DE RECURSOS LTDA;18993553.34;2025-05-31;34759;49.649.500/0001-48;11789;Classes de Cotas de Fundos FII;TEN DESENVOLVIMENTO FUNDO DE INVESTIMENTO IMOBILIÁRIO RESPONSABILIDADE LIMITADA;Em Funcionamento Normal;;Fechado;;22585054.27;2026-03-31;PRICEWATERHOUSECOOPERS AUDITORES INDEPENDENTES LTDA.;VORTX DISTRIBUIDORA DE TITULOS E VALORES MOBILIARIOS LTDA.;nome_fuzzy_0.89;21.826.249/0001-20;CANCELADA;;;;;;;;;sem_inf_diario_202605
TRPL;TRPL11;FII TRPL;TERRAS PAULISTAS FUNDO DE  INVESTIMENTO IMOBILIÁRIO DE PERMUTAS RESPONSABILIDADE LIMITADA;NÃO;classe_exata;1.0;Alta;2244;63.320.393/0001-30;325216;FII;TERRAS PAULISTAS FUNDO DE  INVESTIMENTO IMOBILIÁRIO DE PERMUTAS RESPONSABILIDADE LIMITADA;Em Funcionamento Normal;2025-10-22;;ID CORRETORA DE TITULOS E VALORES MOBILIARIOS S.A.;PATAGÔNIA CAPITAL GESTORA DE RECURSOS LTDA.;;;35272;63.320.393/0001-30;13544;Classes de Cotas de Fundos FII;TERRAS PAULISTAS FUNDO DE  INVESTIMENTO IMOBILIÁRIO DE PERMUTAS RESPONSABILIDADE LIMITADA;Em Funcionamento Normal;;;;6444080.33;2026-03-31;NEXT AUDITORES INDEPENDENTES S/S LTDA.;ID CORRETORA DE TITULOS E VALORES MOBILIARIOS S.A.;;;;;;;;;;;;sem_inf_diario_202605
TVOI;TVOI11;FII TVOI;TIVIO OPPORTUNITIES IPCA - FUNDO DE INVESTIMENTO IMOBILIÁRIO - RESPONSABILIDADE LIMITADA;NÃO;classe_exata;1.0;Alta;2225;63.009.499/0001-18;325197;FII;TIVIO OPPORTUNITIES IPCA - FUNDO DE INVESTIMENTO IMOBILIÁRIO - RESPONSABILIDADE LIMITADA;Em Funcionamento Normal;2025-10-02;;BEM - DISTRIBUIDORA DE TITULOS E VALORES MOBILIARIOS LTDA.;TIVIO CAPITAL DISTRIBUIDORA DE TITULOS E VALORES MOBILIARIOS S.A.;;;35253;63.009.499/0001-18;13340;Classes de Cotas de Fundos FII;TIVIO OPPORTUNITIES IPCA - FUNDO DE INVESTIMENTO IMOBILIÁRIO - RESPONSABILIDADE LIMITADA;Em Funcionamento Normal;;Fechado;;305094993.35;2026-03-31;PRICEWATERHOUSECOOPERS AUDITORES INDEPENDENTES LTDA.;BANCO BRADESCO S.A.;;;;;;;;;;;;sem_inf_diario_202605
TIOM;TIOM11;FII TIOM;TIVIO OPPORTUNITIES MASTER FUNDO DE INVESTIMENTO IMOBILIÁRIO - RESPONSABILIDADE LIMITADA;NÃO;classe_exata;1.0;Alta;2253;63.420.458/0001-10;325225;FII;TIVIO OPPORTUNITIES MASTER FUNDO DE INVESTIMENTO IMOBILIÁRIO - RESPONSABILIDADE LIMITADA;Em Funcionamento Normal;2025-10-29;;BEM - DISTRIBUIDORA DE TITULOS E VALORES MOBILIARIOS LTDA.;TIVIO CAPITAL DISTRIBUIDORA DE TITULOS E VALORES MOBILIARIOS S.A.;;;35279;63.420.458/0001-10;13633;Classes de Cotas de Fundos FII;TIVIO OPPORTUNITIES MASTER FUNDO DE INVESTIMENTO IMOBILIÁRIO - RESPONSABILIDADE LIMITADA;Em Funcionamento Normal;;;;389893321.77;2026-03-31;PRICEWATERHOUSECOOPERS AUDITORES INDEPENDENTES LTDA.;BANCO BRADESCO S.A.;;;;;;;;;;;;sem_inf_diario_202605
TVRI;TVRI11;FII TIVIO RI;TIVIO RENDA IMOBILIÁRIA FUNDO DE INVESTIMENTO IMOBILIÁRIO RESPONSABILIDADE LIMITADA;NÃO;classe_exata;1.0;Alta;584;14.410.722/0001-29;312025;FII;TIVIO RENDA IMOBILIÁRIA FUNDO DE INVESTIMENTO IMOBILIÁRIO RESPONSABILIDADE LIMITADA;Em Funcionamento Normal;2012-08-23;;BEM - DISTRIBUIDORA DE TITULOS E VALORES MOBILIARIOS LTDA.;TIVIO CAPITAL DISTRIBUIDORA DE TITULOS E VALORES MOBILIARIOS S.A.;1614021771.69;2024-11-30;34137;14.410.722/0001-29;3670;Classes de Cotas de Fundos FII;TIVIO RENDA IMOBILIÁRIA FUNDO DE INVESTIMENTO IMOBILIÁRIO RESPONSABILIDADE LIMITADA;Em Funcionamento Normal;;Fechado;;1658717579.19;2026-03-31;PRICEWATERHOUSECOOPERS AUDITORES INDEPENDENTES LTDA.;BANCO BRADESCO S.A.;;;;;;;;;;;;sem_inf_diario_202605
VOTS;VOTS11;FII V MASTER;TIVIO SECURITIES FUNDO DE INVESTIMENTO IMOBILIÁRIO RESPONSABILIDADE LIMITADA;NÃO;classe_exata;1.0;Alta;685;17.870.926/0001-30;318011;FII;TIVIO SECURITIES FUNDO DE INVESTIMENTO IMOBILIÁRIO RESPONSABILIDADE LIMITADA;Em Funcionamento Normal;2018-03-14;;BEM - DISTRIBUIDORA DE TITULOS E VALORES MOBILIARIOS LTDA.;TIVIO CAPITAL DISTRIBUIDORA DE TITULOS E VALORES MOBILIARIOS S.A.;75312603.17;2025-04-30;34189;17.870.926/0001-30;6076;Classes de Cotas de Fundos FII;TIVIO SECURITIES FUNDO DE INVESTIMENTO IMOBILIÁRIO RESPONSABILIDADE LIMITADA;Em Funcionamento Normal;;Fechado;;77068514.03;2026-03-31;PRICEWATERHOUSECOOPERS AUDITORES INDEPENDENTES LTDA.;BANCO BRADESCO S.A.;;;;;;;;;;;;sem_inf_diario_202605
TJKB;TJKB11;FII TJK REND;TJK RENDA IMOBILIÁRIA FUNDO DE INVESTIMENTO IMOBILIÁRIO - RESPONSABILIDADE LIMITADA;NÃO;classe_exata;1.0;Alta;1265;39.714.024/0001-48;320110;FII;TJK RENDA IMOBILIÁRIA FUNDO DE INVESTIMENTO IMOBILIÁRIO - RESPONSABILIDADE LIMITADA;Em Funcionamento Normal;2020-11-09;;BR-CAPITAL DTVM S.A.;BR-CAPITAL DTVM S.A.;307701698.01;2025-05-31;34543;39.714.024/0001-48;10774;Classes de Cotas de Fundos FII;TJK RENDA IMOBILIÁRIA FUNDO DE INVESTIMENTO IMOBILIÁRIO - RESPONSABILIDADE LIMITADA;Em Funcionamento Normal;;Fechado;;604559582.47;2026-03-31;CROWE MACRO AUDITORES INDEPENDENTES SOCIEDADE SIMPLES;;;;;;;;;;;;;sem_inf_diario_202605
TORD;TORD11;FII TORDE EI;TORDESILHAS EI FUNDO DE INVESTIMENTO IMOBILIÁRIO RESPONSABILIDADE LIMITADA;NÃO;classe_exata;1.0;Alta;972;30.230.870/0001-18;319044;FII;TORDESILHAS EI FUNDO DE INVESTIMENTO IMOBILIÁRIO RESPONSABILIDADE LIMITADA;Em Funcionamento Normal;2019-08-28;;VORTX DISTRIBUIDORA DE TITULOS E VALORES MOBILIARIOS LTDA.;R CAPITAL ASSET MANAGEMENT INVESTIMENTOS S.A.;208995420.04;2025-05-31;34343;30.230.870/0001-18;10430;Classes de Cotas de Fundos FII;TORDESILHAS EI FUNDO DE INVESTIMENTO IMOBILIÁRIO RESPONSABILIDADE LIMITADA;Em Funcionamento Normal;;Fechado;;212583174.34;2026-03-31;CONATUS AUDITORES INDEPENDENTES S/S;VORTX DISTRIBUIDORA DE TITULOS E VALORES MOBILIARIOS LTDA.;;;;;;;;;;;;sem_inf_diario_202605
TSNC;TSNC11;FII TRANSINC;TRANSINC FUNDO DE INVESTIMENTO IMOBILIÁRIO RESPONSABILIDADE LIMITADA;NÃO;classe_exata;1.0;Alta;645;17.007.443/0001-07;313033;FII;TRANSINC FUNDO DE INVESTIMENTO IMOBILIÁRIO RESPONSABILIDADE LIMITADA;Em Funcionamento Normal;2013-08-05;;BTG PACTUAL SERVIÇOS FINANCEIROS S/A DTVM;CIX CAPITAL GESTÃO DE ATIVOS LTDA.;86876254.28;2025-05-31;34169;17.007.443/0001-07;7005;Classes de Cotas de Fundos FII;TRANSINC FUNDO DE INVESTIMENTO IMOBILIÁRIO RESPONSABILIDADE LIMITADA;Em Funcionamento Normal;;Fechado;;85756373.13;2026-03-31;GRANT THORNTON AUDITORES INDEPENDENTES LTDA.;BANCO BTG PACTUAL S/A;;;;;;;;;;;;sem_inf_diario_202605
TCPF;TCPF11;FII TREECORP;TREECORP REAL ESTATE FII - RESPONSABILIDADE LIMITADA;NÃO;classe_exata;1.0;Alta;874;26.990.011/0001-50;317011;FII;TREECORP REAL ESTATE FII - RESPONSABILIDADE LIMITADA;Em Funcionamento Normal;2017-03-03;;BR-CAPITAL DTVM S.A.;TREECORP PARTNERS GESTORA LTDA;29960088.72;2025-05-31;34297;26.990.011/0001-50;9784;Classes de Cotas de Fundos FII;TREECORP REAL ESTATE FII - RESPONSABILIDADE LIMITADA;Em Funcionamento Normal;;Fechado;;29569867.67;2026-03-31;ECOVIS WFA AUDITORES INDEPENDENTES S/S;BR-CAPITAL DTVM S.A.;;;;;;;;;;;;sem_inf_diario_202605
TRXY;TRXY11;FII TRXY;TRX HEDGE FUND FUNDO DE INVESTIMENTO IMOBILIÁRIO - RESPONSABILIDADE LIMITADA;NÃO;classe_exata;1.0;Alta;1474;43.985.938/0001-10;322157;FII;TRX HEDGE FUND FUNDO DE INVESTIMENTO IMOBILIÁRIO - RESPONSABILIDADE LIMITADA;Em Funcionamento Normal;2022-12-09;;BRL TRUST DISTRIBUIDORA DE TITULOS E VALORES MOBILIARIOS S.A.;TRX GESTORA DE RECURSOS LTDA;33534048.66;2025-04-30;34676;43.985.938/0001-10;6947;Classes de Cotas de Fundos FII;TRX HEDGE FUND FUNDO DE INVESTIMENTO IMOBILIÁRIO - RESPONSABILIDADE LIMITADA;Em Funcionamento Normal;;Fechado;;316100483.82;2026-03-31;BAKER TILLY 4PARTNERS AUDITORES INDEPENDENTES LTDA.;BRL TRUST DISTRIBUIDORA DE TITULOS E VALORES MOBILIARIOS S.A.;;;;;;;;;;;;sem_inf_diario_202605
TRXF;TRXF11;FII TRX REAL;TRX REAL ESTATE FUNDO DE INVESTIMENTO IMOBILIÁRIO RESPONSABILIDADE LIMITADA;NÃO;classe_exata;1.0;Alta;938;28.548.288/0001-52;317065;FII;TRX REAL ESTATE FUNDO DE INVESTIMENTO IMOBILIÁRIO RESPONSABILIDADE LIMITADA;Em Funcionamento Normal;2017-09-01;;BRL TRUST DISTRIBUIDORA DE TITULOS E VALORES MOBILIARIOS S.A.;TRX GESTORA DE RECURSOS LTDA;2055858877.40;2025-05-31;34320;28.548.288/0001-52;7919;Classes de Cotas de Fundos FII;TRX REAL ESTATE FUNDO DE INVESTIMENTO IMOBILIÁRIO RESPONSABILIDADE LIMITADA;Em Funcionamento Normal;;Fechado;;6241874154.24;2026-03-31;ERNST & YOUNG AUDITORES INDEPENDENTES S/S LTDA.;BRL TRUST DISTRIBUIDORA DE TITULOS E VALORES MOBILIARIOS S.A.;;;;;;;;;;;;sem_inf_diario_202605
TRXB;TRXB11;FII TRX R II;TRX REAL ESTATE II FUNDO DE INVESTIMENTO IMOBILIÁRIO - RESPONSABILIDADE LIMITADA;NÃO;classe_exata;1.0;Alta;1176;36.368.925/0001-37;320023;FII;TRX REAL ESTATE II FUNDO DE INVESTIMENTO IMOBILIÁRIO - RESPONSABILIDADE LIMITADA;Em Funcionamento Normal;2020-03-06;;BRL TRUST DISTRIBUIDORA DE TITULOS E VALORES MOBILIARIOS S.A.;TRX GESTORA DE RECURSOS LTDA;360419774.92;2025-05-31;34482;36.368.925/0001-37;8087;Classes de Cotas de Fundos FII;TRX REAL ESTATE II FUNDO DE INVESTIMENTO IMOBILIÁRIO - RESPONSABILIDADE LIMITADA;Em Funcionamento Normal;;Fechado;;401317527.44;2026-03-31;ERNST & YOUNG AUDITORES INDEPENDENTES S/S LTDA.;BRL TRUST DISTRIBUIDORA DE TITULOS E VALORES MOBILIARIOS S.A.;;;;;;;;;;;;sem_inf_diario_202605
MGHT;MGHT11;FII MOGNO HT;TZDK FUNDO DE INVESTIMENTO IMOBILIÁRIORESPONSABILIDADE LIMITADA;NÃO;classe_exata;1.0;Alta;1088;34.197.776/0001-65;319076;FII;TZDK FUNDO DE INVESTIMENTO IMOBILIÁRIORESPONSABILIDADE LIMITADA;Em Funcionamento Normal;2019-11-14;;BTG PACTUAL SERVIÇOS FINANCEIROS S/A DTVM;IGUANA INVESTIMENTOS LTDA.;34800687.17;2025-04-30;34424;34.197.776/0001-65;5835;Classes de Cotas de Fundos FII;TZDK FUNDO DE INVESTIMENTO IMOBILIÁRIORESPONSABILIDADE LIMITADA;Em Funcionamento Normal;;Fechado;;30149340.94;2026-03-31;PRICEWATERHOUSECOOPERS AUDITORES INDEPENDENTES LTDA.;BANCO BTG PACTUAL S/A;;;;;;;;;;;;sem_inf_diario_202605
URHF;URHF11;FII URHF;URCA HEDGE FUND ESTRATÉGIA IMOBILIÁRIA FUNDO DE INVESTIMENTO IMOBILIÁRIO - RESPONSABILIDADE LIMITADA;NÃO;classe_exata;1.0;Alta;1740;52.649.350/0001-87;323145;FII;URCA HEDGE FUND ESTRATÉGIA IMOBILIÁRIA FUNDO DE INVESTIMENTO IMOBILIÁRIO - RESPONSABILIDADE LIMITADA;Em Funcionamento Normal;2023-10-24;;BANCO DAYCOVAL S.A.;URCA GESTÃO DE RECURSOS LTDA.;10798853.62;2024-09-30;34854;52.649.350/0001-87;124;Classes de Cotas de Fundos FII;URCA HEDGE FUND ESTRATÉGIA IMOBILIÁRIA FUNDO DE INVESTIMENTO IMOBILIÁRIO - RESPONSABILIDADE LIMITADA;Em Funcionamento Normal;;Fechado;;10704931.85;2026-03-31;RSM BRASIL AUDITORES INDEPENDENTES LTDA.;BANCO DAYCOVAL S.A.;;;;;;;;;;;;sem_inf_diario_202605
URPR;URPR11;FII URCA REN;URCA PRIME RENDA FUNDO DE INVESTIMENTO IMOBILIÁRIO - FII;NÃO;classe_exata;1.0;Alta;1093;34.508.872/0001-87;319086;FII;URCA PRIME RENDA FUNDO DE INVESTIMENTO IMOBILIÁRIO - FII;Em Funcionamento Normal;2019-12-03;;VORTX DISTRIBUIDORA DE TITULOS E VALORES MOBILIARIOS LTDA.;URCA GESTÃO DE RECURSOS LTDA.;1179237639.57;2025-05-31;34426;34.508.872/0001-87;10545;Classes de Cotas de Fundos FII;URCA PRIME RENDA FUNDO DE INVESTIMENTO IMOBILIÁRIO - FII;Em Funcionamento Normal;;Fechado;;1054383510.40;2026-03-31;NEXT AUDITORES INDEPENDENTES S/S LTDA.;VORTX DISTRIBUIDORA DE TITULOS E VALORES MOBILIARIOS LTDA.;;;;;;;;;;;;sem_inf_diario_202605
VVCO;VVCO11;FII V2EDCORP;V2 EDIFÍCIOS CORPORATIVOS FUNDO DE INVESTIMENTO IMOBILIÁRIO RESPONSABILIDADE LIMITADA;NÃO;classe_exata;1.0;Alta;601;15.006.267/0001-63;312035;FII;V2 EDIFÍCIOS CORPORATIVOS FUNDO DE INVESTIMENTO IMOBILIÁRIO RESPONSABILIDADE LIMITADA;Em Funcionamento Normal;2012-11-08;;BTG PACTUAL SERVIÇOS FINANCEIROS S/A DTVM;V2 INVESTIMENTOS LTDA;143618024.44;2025-04-30;34145;15.006.267/0001-63;5991;Classes de Cotas de Fundos FII;V2 EDIFÍCIOS CORPORATIVOS FUNDO DE INVESTIMENTO IMOBILIÁRIO RESPONSABILIDADE LIMITADA;Em Funcionamento Normal;;Fechado;;144408077.17;2026-03-31;PRICEWATERHOUSECOOPERS AUDITORES INDEPENDENTES LTDA.;BANCO BTG PACTUAL S/A;;;;;;;;;;;;sem_inf_diario_202605
VVMR;VVMR11;FII MULT REN;V2 MULTI RENDA FUNDO DE INVESTIMENTO IMOBILIÁRIO RESPONSABILIDADE LIMITADA;NÃO;classe_exata;1.0;Alta;995;30.871.698/0001-81;318038;FII;V2 MULTI RENDA FUNDO DE INVESTIMENTO IMOBILIÁRIO RESPONSABILIDADE LIMITADA;Em Funcionamento Normal;2018-08-17;;BRL TRUST DISTRIBUIDORA DE TITULOS E VALORES MOBILIARIOS S.A.;V2 INVESTIMENTOS LTDA;302698032.13;2025-05-31;34361;30.871.698/0001-81;7951;Classes de Cotas de Fundos FII;V2 MULTI RENDA FUNDO DE INVESTIMENTO IMOBILIÁRIO RESPONSABILIDADE LIMITADA;Em Funcionamento Normal;;Fechado;;240422038.19;2026-03-31;BAKER TILLY 4PARTNERS AUDITORES INDEPENDENTES LTDA.;BRL TRUST DISTRIBUIDORA DE TITULOS E VALORES MOBILIARIOS S.A.;;;;;;;;;;;;sem_inf_diario_202605
VPPR;VPPR11;FII V2 PRIME;V2 PRIME PROPERTIES FUNDO DE INVESTIMENTO IMOBILIÁRIO - FII - RESPONSABILIDADE LIMITADA;NÃO;classe_exata;1.0;Alta;989;30.654.849/0001-40;318049;FII;V2 PRIME PROPERTIES FUNDO DE INVESTIMENTO IMOBILIÁRIO - FII - RESPONSABILIDADE LIMITADA;Em Funcionamento Normal;2018-09-20;;VORTX DISTRIBUIDORA DE TITULOS E VALORES MOBILIARIOS LTDA.;V2 INVESTIMENTOS LTDA;294470192.55;2025-05-31;34357;30.654.849/0001-40;10243;Classes de Cotas de Fundos FII;V2 PRIME PROPERTIES FUNDO DE INVESTIMENTO IMOBILIÁRIO - FII - RESPONSABILIDADE LIMITADA;Em Funcionamento Normal;;Fechado;;302672656.15;2026-03-31;PRICEWATERHOUSECOOPERS AUDITORES INDEPENDENTES LTDA.;VORTX DISTRIBUIDORA DE TITULOS E VALORES MOBILIARIOS LTDA.;;;;;;;;;;;;sem_inf_diario_202605
VVCR;VVCR11;FII V2 RECE;V2 RECEBÍVEIS IMOBILIÁRIOS FUNDO DE INVESTIMENTO IMOBILIÁRIO RESPONSABILIDADE LIMITADA;NÃO;classe_exata;1.0;Alta;795;23.120.027/0001-13;317094;FII;V2 RECEBÍVEIS IMOBILIÁRIOS FUNDO DE INVESTIMENTO IMOBILIÁRIO RESPONSABILIDADE LIMITADA;Em Funcionamento Normal;2017-12-28;;BTG PACTUAL SERVIÇOS FINANCEIROS S/A DTVM;V2 INVESTIMENTOS LTDA;78742792.82;2025-04-30;34255;23.120.027/0001-13;6289;Classes de Cotas de Fundos FII;V2 RECEBÍVEIS IMOBILIÁRIOS FUNDO DE INVESTIMENTO IMOBILIÁRIO RESPONSABILIDADE LIMITADA;Em Funcionamento Normal;;Fechado;;190415915.65;2026-03-31;PRICEWATERHOUSECOOPERS AUDITORES INDEPENDENTES LTDA.;BANCO BTG PACTUAL S/A;nome_fuzzy_0.85;13.811.400/0001-29;CANCELADA;;;;;;;;;sem_inf_diario_202605
VVRI;VVRI11;FII V2 RENDA;V2 RENDA IMOBILIÁRIA FUNDO DE INVESTIMENTO IMOBILIÁRIO RESPONSABILIDADE LIMITADA;NÃO;classe_exata;1.0;Alta;1598;49.184.940/0001-77;323003;FII;V2 RENDA IMOBILIÁRIA FUNDO DE INVESTIMENTO IMOBILIÁRIO RESPONSABILIDADE LIMITADA;Em Funcionamento Normal;2023-01-13;;BTG PACTUAL SERVIÇOS FINANCEIROS S/A DTVM;V2 INVESTIMENTOS LTDA;77072610.78;2025-04-30;34755;49.184.940/0001-77;6467;Classes de Cotas de Fundos FII;V2 RENDA IMOBILIÁRIA FUNDO DE INVESTIMENTO IMOBILIÁRIO RESPONSABILIDADE LIMITADA;Em Funcionamento Normal;;Fechado;;151717299.98;2026-03-31;;BANCO BTG PACTUAL S/A;nome_exato;29.324.723/0001-28;CANCELADA;;;;;;;;;sem_inf_diario_202605
VGRM;VGRM11;FII VGRM;VALORA CRI CDI FLUXO MENSAL MARÇO 26 FEEDER FUNDO DE INVESTIMENTO IMOBILIÁRIO RESPONSABILIDADE LIMIT;NÃO;classe_exata;1.0;Alta;2304;63.946.968/0001-25;325277;FII;VALORA CRI CDI FLUXO MENSAL MARÇO 26 FEEDER FUNDO DE INVESTIMENTO IMOBILIÁRIO RESPONSABILIDADE LIMIT;Em Funcionamento Normal;2025-12-05;;BANCO DAYCOVAL S.A.;VALORA IMOBILIÁRIO E INFRAESTRUTURA LTDA.;;;35330;63.946.968/0001-25;14303;Classes de Cotas de Fundos FII;VALORA CRI CDI FLUXO MENSAL MARÇO 26 FEEDER FUNDO DE INVESTIMENTO IMOBILIÁRIO RESPONSABILIDADE LIMIT;Em Funcionamento Normal;;Fechado;;377542610.33;2026-03-31;ERNST & YOUNG AUDITORES INDEPENDENTES S/S LTDA.;BANCO DAYCOVAL S.A.;;;;;;;;;;;;sem_inf_diario_202605
VGIR;VGIR11;FII VALREIII;VALORA CRI CDI FUNDO DE INVESTIMENTO IMOBILIÁRIO - FII RESPONSABILIDADE LIMITADA;NÃO;classe_exata;1.0;Alta;962;29.852.732/0001-91;318010;FII;VALORA CRI CDI FUNDO DE INVESTIMENTO IMOBILIÁRIO - FII RESPONSABILIDADE LIMITADA;Em Funcionamento Normal;2018-03-13;;BTG PACTUAL SERVIÇOS FINANCEIROS S/A DTVM;VALORA IMOBILIÁRIO E INFRAESTRUTURA LTDA.;1425749398.15;2025-05-31;34335;29.852.732/0001-91;7218;Classes de Cotas de Fundos FII;VALORA CRI CDI FUNDO DE INVESTIMENTO IMOBILIÁRIO - FII RESPONSABILIDADE LIMITADA;Em Funcionamento Normal;;Fechado;;1432131432.70;2026-03-31;ERNST & YOUNG AUDITORES INDEPENDENTES S/S LTDA.;BANCO BTG PACTUAL S/A;;;;;;;;;;;;sem_inf_diario_202605
VGIP;VGIP11;FII VALORAIP;VALORA CRI ÍNDICE DE PREÇO FUNDO DE INVESTIMENTO IMOBILIÁRIO - FII RESPONSABILIDADE LIMITADA;NÃO;classe_exata;1.0;Alta;1089;34.197.811/0001-46;320001;FII;VALORA CRI ÍNDICE DE PREÇO FUNDO DE INVESTIMENTO IMOBILIÁRIO - FII RESPONSABILIDADE LIMITADA;Em Funcionamento Normal;2020-01-03;;BTG PACTUAL SERVIÇOS FINANCEIROS S/A DTVM;VALORA IMOBILIÁRIO E INFRAESTRUTURA LTDA.;1062931225.63;2025-05-31;34425;34.197.811/0001-46;7269;Classes de Cotas de Fundos FII;VALORA CRI ÍNDICE DE PREÇO FUNDO DE INVESTIMENTO IMOBILIÁRIO - FII RESPONSABILIDADE LIMITADA;Em Funcionamento Normal;;Fechado;;1074809310.75;2026-03-31;PRICEWATERHOUSECOOPERS AUDITORES INDEPENDENTES LTDA.;BANCO BTG PACTUAL S/A;;;;;;;;;;;;sem_inf_diario_202605
VGII;VGII11;FII VGII;VALORA CRI INFRA II FUNDO DE INVESTIMENTO IMOBILIÁRIO DE RESPONSABILIDADE LIMITADA;NÃO;classe_exata;1.0;Alta;1741;52.649.680/0001-72;323146;FII;VALORA CRI INFRA II FUNDO DE INVESTIMENTO IMOBILIÁRIO DE RESPONSABILIDADE LIMITADA;Em Funcionamento Normal;2023-10-24;;BANCO DAYCOVAL S.A.;VALORA IMOBILIÁRIO E INFRAESTRUTURA LTDA.;49939658.26;2024-09-30;34855;52.649.680/0001-72;132;Classes de Cotas de Fundos FII;VALORA CRI INFRA II FUNDO DE INVESTIMENTO IMOBILIÁRIO DE RESPONSABILIDADE LIMITADA;Em Funcionamento Normal;;Fechado;;37631495.96;2026-03-31;RSM BRASIL AUDITORES INDEPENDENTES LTDA.;BANCO DAYCOVAL S.A.;;;;;;;;;;;;sem_inf_diario_202605
VGHF;VGHF11;FII VALOR HE;VALORA HEDGE FUND FUNDO DE INVESTIMENTO IMOBILIÁRIO DE RESPONSABILIDADE LIMITADA;NÃO;classe_exata;1.0;Alta;1207;36.771.692/0001-19;320086;FII;VALORA HEDGE FUND FUNDO DE INVESTIMENTO IMOBILIÁRIO DE RESPONSABILIDADE LIMITADA;Em Funcionamento Normal;2020-09-28;;BANCO DAYCOVAL S.A.;VALORA IMOBILIÁRIO E INFRAESTRUTURA LTDA.;1408483660.34;2025-05-31;34505;36.771.692/0001-19;8648;Classes de Cotas de Fundos FII;VALORA HEDGE FUND FUNDO DE INVESTIMENTO IMOBILIÁRIO DE RESPONSABILIDADE LIMITADA;Em Funcionamento Normal;;Fechado;;1424582533.58;2026-03-31;PRICEWATERHOUSECOOPERS AUDITORES INDEPENDENTES LTDA.;BANCO DAYCOVAL S.A.;;;;;;;;;;;;sem_inf_diario_202605
VGRI;VGRI11;FII VGRI;VALORA RENDA IMOBILIÁRIA FUNDO DE  INVESTIMENTO IMOBILIÁRIO RESPONSABILIDADE LIMITADA;NÃO;classe_exata;1.0;Alta;1809;53.656.482/0001-07;324016;FII;VALORA RENDA IMOBILIÁRIA FUNDO DE  INVESTIMENTO IMOBILIÁRIO RESPONSABILIDADE LIMITADA;Em Funcionamento Normal;2024-01-25;;BANCO DAYCOVAL S.A.;VALORA IMOBILIÁRIO E INFRAESTRUTURA LTDA.;341922561.25;2024-09-30;34908;53.656.482/0001-07;930;Classes de Cotas de Fundos FII;VALORA RENDA IMOBILIÁRIA FUNDO DE  INVESTIMENTO IMOBILIÁRIO RESPONSABILIDADE LIMITADA;Em Funcionamento Normal;;Fechado;;306587864.53;2026-03-31;KPMG AUDITORES INDEPENDENTES LTDA.;BANCO DAYCOVAL S.A.;nome_fuzzy_0.86;28.090.655/0001-17;CANCELADA;;;;;;;;;sem_inf_diario_202605
BLMO;BLMO11;FII BLMO VBI;VBI OFFICE FUND II - FUNDO DE INVESTIMENTO IMOBILIÁRIO - RESPONSABILIDADE  LIMITADA;NÃO;classe_exata;1.0;Alta;1116;34.895.894/0001-47;319087;FII;VBI OFFICE FUND II - FUNDO DE INVESTIMENTO IMOBILIÁRIO - RESPONSABILIDADE  LIMITADA;Em Funcionamento Normal;2019-12-04;;BRL TRUST DISTRIBUIDORA DE TITULOS E VALORES MOBILIARIOS S.A.;PÁTRIA VBI ASSET MANAGEMENT LTDA.;104439245.82;2025-05-31;34441;34.895.894/0001-47;8028;Classes de Cotas de Fundos FII;VBI OFFICE FUND II - FUNDO DE INVESTIMENTO IMOBILIÁRIO - RESPONSABILIDADE  LIMITADA;Em Funcionamento Normal;;Fechado;;98323741.33;2026-03-31;ERNST & YOUNG AUDITORES INDEPENDENTES S/S LTDA.;BRL TRUST DISTRIBUIDORA DE TITULOS E VALORES MOBILIARIOS S.A.;;;;;;;;;;;;sem_inf_diario_202605
VCJR;VCJR11;FII VECTIS;VECTIS JUROS REAL FUNDO DE INVESTIMENTO IMOBILIÁRIO RESPONSABILIDADE LIMITADA;NÃO;classe_exata;1.0;Alta;1045;32.400.250/0001-05;319043;FII;VECTIS JUROS REAL FUNDO DE INVESTIMENTO IMOBILIÁRIO RESPONSABILIDADE LIMITADA;Em Funcionamento Normal;2019-08-28;;INTRAG DTVM LTDA.;PÁTRIA VBI SECURITIES LTDA.;1382761374.21;2025-04-30;34399;32.400.250/0001-05;5673;Classes de Cotas de Fundos FII;VECTIS JUROS REAL FUNDO DE INVESTIMENTO IMOBILIÁRIO RESPONSABILIDADE LIMITADA;Em Funcionamento Normal;;Fechado;;1387296004.50;2026-03-31;ERNST & YOUNG AUDITORES INDEPENDENTES S/S LTDA.;ITAU UNIBANCO S.A.;;;;;;;;;;;;sem_inf_diario_202605
VLJS;VLJS11;FII VQ LAJES;VECTOR QUELUZ LAJES CORPORATIVAS FUNDO DE INVESTIMENTO IMOBILIARIO;NÃO;classe_exata;1.0;Alta;565;13.842.683/0001-76;313022;FII;VECTOR QUELUZ LAJES CORPORATIVAS FUNDO DE INVESTIMENTO IMOBILIARIO;Em Liquidação;2013-05-14;;PLANNER CORRETORA DE VALORES S.A.;QLZ GESTÃO DE RECURSOS FINANCEIROS LTDA;19703495.21;2025-05-31;34128;13.842.683/0001-76;9253;Classes de Cotas de Fundos FII;VECTOR QUELUZ LAJES CORPORATIVAS FUNDO DE INVESTIMENTO IMOBILIARIO;Em Liquidação;;Fechado;;15709938.77;2026-03-31;CONFIANCE AUDITORES INDEPENDENTES;BANCO BRADESCO S.A.;nome_exato;19.390.695/0001-93;CANCELADA;;;;;;;;;sem_inf_diario_202605
VNSS;VNSS11;FII VNSS;VENUS 11 FUNDO DE INVESTIMENTO EM COTAS DE FUNDO DE INVESTIMENTO IMOBILIÁRIO RESPONSABILIDADE LIMITA;NÃO;classe_exata;1.0;Alta;2306;63.952.812/0001-57;325279;FII;VENUS 11 FUNDO DE INVESTIMENTO EM COTAS DE FUNDO DE INVESTIMENTO IMOBILIÁRIO RESPONSABILIDADE LIMITA;Em Funcionamento Normal;2025-12-05;;INTER DISTRIBUIDORA DE TÍTULOS E VALORES MOBILIÁRIOS;NUMBER ASSET BRASIL LTDA.;;;35332;63.952.812/0001-57;14320;Classes de Cotas de Fundos FII;VENUS 11 FUNDO DE INVESTIMENTO EM COTAS DE FUNDO DE INVESTIMENTO IMOBILIÁRIO RESPONSABILIDADE LIMITA;Em Funcionamento Normal;;Fechado;;50912847.46;2026-03-31;DELOITTE TOUCHE TOHMATSU AUDITORES INDEPENDENTES LTDA.;INTER DISTRIBUIDORA DE TÍTULOS E VALORES MOBILIÁRIOS;;;;;;;;;;;;sem_inf_diario_202605
SALI;SALI11;FII VENUS;VÊNUS FUNDO DE INVESTIMENTO IMOBILIÁRIO RESPONSABILIDADE LIMITADA;NÃO;classe_exata;1.0;Alta;1201;36.669.535/0001-05;320115;FII;VÊNUS FUNDO DE INVESTIMENTO IMOBILIÁRIO RESPONSABILIDADE LIMITADA;Em Funcionamento Normal;2020-11-18;;VORTX DISTRIBUIDORA DE TITULOS E VALORES MOBILIARIOS LTDA.;;7255862.61;2025-05-31;34500;36.669.535/0001-05;10804;Classes de Cotas de Fundos FII;VÊNUS FUNDO DE INVESTIMENTO IMOBILIÁRIO RESPONSABILIDADE LIMITADA;Em Funcionamento Normal;;Fechado;;7537685.07;2026-03-31;UHY BENDORAYTES & CIA AUDITORES INDEPENDENTES;VORTX DISTRIBUIDORA DE TITULOS E VALORES MOBILIARIOS LTDA.;nome_exato;37.433.832/0001-01;CANCELADA;;;;;;;;;sem_inf_diario_202605
VCTH;VCTH11;FII VCTH;VERA CRUZ THREE FUNDO DE INVESTIMENTO IMOBILIÁRIO RESPONSABILIDADE LIMITADA;NÃO;classe_exata;1.0;Alta;1743;52.714.934/0001-99;323148;FII;VERA CRUZ THREE FUNDO DE INVESTIMENTO IMOBILIÁRIO RESPONSABILIDADE LIMITADA;Em Funcionamento Normal;2023-10-30;;BTG PACTUAL SERVIÇOS FINANCEIROS S/A DTVM;VERA CRUZ ASSET MANAGEMENT LTDA.;13308261.95;2024-09-30;34857;52.714.934/0001-99;159;Classes de Cotas de Fundos FII;VERA CRUZ THREE FUNDO DE INVESTIMENTO IMOBILIÁRIO RESPONSABILIDADE LIMITADA;Em Funcionamento Normal;;Fechado;;68352205.61;2026-03-31;ERNST & YOUNG AUDITORES INDEPENDENTES S/S LTDA.;BANCO BTG PACTUAL S/A;;;;;;;;;;;;sem_inf_diario_202605
VSLH;VSLH11;FII VERS CRI;VERSALHES RECEBÍVEIS IMOBILIÁRIOS FUNDO DE INVESTIMENTO IMOBILIÁRIO DE RESPONSABILIDADE LIMITADA;NÃO;classe_exata;1.0;Alta;1167;36.244.015/0001-42;320123;FII;VERSALHES RECEBÍVEIS IMOBILIÁRIOS FUNDO DE INVESTIMENTO IMOBILIÁRIO DE RESPONSABILIDADE LIMITADA;Em Funcionamento Normal;2020-12-04;;VORTX DISTRIBUIDORA DE TITULOS E VALORES MOBILIARIOS LTDA.;R CAPITAL ASSET MANAGEMENT INVESTIMENTOS S.A.;300936070.55;2025-05-31;34477;36.244.015/0001-42;10820;Classes de Cotas de Fundos FII;VERSALHES RECEBÍVEIS IMOBILIÁRIOS FUNDO DE INVESTIMENTO IMOBILIÁRIO DE RESPONSABILIDADE LIMITADA;Em Funcionamento Normal;;Fechado;;305365567.56;2026-03-31;UHY BENDORAYTES & CIA AUDITORES INDEPENDENTES;VORTX DISTRIBUIDORA DE TITULOS E VALORES MOBILIARIOS LTDA.;;;;;;;;;;;;sem_inf_diario_202605
FVPQ;FVPQ11;FII V PARQUE;VIA PARQUE SHOPPING FUNDO DE INVESTIMENTO IMOBILIÁRIO DE RESPONSABILIDADE LIMITADA;NÃO;classe_exata;1.0;Alta;349;332266000131;395001;FII;VIA PARQUE SHOPPING FUNDO DE INVESTIMENTO IMOBILIÁRIO DE RESPONSABILIDADE LIMITADA;Em Funcionamento Normal;1995-02-06;;HEDGE INVESTMENTS DISTRIBUIDORA DE TÍTULOS E VALORES MOBILIÁRIOS LTDA.;HEDGE INVESTMENTS REAL ESTATE GESTÃO DE RECURSOS LTDA.;487629473.79;2025-05-31;34036;332266000131;8907;Classes de Cotas de Fundos FII;VIA PARQUE SHOPPING FUNDO DE INVESTIMENTO IMOBILIÁRIO DE RESPONSABILIDADE LIMITADA;Em Funcionamento Normal;;Fechado;;258449748.92;2026-03-31;KPMG AUDITORES INDEPENDENTES LTDA.;HEDGE INVESTMENTS DISTRIBUIDORA DE TÍTULOS E VALORES MOBILIÁRIOS LTDA.;;;;;;;;;;;;sem_inf_diario_202605
VIDS;VIDS11;FII VIC DES;VIC DESENVOLVIMENTO - VINTAGE 20/21 FUNDO DE INVESTIMENTO IMOBILIÁRIO - RESPONSABILIDADE LIMITADA;NÃO;classe_exata;1.0;Alta;1049;32.527.552/0001-49;319055;FII;VIC DESENVOLVIMENTO - VINTAGE 20/21 FUNDO DE INVESTIMENTO IMOBILIÁRIO - RESPONSABILIDADE LIMITADA;Em Funcionamento Normal;2019-09-19;;BANCO GENIAL S.A.;BTG PACTUAL GESTÃO E CONSULTORIA DE INVESTIMENTOS LTDA;87548453.32;2025-04-30;34401;32.527.552/0001-49;5460;Classes de Cotas de Fundos FII;VIC DESENVOLVIMENTO - VINTAGE 20/21 FUNDO DE INVESTIMENTO IMOBILIÁRIO - RESPONSABILIDADE LIMITADA;Em Funcionamento Normal;;Fechado;;70871916.39;2026-03-31;UHY BENDORAYTES & CIA AUDITORES INDEPENDENTES;BANCO GENIAL S.A.;;;;;;;;;;;;sem_inf_diario_202605
VDSV;VDSV11;FII VIC VIN;VIC DESENVOLVIMENTO VINTAGE 22/23 FUNDO DE INVESTIMENTO IMOBILIÁRIO;NÃO;classe_exata;1.0;Alta;1470;43.951.875/0001-81;321185;FII;VIC DESENVOLVIMENTO VINTAGE 22/23 FUNDO DE INVESTIMENTO IMOBILIÁRIO;Em Funcionamento Normal;2021-12-14;;BANCO GENIAL S.A.;BTG PACTUAL GESTÃO E CONSULTORIA DE INVESTIMENTOS LTDA;35901726.98;2024-12-31;34673;43.951.875/0001-81;3743;Classes de Cotas de Fundos FII;VIC DESENVOLVIMENTO VINTAGE 22/23 FUNDO DE INVESTIMENTO IMOBILIÁRIO;Em Funcionamento Normal;;Fechado;;37411809.87;2026-03-31;UHY BENDORAYTES & CIA AUDITORES INDEPENDENTES;BANCO GENIAL S.A.;;;;;;;;;;;;sem_inf_diario_202605
VCRI;VCRI11;FII VINCI CR;VINCI CREDIT SECURITIES FUNDO DE INVESTIMENTO IMOBILIÁRIO - RESPONSABILIDADE LIMITADA;NÃO;classe_exata;1.0;Alta;1327;41.081.374/0001-66;321030;FII;VINCI CREDIT SECURITIES FUNDO DE INVESTIMENTO IMOBILIÁRIO - RESPONSABILIDADE LIMITADA;Em Funcionamento Normal;2021-03-23;;BRL TRUST DISTRIBUIDORA DE TITULOS E VALORES MOBILIARIOS S.A.;VINCI GESTORA DE RECURSOS LTDA;191968095.26;2025-07-31;34581;41.081.374/0001-66;13099;Classes de Cotas de Fundos FII;VINCI CREDIT SECURITIES FUNDO DE INVESTIMENTO IMOBILIÁRIO - RESPONSABILIDADE LIMITADA;Em Funcionamento Normal;;Fechado;;195704924.29;2026-03-31;PRICEWATERHOUSECOOPERS AUDITORES INDEPENDENTES LTDA.;BRL TRUST DISTRIBUIDORA DE TITULOS E VALORES MOBILIARIOS S.A.;;;;;;;;;;;;sem_inf_diario_202605
VIUR;VIUR11;FII VINCI IU;VINCI IMÓVEIS URBANOS FUNDO DE INVESTIMENTO IMOBILIÁRIO - RESPONSABILIDADE  LIMITADA;NÃO;classe_exata;1.0;Alta;1181;36.445.587/0001-90;321010;FII;VINCI IMÓVEIS URBANOS FUNDO DE INVESTIMENTO IMOBILIÁRIO - RESPONSABILIDADE  LIMITADA;Em Funcionamento Normal;2021-01-29;;BANCO DAYCOVAL S.A.;VINCI REAL ESTATE GESTORA DE RECURSOS LTDA;235948679.62;2025-05-31;34485;36.445.587/0001-90;8176;Classes de Cotas de Fundos FII;VINCI IMÓVEIS URBANOS FUNDO DE INVESTIMENTO IMOBILIÁRIO - RESPONSABILIDADE  LIMITADA;Em Funcionamento Normal;;Fechado;;206251746.87;2026-03-31;KPMG AUDITORES INDEPENDENTES LTDA.;BANCO DAYCOVAL S.A.;;;;;;;;;;;;sem_inf_diario_202605
VILG;VILG11;FII VINCI LG;VINCI LOGÍSTICA FUNDO DE INVESTIMENTO IMOBILIÁRIO - RESPONSABILIDADE LIMITADA;NÃO;classe_exata;1.0;Alta;830;24.853.044/0001-22;316022;FII;VINCI LOGÍSTICA FUNDO DE INVESTIMENTO IMOBILIÁRIO - RESPONSABILIDADE LIMITADA;Em Funcionamento Normal;2016-05-24;;BRL TRUST DISTRIBUIDORA DE TITULOS E VALORES MOBILIARIOS S.A.;VINCI REAL ESTATE GESTORA DE RECURSOS LTDA;1686285597.34;2025-05-31;34276;24.853.044/0001-22;7846;Classes de Cotas de Fundos FII;VINCI LOGÍSTICA FUNDO DE INVESTIMENTO IMOBILIÁRIO - RESPONSABILIDADE LIMITADA;Em Funcionamento Normal;;Fechado;;1686306976.86;2026-03-31;PRICEWATERHOUSECOOPERS AUDITORES INDEPENDENTES LTDA.;BRL TRUST DISTRIBUIDORA DE TITULOS E VALORES MOBILIARIOS S.A.;;;;;;;;;;;;sem_inf_diario_202605
VIMO;VIMO11;FII VIMO;VINCI MOZAK RESIDENCIAL II FUNDO DE INVESTIMENTO IMOBILIÁRIO - RESPONSABILIDADE LIMITADA;NÃO;classe_exata;1.0;Alta;2048;59.306.587/0001-04;325020;FII;VINCI MOZAK RESIDENCIAL II FUNDO DE INVESTIMENTO IMOBILIÁRIO - RESPONSABILIDADE LIMITADA;Fase Pré-Operacional;2025-02-05;;BRL TRUST DISTRIBUIDORA DE TITULOS E VALORES MOBILIARIOS S.A.;VINCI REAL ESTATE GESTORA DE RECURSOS LTDA;;;35093;59.306.587/0001-04;3956;Classes de Cotas de Fundos FII;VINCI MOZAK RESIDENCIAL II FUNDO DE INVESTIMENTO IMOBILIÁRIO - RESPONSABILIDADE LIMITADA;Fase Pré-Operacional;;;;;;ERNST & YOUNG AUDITORES INDEPENDENTES S/S LTDA.;BRL TRUST DISTRIBUIDORA DE TITULOS E VALORES MOBILIARIOS S.A.;;;;;;;;;;;;sem_inf_diario_202605
VINO;VINO11;FII VINCI OF;VINCI OFFICES FUNDO DE INVESTIMENTO IMOBILIÁRIO - RESPONSABILIDADE LIMITADA;NÃO;classe_exata;1.0;Alta;525;12.516.185/0001-70;313031;FII;VINCI OFFICES FUNDO DE INVESTIMENTO IMOBILIÁRIO - RESPONSABILIDADE LIMITADA;Em Funcionamento Normal;2013-07-24;;BRL TRUST DISTRIBUIDORA DE TITULOS E VALORES MOBILIARIOS S.A.;VINCI REAL ESTATE GESTORA DE RECURSOS LTDA;850746023.48;2025-05-31;34105;12.516.185/0001-70;7757;Classes de Cotas de Fundos FII;VINCI OFFICES FUNDO DE INVESTIMENTO IMOBILIÁRIO - RESPONSABILIDADE LIMITADA;Em Funcionamento Normal;;Fechado;;816535746.28;2026-03-31;PRICEWATERHOUSECOOPERS AUDITORES INDEPENDENTES LTDA.;BRL TRUST DISTRIBUIDORA DE TITULOS E VALORES MOBILIARIOS S.A.;;;;;;;;;;;;sem_inf_diario_202605
VIOL;VIOL11;FII VIOL;VINCI OPORTUNIDADES LOGÍSTICAS FII RESPONSABILIDADE LIMITADA;NÃO;classe_exata;1.0;Alta;1979;57.909.000/0001-26;324189;FII;VINCI OPORTUNIDADES LOGÍSTICAS FII RESPONSABILIDADE LIMITADA;Em Funcionamento Normal;2024-10-30;;BTG PACTUAL SERVIÇOS FINANCEIROS S/A DTVM;VINCI REAL ESTATE GESTORA DE RECURSOS LTDA;;;35037;57.909.000/0001-26;2887;Classes de Cotas de Fundos FII;VINCI OPORTUNIDADES LOGÍSTICAS FII RESPONSABILIDADE LIMITADA;Em Funcionamento Normal;;Fechado;;10578910.42;2026-03-31;ERNST & YOUNG AUDITORES INDEPENDENTES S/S LTDA.;;;;;;;;;;;;;sem_inf_diario_202605
VISC;VISC11;FII VINCI SC;VINCI SHOPPING CENTERS FUNDO DE INVESTIMENTO IMOBILIÁRIO - RESPONSABILIDADE LIMITADA;NÃO;classe_exata;1.0;Alta;677;17.554.274/0001-25;313034;FII;VINCI SHOPPING CENTERS FUNDO DE INVESTIMENTO IMOBILIÁRIO - RESPONSABILIDADE LIMITADA;Em Funcionamento Normal;2013-08-07;;BRL TRUST DISTRIBUIDORA DE TITULOS E VALORES MOBILIARIOS S.A.;VINCI REAL ESTATE GESTORA DE RECURSOS LTDA;3578940234.67;2025-05-31;34181;17.554.274/0001-25;6688;Classes de Cotas de Fundos FII;VINCI SHOPPING CENTERS FUNDO DE INVESTIMENTO IMOBILIÁRIO - RESPONSABILIDADE LIMITADA;Em Funcionamento Normal;;Fechado;;3362434167.27;2026-03-31;KPMG AUDITORES INDEPENDENTES LTDA.;BRL TRUST DISTRIBUIDORA DE TITULOS E VALORES MOBILIARIOS S.A.;;;;;;;;;;;;sem_inf_diario_202605
SPDE;SPDE11;FII WHG F SP;WHG FINVEST SP REALTY FUNDO DE INVESTIMENTO IMOBILIÁRIO - RESPONSABILIDADE LIMITADA;NÃO;classe_exata;1.0;Alta;1454;43.741.150/0001-69;322115;FII;WHG FINVEST SP REALTY FUNDO DE INVESTIMENTO IMOBILIÁRIO - RESPONSABILIDADE LIMITADA;Em Funcionamento Normal;2022-09-14;;XP INVESTIMENTOS CCTVM S.A.;WEALTH HIGH GOVERNANCE ASSET MANAGEMENT LTDA.;122054830.52;2025-05-31;34662;43.741.150/0001-69;11657;Classes de Cotas de Fundos FII;WHG FINVEST SP REALTY FUNDO DE INVESTIMENTO IMOBILIÁRIO - RESPONSABILIDADE LIMITADA;Em Funcionamento Normal;;;;144124508.66;2026-03-31;KPMG AUDITORES INDEPENDENTES LTDA.;OLIVEIRA TRUST DTVM S.A.;;;;;;;;;;;;sem_inf_diario_202605
WHGR;WHGR11;FII WHG REAL;WHG REAL ESTATE FUNDO DE INVESTIMENTO IMOBILIÁRIO - FII RESPONSABILIDADE LIMITADA;NÃO;classe_exata;1.0;Alta;1341;41.256.643/0001-88;321091;FII;WHG REAL ESTATE FUNDO DE INVESTIMENTO IMOBILIÁRIO - FII RESPONSABILIDADE LIMITADA;Em Funcionamento Normal;2021-07-28;;XP INVESTIMENTOS CCTVM S.A.;WEALTH HIGH GOVERNANCE ASSET MANAGEMENT LTDA.;297491718.51;2025-05-31;34591;41.256.643/0001-88;11100;Classes de Cotas de Fundos FII;WHG REAL ESTATE FUNDO DE INVESTIMENTO IMOBILIÁRIO - FII RESPONSABILIDADE LIMITADA;Em Funcionamento Normal;;Fechado;;306595659.00;2026-03-31;ERNST & YOUNG AUDITORES INDEPENDENTES S/S LTDA.;OLIVEIRA TRUST DTVM S.A.;;;;;;;;;;;;sem_inf_diario_202605
XLPR;XLPR11;FII XLPR RI;XLPR FUNDO DE INVESTIMENTO IMOBILIÁRIO - FII - RESPONSABILIDADE LIMITADA;NÃO;classe_exata;1.0;Alta;1144;35.689.733/0001-60;320002;FII;XLPR FUNDO DE INVESTIMENTO IMOBILIÁRIO - FII - RESPONSABILIDADE LIMITADA;Em Funcionamento Normal;2020-01-17;;BRL TRUST DISTRIBUIDORA DE TITULOS E VALORES MOBILIARIOS S.A.;IGUANA INVESTIMENTOS LTDA.;43528277.60;2025-05-31;34458;35.689.733/0001-60;8044;Classes de Cotas de Fundos FII;XLPR FUNDO DE INVESTIMENTO IMOBILIÁRIO - FII - RESPONSABILIDADE LIMITADA;Em Funcionamento Normal;;Fechado;;39667248.20;2026-03-31;BAKER TILLY 4PARTNERS AUDITORES INDEPENDENTES LTDA.;BRL TRUST DISTRIBUIDORA DE TITULOS E VALORES MOBILIARIOS S.A.;;;;;;;;;;;;sem_inf_diario_202605
XPCM;XPCM11;FII XP MACAE;XP CORPORATE MACAÉ FUNDO DE INVESTIMENTO IMOBILIÁRIO DE RESPONSABILIDADE LIMITADA;NÃO;classe_exata;1.0;Alta;630;16.802.320/0001-03;313008;FII;XP CORPORATE MACAÉ FUNDO DE INVESTIMENTO IMOBILIÁRIO DE RESPONSABILIDADE LIMITADA;Em Funcionamento Normal;2013-03-06;;OSLO CAPITAL DISTRIBUIDORA DE TITULOS E VALORES MOBILIARIOS S.A.;;64184741.33;2025-05-31;34163;16.802.320/0001-03;9385;Classes de Cotas de Fundos FII;XP CORPORATE MACAÉ FUNDO DE INVESTIMENTO IMOBILIÁRIO DE RESPONSABILIDADE LIMITADA;Em Funcionamento Normal;;;;49216548.93;2026-03-31;CLA - CLIFTON LARSON ALLEN BRASIL AUDITORES INDEPENDENTES LTDA;;;;;;;;;;;;;sem_inf_diario_202605
XPCI;XPCI11;FII XP CRED;XP CRÉDITO IMOBILIÁRIO - FUNDO DE INVESTIMENTO IMOBILIÁRIO;NÃO;classe_exata;1.0;Alta;935;28.516.301/0001-91;319039;FII;XP CRÉDITO IMOBILIÁRIO - FUNDO DE INVESTIMENTO IMOBILIÁRIO;Em Funcionamento Normal;2019-07-31;;XP INVESTIMENTOS CCTVM S.A.;XP VISTA ASSET MANAGEMENT LTDA.;770154781.99;2025-05-31;34318;28.516.301/0001-91;10413;Classes de Cotas de Fundos FII;XP CRÉDITO IMOBILIÁRIO - FUNDO DE INVESTIMENTO IMOBILIÁRIO;Em Funcionamento Normal;;Fechado;;771385565.95;2026-03-31;PRICEWATERHOUSECOOPERS AUDITORES INDEPENDENTES LTDA.;OLIVEIRA TRUST DTVM S.A.;nome_fuzzy_0.86;48.410.852/0001-83;CANCELADA;;;;;;;;;sem_inf_diario_202605
XPLG;XPLG11;FII XP LOG;XP LOG FUNDO DE INVESTIMENTO IMOBILIÁRIO RESPONSABILIDADE LIMITADA - FII;NÃO;classe_exata;1.0;Alta;858;26.502.794/0001-85;318019;FII;XP LOG FUNDO DE INVESTIMENTO IMOBILIÁRIO RESPONSABILIDADE LIMITADA - FII;Em Funcionamento Normal;2018-04-26;;XP INVESTIMENTOS CCTVM S.A.;XP VISTA ASSET MANAGEMENT LTDA.;3351014684.39;2025-05-31;34287;26.502.794/0001-85;10103;Classes de Cotas de Fundos FII;XP LOG FUNDO DE INVESTIMENTO IMOBILIÁRIO RESPONSABILIDADE LIMITADA - FII;Em Funcionamento Normal;;Fechado;;4453904859.53;2026-03-31;PRICEWATERHOUSECOOPERS AUDITORES INDEPENDENTES LTDA.;OLIVEIRA TRUST DTVM S.A.;;;;;;;;;;;;sem_inf_diario_202605
XPML;XPML11;FII XP MALLS;XP MALLS FUNDO DE INVESTIMENTO IMOBILIÁRIO FII;NÃO;classe_exata;1.0;Alta;943;28.757.546/0001-00;317077;FII;XP MALLS FUNDO DE INVESTIMENTO IMOBILIÁRIO FII;Em Funcionamento Normal;2017-10-04;;XP INVESTIMENTOS CCTVM S.A.;XP VISTA ASSET MANAGEMENT LTDA.;6658984551.32;2025-05-31;34324;28.757.546/0001-00;9970;Classes de Cotas de Fundos FII;XP MALLS FUNDO DE INVESTIMENTO IMOBILIÁRIO FII;Em Funcionamento Normal;;Fechado;;7090332563.62;2026-03-31;PRICEWATERHOUSECOOPERS AUDITORES INDEPENDENTES LTDA.;BANCO BTG PACTUAL S/A;;;;;;;;;;;;sem_inf_diario_202605
XPSF;XPSF11;FII XP SELEC;XP SELECTION FUNDO DE FUNDOS DE INVESTIMENTO IMOBILIÁRIO - FII;NÃO;classe_exata;1.0;Alta;1000;30.983.020/0001-90;319029;FII;XP SELECTION FUNDO DE FUNDOS DE INVESTIMENTO IMOBILIÁRIO - FII;Em Funcionamento Normal;2019-07-02;;XP INVESTIMENTOS CCTVM S.A.;XP VISTA ASSET MANAGEMENT LTDA.;334219128.74;2025-05-31;34366;30.983.020/0001-90;10405;Classes de Cotas de Fundos FII;XP SELECTION FUNDO DE FUNDOS DE INVESTIMENTO IMOBILIÁRIO - FII;Em Funcionamento Normal;;Fechado;;348516569.78;2026-03-31;PRICEWATERHOUSECOOPERS AUDITORES INDEPENDENTES LTDA.;OLIVEIRA TRUST DTVM S.A.;;;;;;;;;;;;sem_inf_diario_202605
YUFI;YUFI11;FII YUCA;YUCA FUNDO DE INVESTIMENTO IMOBILIÁRIO RESPONSABILIDADE LIMITADA;NÃO;classe_exata;1.0;Alta;1180;36.445.551/0001-06;320061;FII;YUCA FUNDO DE INVESTIMENTO IMOBILIÁRIO RESPONSABILIDADE LIMITADA;Em Funcionamento Normal;2020-07-31;;BRL TRUST DISTRIBUIDORA DE TITULOS E VALORES MOBILIARIOS S.A.;BRL TRUST DISTRIBUIDORA DE TITULOS E VALORES MOBILIARIOS S.A.;52280053.49;2025-04-30;34484;36.445.551/0001-06;6092;Classes de Cotas de Fundos FII;YUCA FUNDO DE INVESTIMENTO IMOBILIÁRIO RESPONSABILIDADE LIMITADA;Em Funcionamento Normal;;Fechado;;22467678.33;2026-03-31;BAKER TILLY 4PARTNERS AUDITORES INDEPENDENTES LTDA.;BRL TRUST DISTRIBUIDORA DE TITULOS E VALORES MOBILIARIOS S.A.;;;;;;;;;;;;sem_inf_diario_202605
ZAGH;ZAGH11;FII ZAGH;ZAGROS MULTIESTRATÉGIA FUNDO DE INVESTIMENTO IMOBILIÁRIO RESPONSABILIDADE LIMITADA;NÃO;classe_exata;1.0;Alta;1523;45.188.066/0001-95;322121;FII;ZAGROS MULTIESTRATÉGIA FUNDO DE INVESTIMENTO IMOBILIÁRIO RESPONSABILIDADE LIMITADA;Em Funcionamento Normal;2022-09-26;;QI CORRETORA DE TÍTULOS E VALORES MOBILIÁRIOS S.A.;ZAGROS CAPITAL GESTAO DE RECURSOS S.A;80888876.47;2025-03-31;34709;45.188.066/0001-95;5169;Classes de Cotas de Fundos FII;ZAGROS MULTIESTRATÉGIA FUNDO DE INVESTIMENTO IMOBILIÁRIO RESPONSABILIDADE LIMITADA;Em Funcionamento Normal;;Fechado;;82413743.95;2026-03-31;;BANCO BTG PACTUAL S/A;;;;;;;;;;;;sem_inf_diario_202605
GGRC;GGRC11;FII GGR ZAG;ZAGROS RENDA IMOBILIÁRIA FUNDO DE INVESTIMENTO IMOBILIÁRIO RESPONSABILIDADE LIMITADA;NÃO;classe_exata;1.0;Alta;862;26.614.291/0001-00;317003;FII;ZAGROS RENDA IMOBILIÁRIA FUNDO DE INVESTIMENTO IMOBILIÁRIO RESPONSABILIDADE LIMITADA;Em Funcionamento Normal;2017-01-11;;VORTX DISTRIBUIDORA DE TITULOS E VALORES MOBILIARIOS LTDA.;ZAGROS CAPITAL GESTAO DE RECURSOS S.A;1198307235.87;2024-09-30;34290;26.614.291/0001-00;1937;Classes de Cotas de Fundos FII;ZAGROS RENDA IMOBILIÁRIA FUNDO DE INVESTIMENTO IMOBILIÁRIO RESPONSABILIDADE LIMITADA;Em Funcionamento Normal;;Fechado;;2390502948.18;2026-03-31;RSM BRASIL AUDITORES INDEPENDENTES LTDA.;VORTX DISTRIBUIDORA DE TITULOS E VALORES MOBILIARIOS LTDA.;;;;;;;;;;;;sem_inf_diario_202605
ZAVC;ZAVC11;FII ZAVIT C;ZAVIT CRÉDITO IMOBILIÁRIO FUNDO DE INVESTIMENTO IMOBILIÁRIO - RESPONSABILIDADE LIMITADA;NÃO;classe_exata;1.0;Alta;1708;52.101.897/0001-43;323112;FII;ZAVIT CRÉDITO IMOBILIÁRIO FUNDO DE INVESTIMENTO IMOBILIÁRIO - RESPONSABILIDADE LIMITADA;Em Funcionamento Normal;2023-09-06;;VORTX DISTRIBUIDORA DE TITULOS E VALORES MOBILIARIOS LTDA.;ZAVIT GESTÃO DE RECURSOS LTDA.;30949782.45;2025-05-31;34830;52.101.897/0001-43;11835;Classes de Cotas de Fundos FII;ZAVIT CRÉDITO IMOBILIÁRIO FUNDO DE INVESTIMENTO IMOBILIÁRIO - RESPONSABILIDADE LIMITADA;Em Funcionamento Normal;;Fechado;;36454150.83;2026-03-31;ECOVIS WFA AUDITORES INDEPENDENTES S/S;VORTX DISTRIBUIDORA DE TITULOS E VALORES MOBILIARIOS LTDA.;;;;;;;;;;;;sem_inf_diario_202605
ZAVI;ZAVI11;FII ZAVIT R;ZAVIT REAL ESTATE FUND - FUNDO DE INVESTIMENTO IMOBILIÁRIO - RESPONSABILIDADE LIMITADA;NÃO;classe_exata;1.0;Alta;1301;40.575.940/0001-23;321052;FII;ZAVIT REAL ESTATE FUND - FUNDO DE INVESTIMENTO IMOBILIÁRIO - RESPONSABILIDADE LIMITADA;Em Funcionamento Normal;2021-05-20;;VORTX DISTRIBUIDORA DE TITULOS E VALORES MOBILIARIOS LTDA.;ZAVIT GESTÃO DE RECURSOS LTDA.;152489535.79;2025-05-31;34565;40.575.940/0001-23;11010;Classes de Cotas de Fundos FII;ZAVIT REAL ESTATE FUND - FUNDO DE INVESTIMENTO IMOBILIÁRIO - RESPONSABILIDADE LIMITADA;Em Funcionamento Normal;;Fechado;;160171876.16;2026-03-31;ECOVIS WFA AUDITORES INDEPENDENTES S/S;VORTX DISTRIBUIDORA DE TITULOS E VALORES MOBILIARIOS LTDA.;;;;;;;;;;;;sem_inf_diario_202605
ZIFI;ZIFI11;FII ZION;ZION CAPITAL FUNDO DE INVESTIMENTO IMOBILIÁRIO - FII RESPONSABILIDADE LIMITADA;NÃO;classe_exata;1.0;Alta;1158;35.820.768/0001-96;320024;FII;ZION CAPITAL FUNDO DE INVESTIMENTO IMOBILIÁRIO - FII RESPONSABILIDADE LIMITADA;Em Funcionamento Normal;2020-03-09;;TRUSTEE DISTRIBUIDORA DE TITULOS E VALORES MOBILIARIOS LTDA.;ZION GESTAO DE RECURSOS LTDA;84061956.93;2025-05-31;34470;35.820.768/0001-96;10588;Classes de Cotas de Fundos FII;ZION CAPITAL FUNDO DE INVESTIMENTO IMOBILIÁRIO - FII RESPONSABILIDADE LIMITADA;Em Funcionamento Normal;;Fechado;;83318092.58;2026-03-31;RSM BRASIL AUDITORES INDEPENDENTES LTDA.;TRUSTEE DISTRIBUIDORA DE TITULOS E VALORES MOBILIARIOS LTDA.;;;;;;;;;;;;sem_inf_diario_202605
